tree
version=v4
num_class=1
num_tree_per_iteration=1
label_index=0
max_feature_idx=15
objective=binary sigmoid:1
feature_names=name_jaccard name_jaro_winkler name_lev_ratio name_token_sort_ratio name_common_tokens name_exact_core name_len_diff addr_jaccard addr_lev_ratio addr_house_match addr_pin_match addr_locality_match addr_len_diff same_country block_score is_source2
feature_infos=[0:1] [0:1] [0:1] [0:1] [0:8] [0:1] [0:71] [0:1] [0:1] [0:1] [0:1] [0:1] [0:156] none [1:46.120877544721793] [0:1]
tree_sizes=3258 3354 3349 3376 3403 3374 3379 3383 3377 3384 3383 3398 3384 3392 3391 3409 3410 3390 3397 3390 3392 3413 3399 3421 3403 3398 3419 3429 3404 3416 3414 3422 3437 3426 3437 3423 3415 3408 3425 3426 3427 3436 3443 3444 3444 3439 3431 3437 3423 3437 3417 3455 3426 3437 3462 3444 3449 3428 3409 3400 3414 3414 3398 3400 3409 3455 3390 3455 3434 3462 3409 3461 3434 3438 3444 3438 3432 3456 3452 3442 3487 3466 3413 3498 3459 3501 3482 3458 3465 3460 3503 3477 3481 3445 3434 3451 3460 3481 3455 3449

Tree=0
num_leaves=31
num_cat=0
split_feature=7 8 3 7 3 7 3 1 12 12 14 6 0 12 7 1 7 14 2 14 3 7 6 1 12 14 14 14 12 7
split_gain=4.31596e+06 251828 90876.6 80922.1 110915 44226.4 99727.8 13836 8417.14 17511.8 5128.96 9023.28 10245.9 4664.98 23398.3 3537.91 17368.9 864.631 655.766 742.978 643.707 3899.04 9329.48 504.234 1280.79 3462.23 438.547 918.554 410.374 1047.2
threshold=0.20942982456140355 1.0000000180025095e-35 0.74322344322344336 0.2817460317460318 0.79772727272727284 0.1526806526806527 0.9194594594594595 0.85053191489361712 55.500000000000007 57.500000000000007 17.731989448711584 1.5000000000000002 0.47222222222222227 60.500000000000007 0.12310606060606062 0.721000565291125 0.37171052631578955 16.504247203347013 0.93649193548387111 16.504247203347013 0.63438086303939978 0.57738095238095244 5.5000000000000009 0.94868421052631591 39.500000000000007 15.06563971653374 11.395053019537224 13.48939424335123 6.5000000000000009 0.93933823529411775
decision_type=2 2 2 2 2 2 2 2 2 2 2 2 2 2 2 2 2 2 2 2 2 2 2 2 2 2 2 2 2 2
left_child=1 2 8 4 -2 13 -7 -4 -1 -10 11 23 -13 -3 -15 16 -5 -16 19 -6 21 22 -17 -9 25 -25 -26 -28 29 -18
right_child=3 5 7 15 18 6 -8 10 9 -11 -12 12 -14 14 17 20 28 -19 -20 -21 -22 -23 -24 24 26 -27 27 -29 -30 -31
leaf_value=-4.9644656895848929 -4.9644656895848929 -4.9644656895848929 -4.9644656895848929 -4.9644656895848929 4.6301931469730819 -4.9644656895848929 7.6767076492009734 7.8887163266491838 6.7403349583856089 -4.9644656895848929 7.6920580071595444 7.7924389885024068 -4.9644656895848929 -4.9644656895848929 4.316474126708953 7.7448391785543533 4.5764420490698052 8.1864696806653043 8.0005425111003845 7.6506973194052881 8.1503976308707209 8.1302938152809112 -4.9644656895848929 -4.9644656895848929 7.9864579407108698 6.2030711791615429 4.1671841780679513 7.466536553045608 8.0358883301528614 8.1864696806653079
leaf_weight=10.052516527473925 11.489676605910065 536.85913152247667 1.0721670426428342 1.2090394310653199 1.3497262597084057 19.314214810729027 9.2199880294501799 2.015090577304365 2.2127951383590689 3.026400588452816 17.394410662353039 1.0151493102312081 1.6576767042279241 11.634153015911577 1.3953503891825669 2.0379026420414479 1.3573302812874299 0.98473322391509999 13.983969695866108 2.0531106851994991 518.40689459070563 17.801238246262074 0.80602628737688053 0.36499303579330433 1.9998825341463087 1.1596257202327249 1.4181624539196493 2.0835267715156078 7.9691140502691269 1.9694664478302002
leaf_count=1322 1511 70602 141 159 49 2540 56 8 34 398 103 5 218 1530 55 11 50 1 40 13 712 28 106 48 6 24 58 17 20 2
internal_value=1.611 -4.15622 3.0097 7.81985 2.65948 -4.71861 -0.879842 6.19182 -3.27072 -0.0208966 6.60274 4.9852 -0.119346 -4.91745 -3.11632 8.09002 6.42717 5.91764 7.69759 6.45262 8.12859 7.581 4.14277 6.49423 6.0943 3.52957 6.80505 6.13032 7.64645 6.71358
internal_weight=1205.31 624.88 45.4724 580.433 28.8765 579.408 28.5342 30.1807 15.2917 5.2392 29.1085 11.7141 2.67283 550.873 14.0142 551.557 12.505 2.38008 17.3868 3.40284 539.052 20.6452 2.84393 9.04128 7.02619 1.52462 5.50157 3.50169 11.2959 3.3268
internal_count=79867 77166 2382 2701 1613 74784 2596 628 1754 432 487 384 223 72188 1586 1088 231 56 102 62 857 145 117 161 153 72 81 75 72 52
is_linear=0
shrinkage=1


Tree=1
num_leaves=31
num_cat=0
split_feature=8 14 3 12 0 14 7 9 0 3 4 7 6 14 2 3 7 11 7 6 3 7 7 1 3 15 14 2 12 12
split_gain=2054.71 4717.04 2541.58 7230.67 5898.44 8664.53 2156.99 1141.55 850.346 2187.37 3563.61 1770.83 1663.19 3061.13 5464.48 1171.43 1304.69 1477.59 4180.07 4516.86 2539.88 1218.7 1152.48 947.658 882.383 739.182 1918.38 736.519 1074.74 1033.91
threshold=1.0000000180025095e-35 15.126916844971646 0.87026647966339421 32.500000000000007 0.64583333333333337 18.143056102308858 0.20942982456140355 1.0000000180025095e-35 0.26136363636363641 0.90595518867924552 2.5000000000000004 0.37171052631578955 10.500000000000002 24.643985043267573 0.44033898305084751 0.71516754850088204 0.74456521739130443 1.0000000180025095e-35 0.2817460317460318 1.0000000180025095e-35 0.79772727272727284 0.2817460317460318 0.26201372997711675 0.68243189102564117 0.58578637510513054 1.0000000180025095e-35 13.889830757280734 0.87026647966339421 71.500000000000014 70.500000000000014
decision_type=2 2 2 2 2 2 2 2 2 2 2 2 2 2 2 2 2 2 2 2 2 2 2 2 2 2 2 2 2 2
left_child=1 27 -3 4 -4 -6 -2 8 11 10 15 -8 13 14 -12 21 17 -17 20 -20 -19 -10 -11 -13 -23 -26 -27 -1 29 -29
right_child=6 2 3 -5 5 -7 7 -9 9 22 12 23 -14 -15 -16 16 -18 18 19 -21 -22 24 -24 -25 25 26 -28 28 -30 -31
leaf_value=-0.37185954692131329 -0.11906583677061772 -2.8393179285083114 -1.3038270567954584 -4.0961343697771406 -19.208009215908728 -68.130320674186578 -0.11805038045439331 0.018006979417734673 -0.10069816689090116 -5.5507111632779855 -3.2147858987500424 -11.120159377738119 -2.5366776975269119 -7.8595334066738021 -43.363074887516433 -2.2446078585505926 -0.36491169293675141 -0.10069816689090094 -1.1573862066391436 -31.240783012340298 -10.353386713380514 -1.3383772341427542 -0.32273871286553696 -2.2629173594227585 -1.9451165432837705 -3.7522093457007055 -17.085478530550706 -3.6353285922823724 -6.5353625771930766 0.10154958124574927
leaf_weight=14.040059290826326 517.11454261644394 1.137104223074856 0.073200603364966699 0.57227758009685203 0.10890579107217491 0.054228064196649939 8.6414811677532271 9.838274305482626 3.33243873529136 0.44241956766927693 0.061166323313955995 0.22279288523714136 0.23331423953641206 0.35211653279839084 0.076053659722674638 1.0727394829445989 0.86032503156457085 0.55081631988286972 0.079528116766596213 0.13401024500490166 0.4304423276335001 0.95754801246221155 8.9883893661899474 0.2638586295361165 0.29608066513901576 0.31652205911814235 0.16372923625749536 1.1951201895717527 0.45203460357151914 1.9459598064422607
leaf_count=2015 74784 142 4 34 24 38 1080 240 484 35 5 25 20 37 38 62 27 80 3 45 45 82 278 26 17 31 39 95 31 1
internal_value=-0.207604 -1.21441 -5.88709 -10.173 -24.8879 -35.4705 -0.17205 -0.906324 -1.2373 -1.6297 -2.75259 -0.448582 -9.48435 -12.797 -25.4668 -2.15892 -3.68061 -4.93862 -7.35743 -20.0368 -4.59818 -1.21944 -0.567994 -6.31783 -3.36962 -5.87501 -8.29784 -0.698807 -1.97635 -1.32026
internal_weight=574.007 19.5789 1.94572 0.808612 0.236334 0.163134 554.429 37.314 27.4758 18.3476 8.91683 9.12813 0.722651 0.489337 0.13722 8.19418 3.12786 2.26754 1.1948 0.213538 0.981259 5.06632 9.43081 0.486652 1.73388 0.776332 0.480251 17.6332 3.59311 3.14108
internal_count=79867 2384 242 100 66 62 77483 2699 2459 1328 1015 1131 100 80 43 915 262 235 173 48 125 653 313 51 169 87 70 2142 127 96
is_linear=0
shrinkage=0.1


Tree=2
num_leaves=31
num_cat=0
split_feature=7 14 14 7 8 7 8 11 12 7 2 11 7 4 14 8 8 12 7 7 12 8 12 3 1 14 0 8 14 7
split_gain=4101.51 9143.04 16762.6 45611.1 10051.5 8593.12 75855.6 3546.27 35768.4 90811.8 614 793.737 543.134 272.369 1284.29 12719.2 91342.4 232.19 1924.86 761.582 417.228 1438.13 416.295 183.837 79.5143 66.4133 61.7331 61.1355 91.0682 48.4354
threshold=0.29705882352941182 22.522374801770173 21.311442682178001 0.65686274509803932 0.17623529411764713 0.33974358974358981 0.55753467843631788 1.0000000180025095e-35 7.5000000000000009 0.60555555555555574 0.94590643274853814 1.0000000180025095e-35 0.1526806526806527 2.5000000000000004 18.143056102308858 0.28959665518937538 0.14342857142857149 55.500000000000007 0.12310606060606062 0.1526806526806527 57.500000000000007 1.0000000180025095e-35 61.500000000000007 0.65261756876663723 0.6671171171171173 13.48939424335123 0.38750000000000007 1.0000000180025095e-35 22.026795727505853 0.2817460317460318
decision_type=2 2 2 2 2 2 2 2 2 2 2 2 2 2 2 2 2 2 2 2 2 2 2 2 2 2 2 2 2 2
left_child=10 2 4 -4 -2 6 26 -7 23 -10 17 13 -13 25 15 16 -15 27 20 22 21 -19 -20 24 -9 -12 -6 28 -1 -29
right_child=1 -3 3 -5 5 7 -8 8 9 -11 11 12 -14 14 -16 -17 -18 18 19 -21 -22 -23 -24 -25 -26 -27 -28 29 -30 -31
leaf_value=-0.23645880255123797 9.8442443383261757 0.15580284946313133 27.050678090611463 -0.010429243913526617 -0.24568936603413022 -0.065976784086334339 66.564179575832014 -0.75900085207798507 52.118179188174281 -0.18364234324837861 -0.08396059705974053 -0.10061980307448433 -3.631522789658415 82.373252006849384 0.059684965436907461 0.10688725557301602 -0.29765517337596953 -6.1555006418799767 -1.5798701385270992 -0.06378913223565183 -0.056653950843100979 -0.10061980307448426 -6.7513723247652768 0.0048798162109170715 -2.4623806688754857 0.068425154867730112 -1.7963341851391417 -0.10147519775455688 -1.1442152329106194 -0.75349085774748659
leaf_weight=13.329911772559852 1.3084665157803943 234.83701116811721 0.94977081892653714 1.8094570573884996 0.841104714306948 24.043897644282204 0.19447889546732255 0.90816160271080615 0.48387867052794731 1.0575069899587888 39.143718958483078 0.79584184568375238 0.96255426562856883 0.15588839666656606 47.014263921999373 9.5511313113383949 0.93684230797225609 0.5120075694576437 0.19682375015690812 0.3263903513434343 18.480186330300057 1.6773897362872956 0.7442131033167243 8.3727723860611061 0.392479262460256 106.17828153277424 0.36953812848613332 429.91451395615837 1.2050788651395112 1.1423503344058747
leaf_count=1588 17 217 27 30 100 261 38 33 38 27 2241 130 36 29 762 14 143 38 28 46 2249 274 51 133 36 1329 30 69791 33 98
internal_value=0.0707843 0.395693 1.77878 9.30444 1.23193 0.924572 8.59346 0.618953 2.0874 16.2352 -0.0623988 0.082018 -2.03345 0.100344 0.284246 1.27614 11.4961 -0.125641 -0.443253 -4.22607 -0.211297 -1.5166 -5.66972 -0.166939 -1.27301 0.0273788 -0.71901 -0.110005 -0.31172 -0.103203
internal_weight=947.836 275.569 40.7315 2.75923 37.9723 36.6638 1.40512 35.2587 11.2148 1.54139 672.267 204.739 1.7584 202.98 57.6581 10.6439 1.09273 467.529 21.937 1.26743 20.6696 2.1894 0.941037 9.67341 1.30064 145.322 1.21064 445.592 14.535 431.057
internal_count=79867 987 770 57 713 696 168 528 267 65 78880 4684 166 4518 948 186 172 74196 2686 125 2561 312 79 202 69 3570 130 71510 1621 69889
is_linear=0
shrinkage=0.1


Tree=3
num_leaves=31
num_cat=0
split_feature=7 8 14 12 7 3 8 8 7 11 14 8 0 8 1 7 7 2 7 3 7 6 1 6 3 2 14 4 14 8
split_gain=2467.93 10158.1 800.369 348.213 134.908 680.698 1139.97 1497.39 416.034 1249.16 1723.6 1558.46 371.572 901.374 212.99 509.987 176.275 130.725 122.954 2388.34 1359.89 109.233 74.7752 67.2117 49.9229 61.6817 54.6057 45.312 76.3916 1541.85
threshold=0.93933823529411775 0.70483682983682994 24.643985043267573 51.500000000000007 0.26969696969696971 0.47690120824449184 0.55753467843631788 0.77871939736346529 0.44949494949494956 1.0000000180025095e-35 16.759492328421114 0.46702898550724642 0.31666666666666671 0.51818783068783081 0.68591269841269853 0.324561403508772 0.21240601503759401 0.45368782161235 0.1526806526806527 0.92718275008837059 0.19677419354838713 3.5000000000000004 0.7593103448275863 4.5000000000000009 0.61633428300094983 0.44033898305084751 13.48939424335123 2.5000000000000004 18.143056102308858 0.07784992784992785
decision_type=2 2 2 2 2 2 2 2 2 2 2 2 2 2 2 2 2 2 2 2 2 2 2 2 2 2 2 2 2 2
left_child=2 -2 3 4 16 6 -6 -8 9 23 12 -12 13 17 -14 21 18 -11 27 -20 -21 -16 -5 -7 25 -24 -26 -1 29 -29
right_child=1 -3 -4 22 5 8 7 -9 -10 10 11 -13 14 -15 15 -17 -18 -19 19 20 -22 -23 24 -25 26 -27 -28 28 -30 -31
leaf_value=-0.096078143045321945 9.7061431811336387 0.10017468626092751 0.13372103319514592 -0.15409917418524266 -0.53379814563613237 -0.057978543518370111 -16.115899094914084 -1.7337317543115749 -0.057483837703500323 -1.1901099621021412 -2.7570646866776016 -23.34237107199705 -0.36845904604848262 -16.069503877928607 -2.8700990312919941 -8.0091590186826647 0.058173135297842654 -5.9671693594569826 -0.11351191703573781 -11.114945089403856 -2.3061915895565384 0.066115663491750812 -0.14033448803039053 -0.76977793027514951 -0.10986351044324245 0.17303643022885618 0.084171714108153356 -11.023019449851626 -0.12580210380850843 -0.30506263640231907
leaf_weight=389.63101412888204 1.3377162883672316 6.2173054330050945 267.84122625501186 14.367151439306324 0.61348623923553347 5.6177740098706233 0.13010111493349541 0.16320001096755732 34.441784189564977 0.17969928801176094 0.070486771874129939 0.076902248104907256 0.7458042075088156 0.062496579077560455 0.24228945425934562 0.14779154644081172 67.606653543771245 0.084090952246096085 14.266008984355718 0.30312653980217952 0.41546458256198093 0.26558025198584373 6.9460697668837375 1.7366594328227467 21.091042494954308 65.615040308679454 46.436660950024361 0.13642307252956953 22.658628435689025 8.3125935164280218
leaf_count=67007 21 89 694 1365 117 67 47 5 391 42 6 36 19 34 36 32 1410 19 2567 35 14 23 836 43 1079 171 240 72 1810 1540
internal_value=0.000659914 1.80104 -0.0133597 -0.0694478 -0.106832 -0.273569 -2.9854 -8.1133 -0.217261 -0.813496 -3.11746 -13.4977 -2.23195 -5.27124 -1.52435 -2.83915 -0.0920649 -2.71294 -0.115376 -0.396857 -6.02203 -1.33466 0.0631673 -0.226061 0.0854496 0.143038 0.0235684 -0.105351 -0.221494 -0.478121
internal_weight=977.76 7.55502 970.205 702.364 547.908 44.5781 0.906787 0.293301 43.6714 9.22957 1.87514 0.147389 1.72775 0.326287 1.40147 0.655661 503.33 0.26379 435.723 14.9846 0.718591 0.50787 154.456 7.35443 140.089 72.5611 67.5277 420.739 31.1076 8.44902
internal_count=79867 110 79757 79063 75372 917 169 52 748 357 247 42 205 95 110 91 74455 61 73045 2616 49 59 3691 110 2326 1007 1319 70429 3422 1612
is_linear=0
shrinkage=0.1


Tree=4
num_leaves=31
num_cat=0
split_feature=7 15 14 14 1 8 12 9 7 7 2 8 14 0 12 7 3 11 12 7 1 3 11 6 3 14 0 4 14 8
split_gain=3113.17 12411.5 1181.84 1195.45 1400.89 504.116 230.891 229.428 110.022 1276.16 5466.29 21315.5 39269.3 15151.2 194.389 73.5517 73.5314 178.632 122.473 72.0232 64.5799 56.4277 46.6304 45.2896 51.9329 45.8923 38.5393 33.7333 87.2052 3990.45
threshold=0.93933823529411775 1.0000000180025095e-35 20.614721096663278 21.311442682178001 0.99180327868852469 0.85023364485981323 51.500000000000007 1.0000000180025095e-35 0.28991596638655465 0.37171052631578955 0.59417229729729737 0.49193338537600839 10.349064070262084 0.27922077922077926 15.500000000000002 0.42261904761904767 0.59675307672165501 1.0000000180025095e-35 4.5000000000000009 0.21240601503759401 0.7593103448275863 0.85215543412264738 1.0000000180025095e-35 7.5000000000000009 0.61633428300094983 13.314060164286476 0.38750000000000007 2.5000000000000004 18.143056102308858 0.087167581257914753
decision_type=2 2 2 2 2 2 2 2 2 2 2 2 2 2 2 2 2 2 2 2 2 2 2 2 2 2 2 2 2 2
left_child=2 -2 6 4 -4 15 7 8 19 10 11 14 -13 -14 -10 21 17 -11 -19 27 -8 -5 -21 24 -22 -26 -12 -1 29 -29
right_child=1 -3 3 5 -6 -7 20 -9 9 16 26 12 13 -15 -16 -17 -18 18 -20 22 23 -23 -24 -25 25 -27 -28 28 -30 -31
leaf_value=-0.09759342939273237 11.950124602380209 0.078081343433340208 -0.15594562098983131 -0.26050166756320675 2.3991529263746529 0.52565551189893422 -0.15154824839139602 0.15246296487231631 -0.66243184036526737 -0.070441176189270857 -0.29628728451596387 -26.667923461308277 -123.80090630605832 -355.53801040054537 -7.7238660009749154 0.14127684847366098 -0.071604142768729118 -0.76578896703772337 -3.2674218070077488 0.072241494871482154 0.15793708775607207 0.051081135733854692 -0.16130686356591908 -0.14238403427944954 -0.14661991535460764 0.072148008447202289 -1.2321398542989406 -40.708056777421604 -0.055429173779761823 -0.3762782688896229
leaf_weight=369.59032136566907 1.0928515253482203 4.5337663678103741 3.6809273277804646 6.3243593164772127 5.1452099551388528 32.318331065593156 13.207979283761231 38.251972609471522 0.15752434447650573 1.7573962014958038 0.95779151220909031 0.037639726642549706 0.0056588236186780813 0.0056266753958402402 0.051804634786225906 188.30162069468625 28.068023787245817 0.43979722863012272 0.35260337091853078 40.220473394030698 64.468017274979502 71.782070056564621 10.856622348628155 8.5519122697878611 11.948595020541687 48.556447289671269 0.81402059410267391 0.024625855745457836 9.6590318246744555 6.4150739992037416
leaf_count=69463 17 93 174 648 78 50 1365 120 57 12 10 36 11 32 21 144 264 29 23 119 193 1060 1435 1156 720 245 31 76 625 1560
internal_value=0.0386061 2.38397 0.0248877 0.186571 1.33355 0.152682 -0.0510997 -0.083034 -0.102224 -0.2793 -2.70734 -16.2991 -75.7245 -239.339 -2.40999 0.107436 -0.118313 -0.632477 -1.87897 -0.088988 0.0593864 0.025852 0.0225999 0.0802515 0.0954865 0.0289455 -0.726244 -0.103766 -0.245468 -0.53051
internal_weight=967.578 5.62662 961.951 307.553 8.82614 298.726 654.399 507.666 469.414 32.6479 2.03007 0.258254 0.0489252 0.0112855 0.209329 266.408 30.6178 2.5498 0.792401 436.766 146.733 78.1064 51.0771 133.525 124.973 60.505 1.77181 385.689 16.0987 6.4397
internal_count=79867 110 79757 2154 252 1902 77603 73924 73804 526 198 157 79 43 78 1852 328 64 52 73278 3679 1708 1554 2314 1158 965 41 71724 2261 1636
is_linear=0
shrinkage=0.1


Tree=5
num_leaves=31
num_cat=0
split_feature=7 8 14 8 12 9 7 7 1 2 7 4 14 8 2 6 3 14 8 14 12 7 7 8 7 7 11 12 8 7
split_gain=4117.46 16449.8 868.659 532.004 186.594 189.974 119.164 174.41 55.7242 50.6084 47.5256 91.04 672.766 7153.88 18616.3 38.9836 43.2621 38.3295 36.4101 56.0325 94.6936 331.088 416.441 312.145 48.0054 107.26 302.765 650.725 784.747 58.9026
threshold=0.93933823529411775 0.96076923076923093 20.614721096663278 0.85023364485981323 51.500000000000007 1.0000000180025095e-35 0.18019480519480521 0.18634259259259262 0.7593103448275863 0.79361054766734296 0.21240601503759401 2.5000000000000004 18.143056102308858 0.1502688172043011 0.85329985652797713 7.5000000000000009 0.61633428300094983 13.48939424335123 0.44076909057772928 18.143056102308858 17.500000000000004 0.8047619047619049 0.324561403508772 0.77871939736346529 0.54195804195804198 0.29705882352941182 1.0000000180025095e-35 7.5000000000000009 0.44504830917874399 0.37797619047619052
decision_type=2 2 2 2 2 2 2 2 2 2 2 2 2 2 2 2 2 2 2 2 2 2 2 2 2 2 2 2 2 2
left_child=2 -2 4 6 5 9 -4 -8 -6 18 11 -11 13 14 -13 16 -10 -18 -1 24 21 22 -21 -24 25 -20 -27 29 -29 -28
right_child=1 -3 3 -5 8 -7 7 -9 15 10 -12 12 -14 -15 -16 -17 17 -19 19 20 -22 -23 23 -25 -26 26 27 28 -30 -31
leaf_value=-0.10295136095898486 15.965285708288569 0.10013669609162384 -0.049178469213436993 0.59384145564037938 -0.14872552364894073 0.14268926828571998 0.39923472122334303 0.11739349272381992 0.14695449573211891 -0.049388576916240143 0.03991961267155511 -0.10028331751496129 0.017351229534064285 -0.16507243909376848 -98.30514980161314 -0.14242793591533498 -0.091626266223803599 0.082534671566691267 -0.10086612876965256 -1.0076528753209713 0.097261679047649971 0.099973368872979432 -16.49229208048256 -4.4483078401645173 -0.037142631790431799 -0.16123782253468555 -1.5893831509919405 -0.55734224065580951 -10.542450534565472 -0.21902198119672273
leaf_weight=314.5451320307219 0.80995933831914513 3.3841469202270389 36.26931434216624 25.856604370910645 12.166587930580134 36.8573716173305 24.318274645949714 226.07932312067419 62.459750646841712 44.072163936227284 48.489291224715956 0.064795975573361364 4.9407184957526624 0.92960631079040468 0.027493536092832338 7.73597794456873 18.527398067629292 39.744356297580453 8.0927808861468264 0.1070889332331724 0.43246666526410737 0.31103697529033525 0.04218329876601648 0.043926890955044595 10.22117740486598 3.4368824678385863 0.55995020195826051 0.14738560165278619 0.1689156015825089 0.71313875152473116
leaf_count=67034 36 74 1830 55 1365 120 6 263 193 4370 184 31 220 281 39 1156 785 180 1333 31 4 6 32 8 60 21 56 2 54 38
internal_value=0.0378008 3.16399 0.0236622 0.159412 -0.0453397 -0.0753404 0.120228 0.144766 0.0558196 -0.0937149 -0.0306318 -0.0990039 -0.465732 -2.80137 -29.356 0.0751911 0.0891352 0.0271605 -0.112058 -0.230055 -0.988414 -1.91956 -5.17087 -10.3484 -0.19962 -0.326208 -0.68903 -1.83032 -5.88973 -0.821756
internal_weight=931.555 4.19411 927.361 312.524 614.838 474.204 286.667 250.398 140.634 437.346 98.5241 50.0348 5.96261 1.0219 0.0922895 128.467 120.732 58.2718 338.822 24.2769 0.936703 0.504236 0.193199 0.0861102 23.3402 13.1191 5.02627 1.58939 0.316301 1.27309
internal_count=79867 110 79757 2154 77603 73924 2099 269 3679 73804 5125 4941 571 351 70 2314 1158 965 68679 1645 81 77 71 40 1564 1504 171 150 56 94
is_linear=0
shrinkage=0.1


Tree=6
num_leaves=31
num_cat=0
split_feature=7 1 14 14 14 12 8 8 9 7 7 3 3 3 2 12 15 12 12 7 8 3 7 7 12 14 2 2 8 4
split_gain=5525.18 13001.9 27196.5 956.379 1364.43 12832.8 734.658 154.306 165.257 114.261 96.3151 50.1581 38.2289 55.7701 150.314 222.627 48.1124 37.9083 111.671 36.8591 32.9942 138.94 75.605 139.038 372.722 89.0674 145.864 28.7448 39.5383 91.2719
threshold=0.93933823529411775 0.99180327868852469 20.614721096663278 17.731989448711584 18.143056102308858 22.500000000000004 0.85023364485981323 1.0000000180025095e-35 1.0000000180025095e-35 0.18019480519480521 0.18634259259259262 0.82637681159420295 0.61633428300094983 0.89039039039039047 0.76833631484794285 35.500000000000007 1.0000000180025095e-35 28.500000000000004 26.500000000000004 0.21240601503759401 0.44504830917874399 0.78629976580796257 0.54195804195804198 0.29705882352941182 7.5000000000000009 9.7067248831642043 0.60922587486744451 0.78679653679653694 0.41318840579710148 2.5000000000000004
decision_type=2 2 2 2 2 2 2 2 2 2 2 2 2 2 2 2 2 2 2 2 2 2 2 2 2 2 2 2 2 2
left_child=3 -2 -3 7 5 -5 9 12 11 17 -11 20 16 14 -14 -16 -1 18 -6 -13 -9 22 23 -22 25 26 -25 -12 -29 -30
right_child=1 2 -4 4 6 -7 -8 8 -10 10 27 19 13 -15 15 -17 -18 -19 -20 -21 21 -23 -24 24 -26 -27 -28 28 29 -31
leaf_value=0.13242618102844042 0.053680212198326416 35.303859213824666 0.10002037736908823 0.068870500526757666 -0.12950907449557672 11.260739078909642 0.74559605549442343 -0.10080917287545817 0.13799831473348154 0.30022999877788181 0.12535947208786483 -0.095454986318297533 -0.21939593960275328 0.022811366175117708 -6.7599075367843611 -0.10037416206529631 -0.16508206143301604 0.0235411342169408 -2.5158802443370187 0.044799593565320428 -0.11703098375915705 -2.4563169427381051 -0.0076686419943791861 -3.4069174747661268 -3.4240099278621892 -0.14684921397153369 -0.21615290837710313 0.09049257156576701 0.051192862012992724 -0.55186469637995994
leaf_weight=61.275683511427133 2.151157597861193 0.36785959195935658 0.54393883930554854 9.3531607969660584 16.36236871140861 1.1505312487570805 18.690273926268844 282.57764582014835 34.433368330440317 28.790263832546742 173.80134803157299 33.99352303984665 4.030765383965444 56.268881164087361 0.088921826318255515 0.11527206306345761 5.964893908778321 37.509630420366818 0.19847278592351258 41.750659650103387 5.4714815843410713 0.27851273964370094 9.2771662354179192 0.24575078891564883 0.51081845503438961 1.9868166395979905 0.3435697928071022 38.46587518071594 9.2012653174719414 3.4509465534016988
leaf_count=608 59 26 25 213 2456 32 78 65971 93 12 214 6496 766 171 27 34 643 147 27 166 1177 33 42 44 55 50 2 52 50 98
internal_value=0.0556477 4.29544 14.3028 0.0408162 0.172947 1.29478 0.136854 -0.0418494 -0.0716944 0.0998876 0.128016 -0.0908754 0.0541423 -0.00352766 -0.353488 -3.00045 0.106034 -0.032095 -0.158108 -0.0181458 -0.109196 -0.240029 -0.205421 -0.41978 -0.956388 -0.467086 -1.54672 0.105972 0.0400535 -0.113294
internal_weight=878.651 3.06296 0.911798 875.588 336.974 10.5037 326.47 538.614 410.869 307.78 253.71 376.436 127.744 60.5038 4.23496 0.204194 67.2406 54.0705 16.5608 75.7442 300.692 18.1141 17.8356 8.55844 3.08696 2.57614 0.589321 224.919 51.1181 12.6522
internal_count=79867 110 51 79757 3379 245 3134 76378 74129 3056 426 74036 2249 998 827 61 1251 2630 2483 6662 67374 1403 1370 1328 151 96 46 414 200 148
is_linear=0
shrinkage=0.1


Tree=7
num_leaves=31
num_cat=0
split_feature=14 14 8 1 8 6 12 12 8 9 7 7 3 6 8 7 7 11 12 6 7 8 7 1 4 14 12 14 14 15
split_gain=797.951 1146.6 15553.3 126900 1154.4 6488.19 34355 833.066 129.221 140.107 95.2921 59.0183 41.5422 36.3694 222.597 34.3925 136.651 972.125 2557.74 11853 19299.7 40325.1 33.3837 33.3279 40.5769 41.4586 30.2193 26.8325 25.0523 34.6297
threshold=17.731989448711584 18.143056102308858 0.30037593984962413 0.99180327868852469 0.85023364485981323 6.5000000000000009 1.5000000000000002 22.500000000000004 1.0000000180025095e-35 1.0000000180025095e-35 0.18019480519480521 0.18634259259259262 0.82097069597069605 11.500000000000002 1.0000000180025095e-35 0.46410256410256417 0.29705882352941182 1.0000000180025095e-35 1.0000000180025095e-35 2.5000000000000004 0.324561403508772 0.45084230875448772 0.21240601503759401 0.7593103448275863 1.5000000000000002 13.48939424335123 28.500000000000004 9.9290926391327066 24.643985043267573 1.0000000180025095e-35
decision_type=2 2 2 2 2 2 2 2 2 2 2 2 2 2 2 2 2 2 2 2 2 2 2 2 2 2 2 2 2 2
left_child=8 2 3 7 10 6 -6 -2 23 12 13 -12 15 26 -15 16 -10 -18 -19 -20 -21 -22 -14 -1 27 -26 -3 -25 29 -13
right_child=1 4 -4 -5 5 -7 -8 -9 9 -11 11 28 22 14 -16 -17 17 18 19 20 21 -23 -24 24 25 -27 -28 -29 -30 -31
leaf_value=-0.1502910427430135 -0.10031316488179665 -0.13752056881555644 0.050642021263900695 112.53128075295422 -0.2769462126695324 0.04746295137025508 32.533887428350901 -7.9797894235440729 -0.10213698967819621 0.12933401191957303 0.24797381847977149 0.070718224347568817 -0.091925321783788802 -4.4472698321602921 -0.10035590162218036 0.010124687213157471 -0.1442272930655184 -0.1495340276328378 -4.1671124193816063 -26.184373234604887 -51.917795525334647 -607.43860922436681 0.043268707402660041 -0.20803451257535938 -0.13536052782366023 0.057777876439864151 0.032494869761173474 0.13163749742900197 0.1152103702610994 -0.19022273218391902
leaf_weight=7.6623039345283521 0.41659908004859131 14.631951815260917 8.3581020312865473 0.11331389219751742 1.5896040711797859 9.8350946694559447 0.39927784795872856 0.19792808748154217 254.46527106150575 33.873466407199714 31.214212676277384 25.980453385191225 32.824391424282531 0.13193186379112276 1.1000189893529748 25.446422918555072 3.9377891173325823 0.33795232775558615 0.12273396488584609 0.015271147244395001 0.003859686308432479 0.0019755036955804548 41.178717190384397 2.4171787681609649 15.789119644277205 37.53705666124236 36.619256660932365 61.407429954560939 181.65407560574596 6.3237947372666659
leaf_count=922 144 2166 43 34 61 24 38 25 66849 120 12 134 6741 16 315 82 32 13 39 39 9 68 184 341 435 266 133 286 129 167
internal_value=0.0398486 0.164342 1.27157 15.292 0.131835 1.10087 6.30999 -2.63815 -0.0368589 -0.0650612 0.0933418 0.11952 -0.0834374 -0.02895 -0.565875 -0.100808 -0.111712 -0.662997 -4.903 -16.0713 -85.2942 -239.989 -0.0166972 0.0517628 0.0649782 0.000592352 -0.0160436 0.118773 0.10078 0.0196371
internal_weight=835.587 318.566 9.08594 0.727841 309.48 11.824 1.98888 0.614527 517.021 392.208 297.656 245.173 358.334 52.4832 1.23195 284.331 258.885 4.41958 0.481793 0.14384 0.0211063 0.00583519 74.0031 124.813 117.151 53.3262 51.2512 63.8246 213.958 32.3042
internal_count=79867 3441 246 203 3195 123 99 169 76426 74176 3072 442 74056 2630 331 67131 67049 200 168 155 116 77 6925 2250 1328 701 2299 627 430 301
is_linear=0
shrinkage=0.1


Tree=8
num_leaves=31
num_cat=0
split_feature=7 8 6 8 14 14 6 2 2 14 14 8 6 12 14 3 1 9 11 12 7 2 2 4 0 14 6 7 6 3
split_gain=356.977 217.396 95.5567 102.759 71.0814 731.865 6043.82 9794.07 17231.1 64.9726 62.7367 49.2385 40.729 42.4171 31.9548 29.8839 38.9905 27.8087 67.6657 26.3871 172.429 25.5646 25.15 116.893 21.376 21.2425 20.0737 22.0277 19.0107 47.5161
threshold=0.18019480519480521 1.0000000180025095e-35 9.5000000000000018 0.17083593912862208 17.731989448711584 18.143056102308858 1.5000000000000002 0.46720430107526889 0.70659971305595415 23.487196041850797 10.281000107368325 0.1502688172043011 7.5000000000000009 28.500000000000004 24.643985043267573 0.61633428300094983 0.7593103448275863 1.0000000180025095e-35 1.0000000180025095e-35 9.5000000000000018 0.2817460317460318 0.63733075435203113 0.62645348837209314 2.5000000000000004 0.77500000000000013 13.48939424335123 10.500000000000002 0.59411764705882364 5.5000000000000009 0.71516754850088204
decision_type=2 2 2 2 2 2 2 2 2 2 2 2 2 2 2 2 2 2 2 2 2 2 2 2 2 2 2 2 2 2
left_child=1 12 10 -4 -3 6 7 -6 -9 19 -2 -12 15 21 17 16 -1 18 28 26 -21 -14 23 -17 -15 -24 27 -5 -13 -30
right_child=2 4 3 9 5 -7 -8 8 -10 -11 11 14 13 24 -16 22 -18 -19 -20 20 -22 -23 25 -25 -26 -27 -28 -29 29 -31
leaf_value=-0.14706162014894011 -0.15504643448648434 -0.099711355047772982 -2.4908725803645719 -0.10035329026197939 -1.4198615389800027 -0.10894048861121186 -0.20517293265331549 -0.10031407967532574 -121.03673713650122 -1.4559836635756325 0.21227360863319308 0.067853048477792804 -0.10675514147271073 -0.2319925863998834 0.11083379162962451 -0.054474679407756903 0.13200023559369098 0.12544764462894506 -0.1955156597808807 -0.10125332978603352 -3.5863226294706347 -0.87196577740518222 -0.066918750925620718 -2.0746260186706476 0.087889756448863807 0.050492231865369476 -0.022068225294600508 -1.5752189031743939 0.098066833738167034 -0.31875016614205576
leaf_weight=5.5284003100007046 10.34608981402158 244.65069081305887 0.19763519276554831 0.23368418904153188 0.07562497491016873 11.83750272009638 0.99663771293126047 0.023988742148503661 0.023151792527642101 0.38623144454888425 32.400905709112806 82.959141874713126 0.69579121487575335 3.8865115568773927 180.45977335027465 2.6720526269664329 53.063765788218006 34.473806237047427 12.59763081187806 1.0857676034837229 0.1633221915937656 1.1719863883045034 19.95077052619763 0.32082221243763331 4.5169241596013308 67.697615884028551 7.1891231394481894 0.17870964962108626 6.78044901307132 4.5839098760584394
leaf_count=655 1501 70825 24 81 6 2513 147 8 35 22 27 287 229 503 147 308 103 157 668 291 39 37 294 17 6 230 604 7 44 52
internal_value=0.00861703 -0.0549924 0.079552 -0.234661 -0.1118 -0.340056 -2.78406 -23.72 -59.495 -0.186386 0.0876826 0.0947716 0.0367546 -0.155859 0.0829427 0.0500115 0.10567 0.0473459 0.0221641 -0.130982 -0.556936 -0.586907 0.0140331 -0.271025 -0.0600529 0.0237668 -0.060989 -0.739482 0.0512369 -0.0700598
internal_weight=791.148 417.112 374.036 9.43447 257.608 12.9569 1.1194 0.122766 0.0471405 9.23684 364.602 354.256 159.505 10.2712 321.855 149.233 58.5922 141.395 106.921 8.85061 1.24909 1.86778 90.6413 2.99287 8.40344 87.6484 7.60152 0.412394 94.3235 11.3644
internal_count=79867 75916 3951 1068 73534 2709 196 49 43 1044 2883 1382 2382 775 1355 1607 758 1208 1051 1022 330 266 849 325 509 524 692 88 383 96
is_linear=0
shrinkage=0.1


Tree=9
num_leaves=31
num_cat=0
split_feature=7 8 2 14 6 12 6 2 9 11 7 12 7 12 14 1 0 12 14 14 1 7 2 15 7 8 8 8 6 8
split_gain=277.391 171.056 77.6224 48.5264 33.9685 39.5756 68.6403 83.5265 32.0354 43.2885 63.9942 29.4791 27.1038 41.768 60.9119 25.9452 34.2321 30.6802 35.5943 52.4451 52.0525 25.9041 26.9621 114.883 57.0813 83.0043 34.72 20.4086 19.3043 60.6018
threshold=0.18019480519480521 1.0000000180025095e-35 0.42724867724867732 20.614721096663278 7.5000000000000009 26.500000000000004 9.5000000000000018 0.6436507936507937 1.0000000180025095e-35 1.0000000180025095e-35 0.74456521739130443 75.500000000000014 0.30384615384615393 8.5000000000000018 10.725873509220206 0.7593103448275863 0.38750000000000007 69.500000000000014 15.06563971653374 13.452338756533099 0.96922348484848497 0.18634259259259262 0.78679653679653694 1.0000000180025095e-35 0.79285714285714304 0.48304597701149427 0.70483682983682994 0.24156877605153473 5.5000000000000009 0.40491259795057272
decision_type=2 2 2 2 2 2 2 2 2 2 2 2 2 2 2 2 2 2 2 2 2 2 2 2 2 2 2 2 2 2
left_child=1 4 -2 8 11 6 7 -6 9 27 12 15 -11 -14 -15 -1 -17 18 19 -18 -21 -5 -23 -24 25 -25 -27 -4 -29 -30
right_child=2 -3 3 21 5 -7 -8 -9 -10 10 -12 -13 13 14 -16 16 17 -19 -20 20 -22 22 23 24 -26 26 -28 28 29 -31
leaf_value=-0.14225612363814694 -0.21621698225358174 -0.10063540773221334 -0.19413149621908254 0.19346610308075507 -0.10022406045803596 -0.084641520781799262 -0.26849998835197891 -4.1226245030262838 0.1207739593129644 -0.19420062857936748 0.099277797496037282 -0.30444158456716341 -0.29587134027551504 -0.31499190922436421 -2.0028732313461517 0.12550935504898633 -0.096915845092563443 0.11044158429587406 0.026887727716199794 -0.11240045617154851 -1.4117917503029362 0.11460375160242367 0.08455134929867332 -0.26109289781594502 0.10004230729877937 -0.76463743056870392 -1.8217429078897862 0.070157824011677458 0.083728324036887403 -0.41911374190877054
leaf_weight=6.4920273306788649 8.9101959973800131 233.79029954733662 3.6342942854141986 32.409384334459901 0.091469615144894045 9.0965274218603351 0.59732322917398051 0.11850941491866251 31.598096309472268 8.3040317306634464 7.1452529928369684 2.3448066845303392 1.9155635563616424 0.43947119468709772 0.41637308894485725 52.607952343646275 13.065378494502509 26.829277550801635 42.012570045488445 0.60101077701256034 0.63298413000302389 155.40935391015842 30.748464226301579 1.7352212093246542 1.2341747559454139 0.5807559148236362 0.66816881010652429 62.795989482021319 7.7203618114071997 3.475786453999298
leaf_count=782 1787 73534 81 5 45 597 116 17 127 1178 52 196 75 14 29 137 225 27 135 81 24 116 99 17 42 15 35 205 29 45
internal_value=0.0119098 -0.0466802 0.0752534 0.0826687 0.0349705 -0.144193 -0.815207 -2.37041 0.0334542 0.00466729 -0.134046 0.0472429 -0.284574 -0.555361 -1.13616 0.0530403 0.0623801 0.0224348 -0.0194952 -0.155772 -0.77893 0.110822 0.0967529 0.0174148 -0.471961 -0.708529 -1.33018 0.0372265 0.0485902 -0.0723764
internal_weight=747.421 388.28 359.141 350.231 154.49 9.90383 0.807302 0.209979 127.445 95.8471 18.2207 144.586 11.0754 2.77141 0.855844 142.241 135.749 83.1412 56.3119 14.2994 1.23399 222.786 190.376 34.9668 4.21832 2.98415 1.24892 77.6264 73.9921 11.1961
internal_count=79867 75916 3951 2164 2382 775 178 62 1835 1708 1348 1607 1296 118 43 1411 629 492 465 330 105 329 324 208 109 67 50 360 279 74
is_linear=0
shrinkage=0.1


Tree=10
num_leaves=31
num_cat=0
split_feature=7 8 6 8 14 14 3 15 2 2 0 2 3 7 9 11 7 7 15 12 7 0 1 14 12 6 12 7 14 14
split_gain=239.125 158.23 67.9356 67.0914 45.7529 28.9304 25.12 29.3585 23.6035 25.5414 74.2946 47.2489 21.4231 41.4413 20.643 37.8395 44.9514 283.24 19.101 81.5689 27.2668 33.262 13.4263 13.1265 12.9846 12.0849 12.4621 11.4427 23.159 124.535
threshold=0.18019480519480521 1.0000000180025095e-35 9.5000000000000018 0.17083593912862208 20.614721096663278 10.220640770558242 0.61633428300094983 1.0000000180025095e-35 0.85880398671096358 0.76043478260869579 0.64583333333333337 0.77346041055718484 0.57321428571428579 0.43303571428571436 1.0000000180025095e-35 1.0000000180025095e-35 0.54772727272727284 0.33974358974358981 1.0000000180025095e-35 5.5000000000000009 0.79285714285714304 0.64583333333333337 0.7593103448275863 13.48939424335123 54.500000000000007 2.5000000000000004 25.500000000000004 0.74456521739130443 12.929505081897721 12.308275783957226
decision_type=2 2 2 2 2 2 2 2 2 2 2 2 2 2 2 2 2 2 2 2 2 2 2 2 2 2 2 2 2 2
left_child=1 6 4 -4 5 -2 7 22 9 25 -11 -12 13 -5 15 -7 17 -17 -6 20 21 -20 -1 24 -10 -8 -27 28 29 -14
right_child=2 -3 3 12 18 14 8 -9 23 10 11 -13 27 -15 -16 16 -18 -19 19 -21 -22 -23 -24 -25 -26 26 -28 -29 -30 -31
leaf_value=-0.13957151671491971 -0.14529854748836699 -0.10026788581040327 -1.8948059238037236 -0.10028285229231855 0.1252439188816627 0.04329332376353421 -0.25873950541128787 -0.14747974633011793 0.036531311896749109 -0.15171726168979827 -3.5014932462157633 -0.94201836751162171 -0.083449836025635826 -0.89456022418533954 0.11620532816802526 -0.21900840088438495 0.051925860793530912 -3.9966827725704412 -0.074205904953845533 0.10176481860062365 0.10008257618116262 -0.59041923025644394 0.12269139258750564 0.053894892349576388 -0.1281702155002927 -0.32827958451777078 -0.00014885266697267462 0.05254689840524597 -0.10194883767589441 -5.2615666755361694
leaf_weight=2.0365748695747916 8.7017649403969823 212.2803432292252 0.22542857256738713 1.8987319288090261 156.344287988237 73.790326627198979 2.577536353708985 4.7938871988450122 10.03731201273513 1.4381979401242109 0.11148404286996072 0.20429862425953615 0.25521929610693228 1.0043466860005565 29.276923717388399 4.836674824875554 4.8695695652423927 0.20696767749725697 2.1071989845281167 49.100390884918816 1.5342472658519097 3.0620479147687623 47.012526142422757 55.688875754118271 9.1503191755618882 1.2547507702936425 14.923620431030782 4.1214620225848728 2.0827683961985457 0.056778644933884737
leaf_count=332 1473 73534 24 800 144 338 240 652 46 60 10 40 99 21 111 525 73 42 22 46 47 62 281 103 53 117 448 26 86 12
internal_value=0.0119708 -0.0447981 0.0717203 -0.189929 0.0792797 0.0303973 0.0341082 0.0887169 0.00328317 -0.0917633 -0.456683 -1.84562 -0.149126 -0.37507 0.0439294 0.0186495 -0.16479 -0.374027 0.107317 0.0570925 -0.270114 -0.379989 0.111802 0.0293179 -0.0420126 -0.0576374 -0.0255978 -0.0484649 -0.222309 -1.02578
internal_weight=704.985 361.51 343.475 9.64474 333.83 121.682 149.229 53.843 95.3864 20.5099 1.75398 0.315783 9.41931 2.90308 112.98 83.7035 9.91321 5.04364 212.148 55.8039 6.70349 5.16925 49.0491 74.8765 19.1876 18.7559 16.1784 6.51623 2.39477 0.311998
internal_count=79867 75916 3951 1068 2883 2562 2382 1265 1117 915 110 50 1044 821 1089 978 640 567 321 177 131 84 613 202 99 805 565 223 197 111
is_linear=0
shrinkage=0.1


Tree=11
num_leaves=31
num_cat=0
split_feature=7 8 2 14 9 11 7 7 7 7 12 12 15 12 6 14 8 3 8 14 8 0 0 12 2 12 3 7 8 14
split_gain=207.294 144.916 58.6748 36.6221 24.3504 31.0003 57.5159 84.9501 24.8892 28.945 23.6202 24.0169 18.3126 73.1837 22.877 15.6557 14.4448 16.4097 14.4793 48.0631 56.5355 49.8149 14.9218 15.9767 13.2749 15.5204 12.9815 32.2995 12.6187 10.5261
threshold=0.18019480519480521 1.0000000180025095e-35 0.42724867724867732 20.614721096663278 1.0000000180025095e-35 1.0000000180025095e-35 0.54772727272727284 0.43303571428571436 0.30384615384615393 0.42261904761904767 75.500000000000014 55.500000000000007 1.0000000180025095e-35 5.5000000000000009 5.5000000000000009 24.643985043267573 0.24156877605153473 0.79772727272727284 0.46060023654642229 12.804096388214253 0.63859338061465731 0.64583333333333337 0.58571428571428574 10.500000000000002 0.89564428312159727 35.500000000000007 0.57321428571428579 0.42261904761904767 0.49193338537600839 19.77728587547897
decision_type=2 2 2 2 2 2 2 2 2 2 2 2 2 2 2 2 2 2 2 2 2 2 2 2 2 2 2 2 2 2
left_child=1 10 26 4 5 16 7 8 -7 28 11 24 -5 14 15 -14 17 -4 -18 -20 21 -21 -22 -24 25 29 27 -2 -10 -1
right_child=2 -3 3 12 -6 6 -8 -9 9 -11 -12 -13 13 -15 -16 -17 18 -19 19 20 22 -23 23 -25 -26 -27 -28 -29 -30 -31
leaf_value=-0.19012828210476357 -0.11283138021435626 -0.099800300030308139 -0.033410096103954248 0.11975508266215835 0.11241379003176791 -0.18253623439448577 0.063239518989426952 -2.0792109721514307 -0.72819531995842379 -0.14884818886938309 -0.29185544710238043 0.070537523333243576 -0.026783730931119965 0.099594679162453251 -0.58338183112343445 -0.35681026583681741 0.078784104526314638 -0.50004434308323931 0.082653048027605258 -0.18980320074086751 0.083931727836295322 -1.3355231123414488 -0.46477528917091449 -0.039848757688245362 0.021475099125668671 -0.33844422967741206 -0.039291021343046996 -0.6511100981684268 -1.7538532212992692 -0.0048422829787505561
leaf_weight=4.051972538090534 3.2350739572815073 192.93580697000772 3.0356898025238279 146.86342811278385 28.232187777609653 7.2259670765501678 8.8668902371053377 0.26057023357993792 0.22693760535748331 0.44095204900171214 2.2069512138987184 86.895169082092252 3.8820997233945613 45.206853806685814 1.5090880597389409 2.2825293805220639 44.918039960140639 1.002477204158102 15.903322891460901 0.75268170904018938 2.8098578930585081 0.7653908535669216 1.558049401582138 2.0477709398255683 36.119170287898669 2.0995240174422625 3.1822867141364073 1.7008503253452225 0.25444259494862942 12.601150154995702
leaf_count=1132 1446 73534 56 151 127 1178 88 14 22 7 280 354 55 44 29 50 125 25 42 11 16 30 37 18 132 443 300 41 39 41
internal_value=0.0118686 -0.0431454 0.0686951 0.0754715 0.0313785 0.00597792 -0.114449 -0.301815 -0.244977 -0.734166 0.0327763 0.03783 0.101586 0.0511262 -0.234408 -0.14898 0.0345583 -0.149252 0.045354 -0.0176409 -0.218682 -0.767459 -0.0888305 -0.223456 -0.0139657 -0.0822276 -0.196779 -0.298315 -1.27033 -0.0499253
internal_weight=663.073 336.91 326.163 318.045 118.301 90.069 17.2758 8.40887 8.1483 0.922332 143.974 141.767 199.744 52.8806 7.67372 6.16463 72.7933 4.03817 68.7551 23.8371 7.93375 1.51807 6.41568 3.60582 54.8718 18.7526 8.11821 4.93592 0.48138 16.6531
internal_count=79867 75916 3951 2164 1835 1708 1348 1260 1246 68 2382 2102 329 178 134 105 360 81 279 154 112 41 71 55 1748 1616 1787 1487 61 1173
is_linear=0
shrinkage=0.1


Tree=12
num_leaves=31
num_cat=0
split_feature=7 8 2 14 9 11 7 7 7 7 14 0 1 12 14 14 1 14 15 12 2 6 6 2 12 14 3 7 14 12
split_gain=180.813 130.752 49.747 32.2852 20.8967 27.9113 52.0371 140.814 24.9974 33.5811 107.234 20.7779 25.9385 19.2495 27.8805 32.0975 75.1335 19.3531 17.2119 56.6835 14.8526 14.0407 13.9209 28.4897 80.6205 24.9386 11.8669 22.8414 26.662 11.2723
threshold=0.18019480519480521 1.0000000180025095e-35 0.42724867724867732 20.614721096663278 1.0000000180025095e-35 1.0000000180025095e-35 0.54772727272727284 0.43303571428571436 0.30384615384615393 0.42261904761904767 19.77728587547897 0.38750000000000007 0.7593103448275863 69.500000000000014 15.06563971653374 13.48939424335123 0.96922348484848497 11.395053019537224 1.0000000180025095e-35 5.5000000000000009 0.44033898305084751 5.5000000000000009 5.5000000000000009 0.58236434108527135 14.500000000000002 13.008636723798896 0.57321428571428579 0.42261904761904767 23.487196041850797 72.500000000000014
decision_type=2 2 2 2 2 2 2 2 2 2 2 2 2 2 2 2 2 2 2 2 2 2 2 2 2 2 2 2 2 2
left_child=1 11 26 4 5 22 7 8 -7 10 -10 12 -1 14 15 17 -17 -13 -5 21 -14 -20 -4 -24 25 -25 27 -2 -29 -3
right_child=2 29 3 18 -6 6 -8 -9 9 -11 -12 13 20 -15 -16 16 -18 -19 19 -21 -22 -23 23 24 -26 -27 -28 28 -30 -31
leaf_value=-0.13525636298004834 -0.11300298806563341 -0.10405410726595576 0.05386144466861878 0.11630938687963897 0.10824470129195635 -0.17653908736312815 0.060600395984349222 -3.3305958302853735 -3.6497741360852767 -0.14209247514165205 -0.19060702989171957 0.04781374285616221 -0.15044714127877234 0.074554946570291061 0.010545137026990422 -0.081785445874375806 -1.6576593337820311 -0.1879960245512392 -0.11962263445049 0.095787944880699777 0.11695651234572801 -0.43295767225992404 0.041249433996074607 -0.41973893646563387 0.083585007479882248 -1.2089193982773352 -0.034728896449896157 -0.95870930971088542 -0.17675645742164336 0.033350211195924906
leaf_weight=5.0045784736499845 2.9230097015720009 169.37455168028023 59.186676561641278 136.62249474115566 26.47875319599089 6.7492380113399868 8.3547370663478944 0.15029629388576893 0.13988131311623836 0.41695804799568953 0.24939289689064026 5.5879940629703269 2.1796601322329812 25.37204934906913 46.724278631733171 0.9090841092139772 0.45345689406167367 9.2276839492517393 6.8279934079123974 42.44705737694423 44.168304344991157 1.8090164126219317 8.541270035627079 0.76837096469535038 2.4135433886068087 0.83619123643086335 3.237216712774929 0.87779331596005394 0.86646455199661432 6.1886685674544415
leaf_count=847 1446 72866 257 151 127 1178 88 14 60 7 1 91 436 170 217 142 21 280 105 44 178 29 53 8 10 32 300 32 9 668
internal_value=0.0115576 -0.0417718 0.065798 0.0722801 0.0303768 0.00689513 -0.112269 -0.299697 -0.239406 -0.765682 -1.43362 0.0304501 0.0810271 0.00102763 -0.02863 -0.141772 -0.60624 -0.0990562 0.097793 0.0482715 0.104381 -0.18525 0.0335703 -0.0620528 -0.281642 -0.831007 -0.181851 -0.283894 -0.570272 -0.0992106
internal_weight=625.087 315.19 309.896 301.992 114.285 87.8066 16.0605 7.70577 7.55547 0.806232 0.389274 139.627 51.3525 88.2745 62.9025 16.1782 1.36254 14.8157 187.707 51.0841 46.348 8.63701 71.7461 12.5594 4.01811 1.60456 7.90448 4.66727 1.74426 175.563
internal_count=79867 75916 3951 2164 1835 1708 1348 1260 1246 68 61 2382 1461 921 751 534 163 371 329 178 614 134 360 103 50 40 1787 1487 41 73534
is_linear=0
shrinkage=0.1


Tree=13
num_leaves=31
num_cat=0
split_feature=7 8 2 14 12 12 9 11 7 7 12 7 8 15 6 12 14 12 8 3 4 8 7 7 0 8 3 14 12 7
split_gain=157.025 119.952 41.9102 28.3957 21.0019 18.4361 17.9489 23.1436 42.2907 37.8692 48.2051 57.8975 17.8875 16.2821 50.233 18.3287 12.7684 12.1287 19.4667 41.298 12.7284 21.0746 27.6633 15.0091 20.1251 17.4631 11.7472 18.9191 11.1978 35.283
threshold=0.18019480519480521 1.0000000180025095e-35 0.42724867724867732 20.614721096663278 75.500000000000014 55.500000000000007 1.0000000180025095e-35 1.0000000180025095e-35 0.56038647342995185 0.30384615384615393 3.5000000000000004 0.44949494949494956 0.18379075768238332 1.0000000180025095e-35 3.5000000000000004 6.5000000000000009 27.562982556358197 18.500000000000004 0.28136574074074078 0.79772727272727284 1.5000000000000002 0.44504830917874399 0.53589743589743599 0.63961038961038974 0.64583333333333337 0.77871939736346529 0.83752357008170975 20.614721096663278 16.500000000000004 0.24068965517241384
decision_type=2 2 2 2 2 2 2 2 2 2 2 2 2 2 2 2 2 2 2 2 2 2 2 2 2 2 2 2 2 2
left_child=1 4 12 6 5 26 7 17 9 -9 -11 -12 -2 -5 15 16 -15 18 19 -4 -20 -22 -23 -24 -25 -26 27 -1 -14 -30
right_child=2 -3 3 13 -6 -7 -8 8 -10 10 11 -13 28 14 -16 -17 -18 -19 20 -21 21 22 23 24 25 -27 -28 -29 29 -31
leaf_value=-0.0449803787031983 -2.007259845261872 -0.099137269169776443 -0.034578500226658336 0.11307907379793243 -0.2867362804413886 0.064549397027802422 0.10434506579171809 -0.17041301454785185 0.060636999783401958 -0.15100300759514701 -2.5482603975852363 -0.61052657478981032 -0.11295532486506737 -0.031890989685536886 0.090963879068096276 -0.51814663311498232 -0.33597486390739251 0.085938584079399249 0.09436627231175998 -0.82200382876362998 0.065439333073329636 -0.37148666008142728 0.093866318399278323 0.10021551786107614 -0.60512409010511359 -0.091163207719476003 0.0086543030482997326 -0.42184259240754046 -0.16513329893043885 -1.7971818982702428
leaf_weight=6.6130379256665304 0.052433658814980855 159.00388836206588 2.8415604840484807 126.97186464660047 2.0737759680268928 79.393271628340841 24.808350165407674 6.3153358861123987 7.7715464214416761 0.64007639480287182 0.25484350388214766 0.39042658056025809 6.8956191205962734 5.1425496841975953 40.982729712363543 1.3317050688172569 1.8877515300415124 26.201393382939962 14.692479902325429 0.86997684251295249 13.202975933578276 3.1605882227597002 4.7953942455351344 1.7621597563320373 1.2617363381811055 1.3887079730629928 45.229953335104938 1.6681112331942811 0.6288032627198844 0.1678168119163681
leaf_count=1515 39 73534 58 151 280 354 127 1178 84 23 52 11 1439 62 54 25 37 66 48 28 41 44 18 12 24 21 211 22 228 81
internal_value=0.0114136 -0.0402839 0.0630344 0.0692357 0.0290451 0.0339724 0.0294545 0.00773705 -0.103394 -0.271113 -0.765884 -1.37582 -0.166512 0.0941349 0.0453887 -0.177978 -0.113543 0.0320803 -9.40136e-06 -0.219149 0.0201909 -0.0224275 -0.116222 -0.0286039 -0.161698 -0.335833 -0.011394 -0.120894 -0.153964 -0.508942
internal_weight=588.401 293.982 294.419 286.674 134.978 132.904 110.358 85.5492 15.3722 7.60068 1.28535 0.64527 7.74467 176.317 49.3447 8.36201 7.0303 70.177 43.9756 3.71154 40.264 25.5716 12.3686 9.208 4.4126 2.65044 53.5111 8.28115 7.69224 0.79662
internal_count=79867 75916 3951 2164 2382 2102 1835 1708 1348 1264 86 63 1787 329 178 124 99 360 294 86 208 160 119 75 57 45 1748 1537 1748 309
is_linear=0
shrinkage=0.1


Tree=14
num_leaves=31
num_cat=0
split_feature=7 8 6 8 14 12 14 14 4 12 14 14 15 6 7 1 12 3 2 8 9 11 7 7 12 15 8 3 1 2
split_gain=136.374 108.206 40.5727 54.0903 28.178 17.8843 17.0122 16.9629 23.2536 25.7835 26.1176 16.4515 15.0562 40.0789 14.7275 14.6694 12.4891 11.9356 14.5302 106.643 11.7523 22.6598 23.7047 90.1588 92.9884 10.1884 26.0928 36.1778 9.72895 10.2789
threshold=0.18019480519480521 1.0000000180025095e-35 9.5000000000000018 0.17083593912862208 20.614721096663278 75.500000000000014 10.220640770558242 9.9290926391327066 1.5000000000000002 69.500000000000014 15.06563971653374 10.797950479090593 1.0000000180025095e-35 3.5000000000000004 0.79285714285714304 0.7593103448275863 72.500000000000014 0.57321428571428579 0.39504283965728282 0.49193338537600839 1.0000000180025095e-35 1.0000000180025095e-35 0.54772727272727284 0.33974358974358981 22.500000000000004 1.0000000180025095e-35 0.234471450617284 0.74862637362637374 0.96922348484848497 0.76043478260869579
decision_type=2 2 2 2 2 2 2 2 2 2 2 2 2 2 2 2 2 2 2 2 2 2 2 2 2 2 2 2 2 2
left_child=1 5 4 -4 6 7 25 -1 15 10 11 -10 -6 14 -14 -9 -3 18 -5 -20 21 -8 23 -23 -25 -2 27 -27 29 -12
right_child=2 16 3 17 12 -7 20 8 9 -11 28 -13 13 -15 -16 -17 -18 -19 19 -21 -22 22 -24 24 -26 26 -28 -29 -30 -31
leaf_value=-0.17370052064118885 0.085994539754477309 -0.1046088677240995 -1.6655339200531643 -0.22564364931956035 0.11232251658023543 -0.27201033547419523 0.037620247817980568 -0.13496420697803888 0.066427239604114494 0.10082354600490294 -0.020846838319449446 -0.19862381271674567 -0.20277315176231589 0.090691586435748095 0.10008366551497905 0.11037736910672097 0.03920016107842525 -0.035468080233061208 -0.10019112616068147 -6.5265819198795461 0.10006890378528631 -0.16894706653421471 0.041638623874670079 -3.5192231746651146 -0.1234504938962707 -0.10018345262414921 -0.16069113589033227 -3.5341169110913699 0.044909030533938354 -0.25482734896449205
leaf_weight=3.9132569343194623 1.7042020942316671 138.66072524140972 0.22962175031853327 2.2736602360218812 116.90295794045281 1.9729642761521962 66.624313191672442 2.5882625990197985 2.941341191675753 21.261374221998267 14.979871453996912 11.488315787734704 7.4835243546718475 39.52692215085348 2.0442841595986403 41.721914590569213 6.3139066910371175 6.1169874960625856 0.1607254663062897 0.030765388408326544 22.813042753044328 4.1271577639449477 3.9501356156913401 0.16943354451508838 0.15387599898739904 0.068966623360202983 5.0137160879732088 0.05526530061615631 28.955486521570496 2.146571759236493
leaf_count=706 82 72866 24 696 144 280 338 335 26 35 137 506 82 45 50 253 668 223 101 24 111 525 73 37 5 50 1336 5 66 38
internal_value=0.0110234 -0.038708 0.0603089 -0.150859 0.0671844 0.0268069 0.0265562 0.031342 0.037706 0.00609314 -0.0271914 -0.144596 0.0928112 0.0463136 -0.137792 0.0960464 -0.0983457 -0.110333 -0.296101 -1.13267 0.037217 0.0181054 -0.136664 -0.294922 -1.90304 -0.125886 -0.196165 -1.62779 0.00957153 -0.0501732
internal_weight=556.394 276.944 279.45 8.81176 270.638 131.969 104.68 129.996 126.083 81.773 60.5116 14.4297 165.958 49.0547 9.52781 44.3102 144.975 8.58214 2.46515 0.191491 97.838 75.0249 8.4006 4.45047 0.32331 6.84215 5.13795 0.124232 46.0819 17.1264
internal_count=79867 75916 3951 1068 2883 2382 2562 2102 1396 808 773 532 321 177 132 588 73534 1044 821 125 1089 978 640 567 42 1473 1391 55 241 175
is_linear=0
shrinkage=0.1


Tree=15
num_leaves=31
num_cat=0
split_feature=7 8 2 14 12 14 4 12 14 15 12 14 1 6 9 12 12 7 8 7 8 14 14 7 12 3 8 3 12 7
split_gain=120.977 98.3673 30.2367 20.9148 15.2217 14.828 20.7653 22.4139 21.937 14.5459 34.5353 13.534 12.8831 12.8249 12.8126 15.3743 17.6142 31.305 47.3753 119.918 12.4501 13.7139 13.2809 17.9288 11.7528 11.0376 16.9465 51.6506 12.2058 177.672
threshold=0.18019480519480521 1.0000000180025095e-35 0.42724867724867732 20.614721096663278 75.500000000000014 9.9290926391327066 1.5000000000000002 69.500000000000014 15.06563971653374 1.0000000180025095e-35 5.5000000000000009 10.797950479090593 0.7593103448275863 5.5000000000000009 1.0000000180025095e-35 18.500000000000004 11.500000000000002 0.40588235294117653 0.44504830917874399 0.22902097902097904 0.3482644462279294 18.143056102308858 19.77728587547897 0.46410256410256417 72.500000000000014 0.57321428571428579 0.22476265133699155 0.50944741532976834 16.500000000000004 0.23303167420814483
decision_type=2 2 2 2 2 2 2 2 2 2 2 2 2 2 2 2 2 2 2 2 2 2 2 2 2 2 2 2 2 2
left_child=1 4 25 14 5 -1 12 8 11 -5 13 -8 -7 -11 15 16 20 18 -18 -20 -4 -22 23 -23 -3 26 27 -2 -28 -30
right_child=2 24 3 9 -6 6 7 -9 -10 10 -12 -13 -14 -15 -16 -17 17 -19 19 -21 21 22 -24 -25 -26 -27 28 -29 29 -31
leaf_value=-0.16948260357881539 -0.098130613267274042 -0.10491445761910423 -0.11002045516386327 0.10708489992491088 -0.25613529169372556 -0.13089057848326038 0.063835147883668439 0.09810118229232348 0.0088812284025372498 -0.06417312004205282 0.087525449668429303 -0.18319421977865571 0.10734662988462798 -0.34389671531337934 0.097334692910173395 0.077572637983886916 -0.31093912657697764 -0.015696655620897153 -0.41620555701903261 -4.9624653861085468 0.036778070962910026 -0.84169012596939641 -0.00052331732113121432 -0.12242713853939287 0.035742730783176045 -0.010729647119946735 -0.18664817288489988 -7.2387363177750714 -0.10012226865178969 -9.7993099589236845
leaf_weight=3.6243827736589074 0.036587857861756778 125.11809187044111 8.7183103013055554 109.39562274794213 1.8901554238727829 2.4110583759029245 2.7640207526565126 19.744896261836402 45.318916727941321 8.7868449527608004 35.996677109246974 11.223589266624627 38.763055984454695 2.0149256702461988 21.812545101297175 24.43142331616874 1.3054194944160138 3.0187830644035172 0.19882964337011794 0.081926732014626358 40.863425935794268 0.56389765612722931 1.9380821861232114 0.89916056611392814 6.236510405316948 3.4137673712164798 3.6102515662484889 0.014008322895508796 0.22459492948837589 0.020620325662796146
leaf_count=706 52 72866 437 151 280 335 26 35 241 105 44 506 253 29 127 309 113 30 35 36 667 28 23 30 668 300 1162 19 186 68
internal_value=0.0112601 -0.0377171 0.0583593 0.0640018 0.0255044 0.0298027 0.0358104 0.00581685 -0.0249073 0.0871252 0.0404676 -0.13438 0.093396 -0.116352 0.0292173 0.0111019 -0.0170981 -0.204693 -0.564388 -1.74284 -0.000793416 0.0207198 -0.172214 -0.399648 -0.0982363 -0.142083 -0.256881 -2.07512 -0.233019 -0.915734
internal_weight=524.44 257.095 267.346 260.026 125.74 123.85 120.226 79.0514 59.3065 156.194 46.7984 13.9876 41.1741 10.8018 103.832 82.0193 57.5878 4.60496 1.58618 0.280756 52.9829 44.2646 3.40114 1.46306 131.355 7.31983 3.90606 0.0505962 3.85547 0.245215
internal_count=79867 75916 3951 2164 2382 2102 1396 808 773 329 178 532 588 134 1835 1708 1399 214 184 71 1185 748 81 58 73534 1787 1487 71 1416 254
is_linear=0
shrinkage=0.1


Tree=16
num_leaves=31
num_cat=0
split_feature=2 7 8 3 14 15 7 14 12 9 12 1 1 14 2 3 1 12 14 14 14 3 8 7 7 7 14 8 11 8
split_gain=105.595 59.7039 64.888 20.578 18.7031 13.8524 31.9198 16.3343 13.0938 11.1855 13.1181 11.8199 68.6082 87.6826 17.4543 33.8627 10.9691 10.5979 11.867 15.3619 16.2736 48.3392 9.5525 17.9366 9.16162 16.5124 9.56369 20.2661 9.03587 16.1805
threshold=0.43513323983169711 0.18019480519480521 1.0000000180025095e-35 0.61633428300094983 20.614721096663278 1.0000000180025095e-35 0.54195804195804198 27.562982556358197 72.500000000000014 1.0000000180025095e-35 20.500000000000004 0.6658333333333335 0.64522215459525267 9.399122220141269 0.46470099667774095 0.58280590717299585 0.7593103448275863 69.500000000000014 15.06563971653374 12.433049917694367 10.100768994214199 0.86706827309236967 0.3482644462279294 0.30384615384615393 0.26201372997711675 0.38675213675213682 14.1710828293698 0.49193338537600839 1.0000000180025095e-35 0.27511467889908264
decision_type=2 2 2 2 2 2 2 2 2 2 2 2 2 2 2 2 2 2 2 2 2 2 2 2 2 2 2 2 2 2
left_child=-1 2 3 16 9 -6 7 -7 -4 10 11 12 14 -14 15 -3 -2 18 19 20 21 -5 23 28 -24 26 -26 -28 29 -13
right_child=1 4 8 17 5 6 -8 -9 -10 -11 -12 22 13 -15 -16 -17 -18 -19 -20 -21 -22 -23 24 -25 25 -27 27 -29 -30 -31
leaf_value=-0.10640634194071308 -0.12934002453325458 -0.10019305626188335 -0.10888209994339473 -0.14086598646104065 0.10429799180691264 -0.044572685822743575 0.074825391168815633 -0.3584228784922846 0.055871056750676155 0.093953960604172992 0.076815369833926075 -0.24617666100005975 -8.2990441830694675 -0.10026531824927142 -0.0057080631839352119 -5.2079464588606799 0.10938482815303273 0.065843470211744748 0.0092711967907615263 -0.17669941963959407 0.046627167727390728 -3.2158781229974327 0.068345689009460156 0.0029231474061106239 -0.074534277098420143 0.0040239826395624253 -0.12625320956272648 -0.85330768901240317 -0.17008796207395124 -1.0605325828532377
leaf_weight=66.460731435288722 2.0473375369409998 0.038793262894679548 58.893605142966919 0.3325377517574023 101.49548535951962 4.7782124141723434 37.505647684202017 2.5396489052218385 5.2542898296378544 20.410685744739339 22.012138840324653 0.74609195261110561 0.024267970221899395 0.028203741581718587 0.6750832361580088 0.019506051899497834 32.146361213861951 20.076982091773971 44.736087656588154 9.1764546183746898 7.482581659276093 0.06040851693978766 17.281800733575828 6.4935949166565896 1.912115119870901 26.535027488379971 1.0013437579655244 0.62124007798498548 2.5288257133195593 0.36254302994348109
leaf_count=38895 293 42 37119 121 151 46 112 19 375 127 273 39 25 19 185 17 109 171 211 296 169 7 389 45 62 215 23 28 262 22
internal_value=0.0108517 0.0290931 -0.0146741 0.0299376 0.0610236 0.0838504 0.0375501 -0.153494 -0.0953873 0.0278529 0.0110472 -0.0137981 -0.399 -3.89217 -0.149072 -1.80917 0.0950912 0.00272403 -0.0177856 -0.0887693 0.0136857 -0.613595 -0.00853192 -0.0966632 0.0103241 -0.0230223 -0.226059 -0.404621 -0.274445 -0.512485
internal_weight=493.678 427.217 180.207 116.059 247.01 146.319 44.8235 7.31786 64.1479 100.691 80.2806 58.2684 0.785854 0.0524717 0.733383 0.0582993 34.1937 81.8651 61.7881 17.052 7.87553 0.392946 57.4826 10.1311 47.3515 30.0697 3.5347 1.62258 3.63746 1.10863
internal_count=79867 40972 38871 1377 2101 328 177 65 37494 1773 1646 1373 288 44 244 59 402 975 804 593 297 128 1085 368 717 328 113 51 323 61
is_linear=0
shrinkage=0.1


Tree=17
num_leaves=31
num_cat=0
split_feature=2 7 8 3 14 15 6 12 12 1 9 12 2 14 8 7 7 14 12 7 7 14 14 8 12 14 14 14 0 14
split_gain=94.0089 51.5402 58.7003 18.2356 16.3742 12.9846 28.4304 12.1226 9.69065 9.6747 9.59426 11.174 9.2221 9.08064 9.01391 12.0345 8.39802 76.5214 13.9371 8.25813 12.6152 8.46255 11.3274 25.7028 6.83282 13.0041 19.7761 6.64832 6.59685 6.28654
threshold=0.43513323983169711 0.18019480519480521 1.0000000180025095e-35 0.61633428300094983 20.614721096663278 1.0000000180025095e-35 3.5000000000000004 72.500000000000014 6.5000000000000009 0.7593103448275863 1.0000000180025095e-35 18.500000000000004 0.85880398671096358 19.77728587547897 0.3482644462279294 0.31414473684210531 0.15504807692307696 17.731989448711584 1.5000000000000002 0.26201372997711675 0.38675213675213682 14.1710828293698 19.77728587547897 0.49193338537600839 70.500000000000014 15.06563971653374 12.497408882844132 19.244429595936335 0.64583333333333337 12.804096388214253
decision_type=2 2 2 2 2 2 2 2 2 2 2 2 2 2 2 2 2 2 2 2 2 2 2 2 2 2 2 2 2 2
left_child=-1 2 3 9 10 -6 8 16 28 -2 11 14 13 27 15 -3 -4 18 -18 -16 21 -21 23 -23 25 26 -14 -5 -7 -22
right_child=1 4 7 12 5 6 -8 -9 -10 -11 -12 -13 24 -15 19 -17 17 -19 -20 20 29 22 -24 -25 -26 -27 -28 -29 -30 -31
leaf_value=-0.10524967210823684 -0.12596005423933548 -0.23265841297567166 -0.1035260098342775 -0.14709762391660192 0.10159959928052176 0.086392791288566667 0.081161486606348796 0.051709408884911934 -0.31734632031006355 0.1068074597899509 0.090670395562290812 0.073233330890716597 0.045212167735191183 -0.0194892924443625 0.063968198503752322 -0.010201827642628343 -1.6343331137284054 -4.4192351969199262 -0.1240068908545961 -0.067302229474238112 0.057595931393632428 -0.18503899285718681 -0.031759437792123639 -1.2677504603462113 0.076324164671454919 0.039900819736815835 -0.19075058526863778 -0.61818271209577336 -0.11498843435279459 -0.041312174045697758
leaf_weight=60.765206079988332 1.8996406471638945 3.9741856532366953 51.864278194543495 4.1448297114710959 94.151952134819268 2.1788810597249659 32.745282506811172 5.1169872721657148 1.8305776485682983 29.753347263875412 19.103018682428228 21.37467579967003 6.8732584470699241 15.633939414934241 16.48502165450547 6.2662046009472743 0.064891970556337664 0.044988758541876339 1.0451866920484461 1.9774532044045952 10.910690265050649 0.57545806112498565 0.57122968137264252 0.35422195905605369 17.088556690083351 29.165748440158499 7.3500920432288694 0.32292052857519582 6.4183534139547964 15.634266641857606
leaf_count=38895 293 420 36600 720 151 13 54 375 25 109 127 300 23 47 516 46 39 16 464 83 58 22 3 28 34 74 71 6 85 170
internal_value=0.0107336 0.0281389 -0.0137224 0.028524 0.0585452 0.0807772 0.0353677 -0.0952793 -0.108433 0.092838 0.0271442 0.0116105 0.00326032 -0.0554189 -0.0116 -0.0965348 -0.109465 -0.376152 -0.212296 0.00710124 -0.0241229 -0.203192 -0.382228 -0.597568 0.0227642 0.00166995 -0.0767245 -0.181147 -0.0639504 -0.000658286
internal_weight=465.685 404.92 170.369 112.232 234.551 137.325 43.1731 58.1363 10.4278 31.653 97.2264 78.1234 80.5793 20.1017 56.7487 10.2404 53.0193 1.15507 1.11008 46.5083 30.0233 3.47836 1.50091 0.92968 60.4777 43.3891 14.2234 4.46775 8.59723 26.545
internal_count=79867 40972 38871 1377 2101 328 177 37494 123 402 1773 1646 975 773 1346 466 37119 519 503 880 364 136 53 50 202 168 94 726 98 228
is_linear=0
shrinkage=0.1


Tree=18
num_leaves=31
num_cat=0
split_feature=2 7 8 0 12 15 7 14 8 14 12 7 1 12 8 8 12 14 14 2 6 2 15 11 2 7 1 3 7 14
split_gain=83.2249 43.8086 51.304 16.4047 16.0362 21.0639 36.5458 17.0795 14.7385 12.2099 10.9426 10.4475 10.173 8.42613 20.4153 11.7159 7.70318 10.0635 12.1698 7.05663 14.2889 31.0159 54.0121 9.16496 7.95571 7.1685 9.13755 21.314 37.9029 6.3787
threshold=0.43513323983169711 0.18019480519480521 1.0000000180025095e-35 0.38750000000000007 1.0000000180025095e-35 1.0000000180025095e-35 0.93933823529411775 15.126916844971646 0.70483682983682994 14.543307606661358 72.500000000000014 0.54772727272727284 0.7593103448275863 10.500000000000002 0.46702898550724642 0.63859338061465731 69.500000000000014 15.06563971653374 11.395053019537224 0.55662393162393176 4.5000000000000009 0.61200716845878145 1.0000000180025095e-35 1.0000000180025095e-35 0.57294832826747732 0.59411764705882364 0.6671171171171173 0.64241622574955914 0.21240601503759401 15.126916844971646
decision_type=2 2 2 2 2 2 2 2 2 2 2 2 2 2 2 2 2 2 2 2 2 2 2 2 2 2 2 2 2 2
left_child=-1 2 3 12 5 -3 8 9 -7 19 -4 -11 -2 -9 -15 -16 17 18 -5 -6 23 24 -23 -21 -22 26 27 28 -25 -19
right_child=1 4 10 16 7 6 -8 13 -10 11 -12 -13 -14 14 15 -17 -18 29 -20 20 21 22 -24 25 -26 -27 -28 -29 -30 -31
leaf_value=-0.10378416562170441 -0.1223260775634139 0.080878132466018687 -0.10771939455222711 0.046267749863337933 0.071738463984810166 -0.17516813534622566 0.10006150468440103 0.083818648239888952 -0.65885829427456744 -0.45517686017992648 0.047668272222283765 -0.00076931852891770408 0.1033014662398522 0.06329731544877186 -0.45662953417196905 -0.073671924169070702 0.058451443973424139 0.092748835302667004 -0.15078868958367503 0.0454658783573543 -0.31813175530611737 -1.5051529235536893 0.080401508525026311 -0.1001078563239491 0.07717880863820524 0.10029881062586753 -0.1497985349873138 -0.10296606513552882 -7.0569291041975903 -0.0092731742251314052
leaf_weight=55.72140490977813 2.1452555756163632 4.4396471548434704 48.226615263091617 4.5915377823624786 15.76519313527537 1.0404202058282408 1.9844018525909461 149.58973346375637 1.5968590743839153 1.0347823346575489 5.0020466533023855 0.9900624531809824 29.176749390405462 15.299008137162488 1.1999646139072129 2.389976590492652 18.292455963164684 7.3831469835713497 9.8728391609868549 19.715838382288005 0.69736991197509945 0.43554380840214429 0.42399787424614249 0.017205898964981939 1.8857382619199823 1.2618815195026716 3.6587625830195201 0.065386400970822933 0.014374413169562325 36.059136427801633
leaf_count=38895 424 22 37119 56 562 67 81 483 30 30 375 15 184 66 32 40 135 5 372 117 32 14 45 20 48 17 339 21 20 201
internal_value=0.0104276 0.0269895 -0.0128248 0.0269242 0.0556247 -0.0746822 -0.224115 0.0611308 -0.46804 0.00710099 -0.0931172 -0.232991 0.0878482 0.0758718 0.0129373 -0.201678 0.00188117 -0.0159891 -0.0882356 0.0181646 -0.0118112 -0.202689 -0.723025 0.014757 -0.0295444 -0.105908 -0.175191 -1.13332 -3.26664 0.00806577
internal_weight=439.977 384.256 160.75 107.521 223.506 9.06133 4.62168 214.445 2.63728 45.9661 53.2287 2.02484 31.322 168.479 18.8889 3.58994 76.1991 57.9067 14.4644 43.9413 28.1761 3.44265 0.859542 24.7334 2.58311 5.01761 3.75573 0.0969667 0.0315803 43.4423
internal_count=79867 40972 38871 1377 2101 200 178 1901 97 1280 37494 45 608 621 138 72 769 634 428 1235 673 139 59 534 80 417 400 61 40 206
is_linear=0
shrinkage=0.1


Tree=19
num_leaves=31
num_cat=0
split_feature=2 7 8 3 7 14 2 7 7 4 12 9 12 7 7 12 8 14 7 14 8 7 8 0 7 8 12 1 3 3
split_gain=73.453 37.945 45.8543 14.7743 13.6898 14.404 16.0601 19.666 24.9709 12.9715 10.1516 9.90337 12.0192 8.85403 9.45288 15.5493 14.3303 14.7652 13.236 17.7439 11.5123 7.88097 8.03539 16.9882 15.4025 7.76943 27.4976 7.557 7.17939 14.7814
threshold=0.43513323983169711 0.18019480519480521 1.0000000180025095e-35 0.61633428300094983 0.18350168350168353 24.643985043267573 0.78679653679653694 0.22902097902097904 0.43303571428571436 3.5000000000000004 72.500000000000014 1.0000000180025095e-35 18.500000000000004 0.20344827586206901 0.25543478260869573 1.0000000180025095e-35 0.96076923076923093 13.946732684647928 0.37171052631578955 18.143056102308858 0.38344748858447492 0.67543859649122817 0.70483682983682994 0.47222222222222227 0.59411764705882364 0.63859338061465731 9.5000000000000018 0.7593103448275863 0.83752357008170975 0.80243902439024406
decision_type=2 2 2 2 2 2 2 2 2 2 2 2 2 2 2 2 2 2 2 2 2 2 2 2 2 2 2 2 2 2
left_child=-1 2 3 27 -3 11 -7 -8 -9 -10 -4 12 13 -6 20 16 17 -16 19 -17 -15 22 -20 -24 -25 -13 -27 -2 29 -5
right_child=1 4 10 28 5 6 7 8 9 -11 -12 25 -14 14 15 18 -18 -19 21 -21 -22 -23 23 24 -26 26 -28 -29 -30 -31
leaf_value=-0.10197090970240537 -0.12046941546014217 0.12629204373095479 -0.10794352588422967 -0.027047049160342763 -0.20779328050448065 0.091733238246604024 0.1015260409789973 -0.54157342608731884 0.059466257787360512 -0.2825597652424926 0.043786162859832577 0.11453423151370556 0.067597139068065332 -0.17597741503928502 -0.22962474144251496 -0.11418007357365423 -0.10327159082506272 -1.2230768311821174 -0.010528161040940596 -0.7311349505822573 0.077463287807972334 0.053439344533058979 0.07481032644795893 -0.58964971616533246 -0.12651365727211178 0.061203136908786315 -0.80956776557034926 0.10203123497343769 0.014201438190785065 -0.38201977589928693
leaf_weight=51.27168258732371 1.6237246020356533 22.831096173946918 43.551410508097376 7.9487943682450304 2.3608005184365757 74.561065518288203 5.7513344287872252 1.3160611260682342 3.3905934251382783 1.6477069699543312 4.906278822105377 15.329754893408225 22.366772787406639 2.0139150533266728 0.29611666002334647 3.3406831391711216 0.92286927089996562 0.3023696354688038 17.571218016495948 0.54176672657604008 16.287242384275771 13.822418509624738 1.9727085807728677 1.154921312072948 1.8984705706550471 2.5717252711129754 0.42218325836001147 25.483900596366425 67.198976077742728 1.3761643126442775
leaf_count=38895 293 132 37119 593 284 44 3 28 44 33 375 25 287 296 9 131 20 33 120 27 243 125 15 27 24 127 24 109 307 75
internal_value=0.0101035 0.0258569 -0.012283 0.0252641 0.0531319 0.0443334 0.0743877 -0.0324462 -0.153704 -0.0523887 -0.0925811 0.019088 0.00469086 -0.0178265 -0.0103675 -0.0365966 -0.350426 -0.731541 -0.02475 -0.200271 0.0495739 -0.00603887 -0.0424207 -0.153917 -0.301691 0.0857576 -0.0615878 0.0887036 0.0027914 -0.0794334
internal_weight=416.035 364.763 152.089 103.632 212.674 189.843 86.6668 12.1057 6.35436 5.0383 48.4577 103.176 84.8523 62.4855 60.1247 41.8235 1.52136 0.598486 40.3022 3.88245 18.3012 36.4197 22.5973 5.0261 3.05339 18.3237 2.99391 27.1076 76.5239 9.32496
internal_count=79867 40972 38871 1377 2101 1969 152 108 105 77 37494 1817 1641 1354 1070 531 62 42 469 158 539 311 186 66 51 176 151 402 975 668
is_linear=0
shrinkage=0.1


Tree=20
num_leaves=31
num_cat=0
split_feature=2 7 8 12 7 14 6 7 7 3 12 12 9 12 14 14 8 1 1 14 7 0 12 7 12 12 3 3 12 14
split_gain=64.5827 32.8784 40.8819 13.7939 12.2253 12.769 14.7504 15.2637 14.0047 11.4572 13.2707 9.43983 8.75812 10.0463 8.22163 11.3695 8.17969 33.0881 8.91789 20.2576 32.6299 9.72988 13.2563 33.5116 21.0707 8.15861 7.56324 8.12086 7.32788 9.52748
threshold=0.43513323983169711 0.18019480519480521 1.0000000180025095e-35 75.500000000000014 0.18350168350168353 24.643985043267573 3.5000000000000004 0.22902097902097904 0.42261904761904767 0.61633428300094983 70.500000000000014 72.500000000000014 1.0000000180025095e-35 18.500000000000004 15.06563971653374 12.433049917694367 0.21401308615049078 0.8404821627647715 0.77752525252525262 16.169535320418149 0.43303571428571436 0.58571428571428574 8.5000000000000018 0.54772727272727284 13.500000000000002 54.500000000000007 0.86319073083778985 0.75582655826558276 5.5000000000000009 14.1710828293698
decision_type=2 2 2 2 2 2 2 2 2 2 2 2 2 2 2 2 2 2 2 2 2 2 2 2 2 2 2 2 2 2
left_child=-1 2 3 9 -3 12 7 -7 -9 -2 14 -4 13 16 15 25 17 -6 19 -18 -21 -20 28 24 -24 -11 27 -14 29 -23
right_child=1 4 11 -5 5 6 -8 8 -10 10 -12 -13 26 -15 -16 -17 18 -19 21 20 -22 22 23 -25 -26 -27 -28 -29 -30 -31
leaf_value=-0.099774986209757999 0.086943763602632257 0.12232629621567732 -0.10808051191823327 -0.24744308786359004 0.071206738823501523 0.1013787141753657 0.089618134111665207 -0.35893112646754138 -0.040577711865008748 0.078705849715521581 0.095372904521284593 0.040092913706602729 0.039152445714015924 0.064525463134785868 0.010018032196101151 -0.1543263724112188 -0.11317777877963819 -0.80680167430204597 0.053659842603124543 -0.10451655986548042 -2.8529877314834362 0.016806867173416951 -0.81013094441619682 0.0027584457371858991 -0.17494072995317131 -0.16505119477347074 0.10556910920290362 -0.42290356003185448 0.062008745755792308 -0.12501662018948065
leaf_weight=47.363555030859629 25.038026693544438 21.293518778382065 39.359805673019736 1.845910681033273 1.3075085144130716 5.211200356483455 69.212833178137259 1.8684543403796849 5.3056549383334923 5.421815056425543 14.273676523240281 4.8268212662078431 1.1290384933926061 21.152655746719027 44.379568668827432 8.3084291147430189 2.5323691228018474 0.63896932343987312 21.09756925695276 0.10715385001628958 0.072367114314229875 11.644753170595646 1.0393668280280617 4.0204753363511676 1.0496488848328054 1.8387783286761985 15.429979939260896 0.57363434738556485 10.691988730275229 7.9847332131010029
leaf_count=38895 358 132 37119 172 37 3 44 21 84 231 36 375 33 287 212 298 555 36 357 45 6 53 26 48 15 70 115 28 55 121
internal_value=0.00979113 0.0246752 -0.0116552 0.0234119 0.0506314 0.0422466 0.0716327 -0.0288756 -0.123491 0.0284489 0.00871631 -0.0918945 0.0183808 0.0049942 -0.0119165 -0.074441 -0.0152552 -0.217017 -0.00873587 -0.185948 -1.21246 -0.00038212 -0.0316784 -0.166063 -0.490973 0.0169733 0.083498 -0.116515 -0.00460122 -0.040883
internal_weight=396.02 348.657 145.293 101.106 203.364 182.07 81.5981 12.3853 7.17411 99.2603 74.2223 44.1866 100.472 83.3396 59.9486 15.569 62.1869 1.94648 60.2404 2.71189 0.179521 57.5285 36.431 6.10949 2.08902 7.26059 17.1327 1.70267 30.3215 19.6295
internal_count=79867 40972 38871 1377 2101 1969 152 108 105 1205 847 37494 1817 1641 811 599 1354 73 1281 606 51 675 318 89 41 301 176 61 229 174
is_linear=0
shrinkage=0.1


Tree=21
num_leaves=31
num_cat=0
split_feature=2 7 12 14 1 6 12 12 7 14 6 7 4 12 14 14 14 1 7 12 6 15 12 14 3 7 9 15 3 7
split_gain=56.502 28.2198 36.723 18.4413 12.7308 25.6353 12.4384 11.1911 11.0481 11.441 13.1144 12.1969 9.82584 9.18455 13.7468 60.0731 32.6427 15.6833 7.94267 33.9568 7.87086 29.3394 14.7053 9.26746 7.08603 6.75168 6.37854 21.8349 10.4288 12.4553
threshold=0.43513323983169711 0.18019480519480521 25.500000000000004 27.562982556358197 0.7593103448275863 8.5000000000000018 75.500000000000014 55.500000000000007 0.18350168350168353 24.643985043267573 3.5000000000000004 0.22902097902097904 3.5000000000000004 26.500000000000004 18.143056102308858 17.425340631816493 15.06563971653374 0.99180327868852469 0.16397849462365593 1.5000000000000002 5.5000000000000009 1.0000000180025095e-35 2.5000000000000004 20.614721096663278 0.76631205673758884 0.79285714285714304 1.0000000180025095e-35 1.0000000180025095e-35 0.73942823108993461 0.38675213675213682
decision_type=2 2 2 2 2 2 2 2 2 2 2 2 2 2 2 2 2 2 2 2 2 2 2 2 2 2 2 2 2 2
left_child=25 2 18 4 5 -4 7 13 -3 20 11 -11 -13 -6 15 16 -15 -18 -2 -20 26 22 -22 -23 -24 -1 27 -10 29 -29
right_child=1 8 3 -5 6 -7 -8 -9 9 10 -12 12 -14 14 -16 -17 17 -19 19 -21 21 23 24 -25 -26 -27 -28 28 -30 -31
leaf_value=-0.1070487561408444 -0.10250053699605809 0.11875555592067827 -0.11712841043134306 -0.79332748530358077 0.082508925152211698 -2.7815601072238261 -0.18912519402793451 0.063941237259347125 0.061393878206987412 0.10124579597357281 0.087000886636144512 -0.023674648453669317 -0.26415963154754873 -0.052117312489799297 0.015025625805833102 -3.1154321346293989 -0.28628026095820164 -1.1550743801501249 -4.2766544975720304 -0.3200926593781559 -0.068912881098261172 0.051753980849076002 -0.2476471354719712 -0.31622425167360579 -0.58385145204205335 0.058331046448549563 0.089909499061554196 -0.13083583806613178 -0.03922450185866571 -0.70325986448828137
leaf_weight=41.323500610843993 30.08916757057753 19.816657977481356 5.0306909158243718 0.28057189017272222 9.8988677961986067 0.036371196114551085 2.6153922577468611 51.851728905577076 41.066677759030974 4.7211643457412791 64.414927859447602 5.1534552050292266 2.5346183175429182 10.894011877716469 25.897834774675992 0.066363017424010518 0.43453472729376647 0.39817483486355892 0.023189430313325654 0.33581678981636287 2.2249064458690615 13.042627338975938 1.2089804420299972 0.72231358993190298 1.3020589836582388 2.6254161274892018 14.927155180808255 1.4694168367053859 21.555740553897397 0.51276130714113088
leaf_count=38879 30703 132 2916 18 215 32 329 771 205 3 44 65 40 3332 112 25 98 35 33 252 27 407 39 24 29 16 145 614 306 21
internal_value=0.00939275 0.0234767 -0.0111419 0.0163389 0.0184596 -0.136254 0.026141 0.0318026 0.047991 0.0399712 0.0688664 -0.0252676 -0.102958 -0.00321414 -0.0257278 -0.115223 -0.0982446 -0.70171 -0.108079 -0.57566 0.0173271 -0.0414218 -0.256112 0.0324444 -0.42198 -0.0971693 0.0309935 0.0173807 -0.0594092 -0.278914
internal_weight=376.475 332.526 137.853 107.405 107.124 5.06706 102.057 99.4415 194.673 174.857 76.8242 12.4092 7.68807 47.5898 37.6909 11.7931 11.7267 0.83271 30.4482 0.359006 98.0326 18.5009 4.73595 13.7649 2.51104 43.9489 79.5318 64.6046 23.5379 1.98218
internal_count=79867 40972 38871 7883 7865 2948 4917 4588 2101 1969 152 108 105 3817 3602 3490 3465 133 30988 285 1817 526 95 431 68 38895 1291 1146 941 635
is_linear=0
shrinkage=0.1


Tree=22
num_leaves=31
num_cat=0
split_feature=2 14 6 7 12 14 4 12 6 8 7 14 2 14 8 0 8 7 14 1 15 7 12 14 2 14 4 7 12 14
split_gain=50.0559 24.4212 17.4164 15.0357 24.1879 11.5176 11.0295 10.4923 14.0785 9.83943 11.6557 9.62213 10.061 8.95063 9.10733 15.4519 8.3404 40.0058 7.61105 7.52573 6.57239 6.07986 5.82978 11.4492 5.5832 5.48953 5.40379 5.38341 4.8247 4.80298
threshold=0.43513323983169711 9.9290926391327066 9.5000000000000018 0.18019480519480521 25.500000000000004 27.562982556358197 1.5000000000000002 1.0000000180025095e-35 4.5000000000000009 0.77871939736346529 0.324561403508772 13.314060164286476 0.63525498891352561 19.77728587547897 0.21889880952380955 0.58571428571428574 0.27602627257799678 0.13188405797101452 23.487196041850797 0.7593103448275863 1.0000000180025095e-35 0.79285714285714304 70.500000000000014 15.06563971653374 0.74322344322344336 10.831925870280056 2.5000000000000004 0.93933823529411775 66.500000000000014 30.30057998453368
decision_type=2 2 2 2 2 2 2 2 2 2 2 2 2 2 2 2 2 2 2 2 2 2 2 2 2 2 2 2 2 2
left_child=21 -2 3 4 -3 9 19 8 20 10 24 16 18 14 15 -9 25 -18 -13 -6 -5 -1 23 28 -4 -8 -16 -22 -14 -15
right_child=1 2 5 7 6 -7 11 13 -10 -11 -12 12 22 29 26 -17 17 -19 -20 -21 27 -23 -24 -25 -26 -27 -28 -29 -30 -31
leaf_value=-0.10584959367374945 -0.096216291081984595 -0.10321010109687041 -0.12929845705659729 0.10212124737944508 -0.1101974650425369 -0.51251968608683729 0.045505794799914692 -0.58853042398396083 -0.33448855677519024 0.079002047997179248 -0.48106351205142589 -0.26936807436784188 -0.10337515278722589 0.084511504570511792 0.042513426076871252 0.043134235718387856 -0.10008690807977977 -4.9338335515185898 0.10060192045895738 0.09984657265504239 -0.15422418156668305 0.05564139225343552 0.079447441206825176 0.028354779924728846 0.098899418064657824 -0.12323374853722674 -0.072416827960106553 0.10004120062471765 -0.48906234982584601 0.021631648343531117
leaf_weight=37.794182092523172 16.453900575740875 17.386139552087968 5.6487373618801788 3.5460596170791145 1.8480740651120893 0.61393063472280651 2.6669876078594719 0.6386611968773469 1.4812810894181936 3.2395149579904468 0.83632217057145108 1.9998249552991176 4.9276666188812959 89.031766959340942 58.35835394268139 0.98383033945833198 0.10304642115443208 0.020533928840450244 0.77019971609115589 22.157244442641968 2.9875818449624623 2.4845500203294781 16.31037624919918 38.416434380545212 1.323337737296242 6.957767007049938 4.3994061467347825 1.1544562877902143 0.34719183325069014 14.066786921801393
leaf_count=38879 13387 17729 4047 10 1005 38 68 38 39 23 33 280 628 234 688 14 121 18 2 282 33 16 75 239 19 1743 51 61 17 50
internal_value=0.00914937 0.0224255 0.0288847 0.0336941 0.00536609 -0.0909413 0.0249228 0.0519613 -0.0521963 -0.0675142 -0.1283 0.00547452 0.0198291 0.0576639 0.0284091 -0.205508 -0.0869577 -0.903255 -0.166499 0.0836761 0.0021935 -0.0958882 0.0284311 0.00938614 -0.0859853 -0.0764766 0.0344567 -0.0833561 -0.128761 0.0759322
internal_weight=358.954 318.675 302.222 290.56 113.911 11.6618 96.5253 176.648 9.16938 11.0479 7.8084 72.52 62.7717 167.479 64.3803 1.62249 9.74833 0.12358 2.77002 24.0053 7.6881 40.2787 60.0017 43.6913 6.97208 9.62475 62.7578 4.14204 5.27486 103.099
internal_count=79867 40972 27585 23425 22207 4160 4478 1218 143 4122 4099 3191 1241 1075 791 52 1950 139 282 1287 104 38895 959 884 4066 1811 739 94 645 284
is_linear=0
shrinkage=0.1


Tree=23
num_leaves=31
num_cat=0
split_feature=2 14 6 7 12 14 12 12 2 12 8 7 14 8 12 7 2 14 12 6 12 15 6 14 14 1 3 3 12 3
split_gain=44.1823 21.026 14.9178 12.6664 21.3259 10.9394 10.6775 8.81966 11.5033 8.60328 8.37256 19.294 8.25269 8.00393 9.79802 9.54576 7.87927 7.98148 17.5213 54.2217 7.8665 8.6586 11.5488 11.429 28.4712 12.4345 7.14224 13.5021 6.58771 6.53206
threshold=0.43513323983169711 9.9290926391327066 9.5000000000000018 0.18019480519480521 25.500000000000004 27.562982556358197 75.500000000000014 1.0000000180025095e-35 0.78679653679653694 55.500000000000007 0.77871939736346529 0.8047619047619049 19.77728587547897 0.21889880952380955 16.500000000000004 0.46410256410256417 0.74322344322344336 22.026795727505853 5.5000000000000009 17.500000000000004 26.500000000000004 1.0000000180025095e-35 5.5000000000000009 21.311442682178001 15.06563971653374 0.99180327868852469 0.8402898550724639 0.78629976580796257 33.500000000000007 0.5783625730994153
decision_type=2 2 2 2 2 2 2 2 2 2 2 2 2 2 2 2 2 2 2 2 2 2 2 2 2 2 2 2 2 2
left_child=29 -2 3 4 -3 10 9 8 26 20 11 16 13 14 15 -9 17 -4 19 -19 -6 23 -23 24 -22 -26 27 -5 -20 -1
right_child=1 2 5 7 6 -7 -8 12 -10 -11 -12 -13 -14 -15 -16 -17 -18 18 28 -21 21 22 -24 -25 25 -27 -28 -29 -30 -31
leaf_value=-0.12105328573956807 -0.0918536921889338 -0.10103511367458436 -0.13026488597165009 -0.17414172132638397 0.080504570541276146 -0.52395312244431491 -0.19596035164333886 -0.13630688536978364 -0.00094771893148749885 0.058870384389840408 0.076642545862101147 -2.2429726234811658 0.072934766798179257 0.031955880555373462 0.013572205259341389 -0.92023642504861858 0.098685030107901278 -0.10003093505861847 -0.11008646885492918 -8.0006838617159683 -0.060251826645447204 0.023620484589192119 -0.31979328223705727 0.027117730147618174 -0.29489759920490938 -0.84916036198563882 -0.12168775572082054 -1.1838071269222428 -1.1555500600115289 -0.028296565070425734
leaf_weight=26.358643946031222 15.559676369138002 16.053787544161437 5.579877008173197 0.31501508001789819 8.9538783552870793 0.54374860092173172 2.1581984723252381 0.33039151782619369 7.9726024253544088 46.746267055351474 3.0169348864367764 0.042595989443461657 96.950839762320996 61.059364805627965 0.87762704482520348 0.29315418396277526 1.4701848315307895 0.027689854031194394 0.24373602444869125 0.012657229559254413 4.7312836955246906 22.734025466963789 1.0233524883247458 4.2541478449929855 0.89966431302701655 0.73578988257512234 0.7432141257443049 0.2285365944889704 0.080072970705941771 10.663435095452781
leaf_count=31996 13387 17729 3906 36 200 38 282 35 86 711 23 4 284 739 9 8 21 43 98 22 1708 1072 370 31 67 37 10 11 5 6899
internal_value=0.00879953 0.0213747 0.0274904 0.0320283 0.00533557 -0.0866248 0.0238494 0.0491554 -0.0457263 0.0291158 -0.0639207 -0.120791 0.0546632 0.0263475 -0.201772 -0.504864 -0.108599 -0.159868 -0.613464 -2.57853 -0.00298306 -0.0247276 0.00882789 -0.0997862 -0.184581 -0.54426 -0.323167 -0.598656 -0.368613 -0.0943367
internal_weight=340.66 303.638 288.079 277.061 108.29 11.0175 92.2366 168.771 9.25937 90.0784 10.4737 7.45681 159.511 62.5605 1.50117 0.623546 7.41422 5.94403 0.364156 0.0403471 43.3321 34.3783 23.7574 10.6209 6.36674 1.63545 1.28677 0.543552 0.323809 37.0221
internal_count=79867 40972 27585 23425 22207 4160 4478 1218 143 4196 4122 4099 1075 791 52 43 4095 4074 168 65 3485 3285 1442 1843 1812 104 57 47 103 38895
is_linear=0
shrinkage=0.1


Tree=24
num_leaves=31
num_cat=0
split_feature=2 14 6 14 7 12 4 15 4 8 1 7 7 8 14 6 2 12 12 14 7 8 8 2 7 1 7 7 14 7
split_gain=38.9581 18.7468 12.6903 11.2507 11.0801 18.9071 9.38033 8.43762 19.3288 12.1831 19.0688 11.5565 11.2261 17.6501 8.43183 22.5068 7.92545 8.31292 10.5652 12.7024 7.88609 7.34134 6.90419 7.03779 7.36466 6.768 6.71579 6.27468 6.2453 5.22934
threshold=0.42724867724867732 9.9290926391327066 9.5000000000000018 27.562982556358197 0.18019480519480521 25.500000000000004 1.5000000000000002 1.0000000180025095e-35 3.5000000000000004 0.70483682983682994 0.87981481481481494 0.62019230769230782 0.36038961038961043 0.27798663324979123 20.614721096663278 5.5000000000000009 0.63525498891352561 75.500000000000014 70.500000000000014 15.06563971653374 0.93933823529411775 0.70483682983682994 0.77871939736346529 0.74322344322344336 0.42261904761904767 0.7593103448275863 0.79285714285714304 0.40588235294117653 10.831925870280056 0.62019230769230782
decision_type=2 2 2 2 2 2 2 2 2 2 2 2 2 2 2 2 2 2 2 2 2 2 2 2 2 2 2 2 2 2
left_child=20 29 4 22 5 -3 25 14 9 10 27 -11 13 -12 15 -6 -8 18 19 28 26 -10 23 24 -4 -7 -1 -9 -18 -2
right_child=1 2 3 -5 7 6 16 8 21 11 12 -13 -14 -15 -16 -17 17 -19 -20 -21 -22 -23 -24 -25 -26 -27 -28 -29 -30 -31
leaf_value=-0.10375105751701819 -0.1056767182787241 -0.098411932019676268 -0.11861335445730881 -0.56653920908895694 0.051384188913388973 -0.11001444698790626 -0.14996709923813828 -0.082635288220675132 -0.30323322618535176 -0.32685531902007792 0.074621393755913909 -0.022138426710011542 0.088341409313802979 -0.22426260321721442 0.089433054477273802 -0.239883304576087 0.060955030331965809 -0.19939997235090029 0.094747117084975269 0.026220491674083177 -1.0437244901149698 -0.055294640177980317 0.074171524494043281 0.098159059191557665 -0.48526449370321001 0.096823541823516837 0.094565656968562714 -0.39221016995956171 -0.12148827301769899 0.10028665213223927
leaf_weight=30.706850828067264 14.017748114394179 15.176498785158428 5.4996531466889289 0.4565490944495999 32.214393894031744 1.7206934384503281 3.1792862204452481 1.6950783262833788 2.2882573730317395 1.4397664314539032 5.2418966205659734 9.1820351016828763 42.73215714084958 3.1710308943037466 58.288998794536511 2.891034831205558 2.2792013848338675 1.8130415210471245 13.913361114158759 36.524981080433392 0.087430996016798157 2.4978318004868925 2.8161948634294918 1.337057669879872 0.60843872682056765 19.623231783538358 1.8081164732575441 1.0667673398455475 10.613514122131319 1.3515860876068462
leaf_count=37280 14237 18149 4280 38 215 1036 732 441 19 19 15 159 91 56 136 43 42 161 76 239 8 23 23 21 21 301 7 17 1971 11
internal_value=0.00843454 0.019949 0.0258872 -0.08081 0.0301613 0.00480999 0.0222807 0.0464968 0.0200635 0.034445 0.0537327 -0.0634423 0.0675536 -0.038035 0.0661149 0.0273975 0.0042029 0.011727 0.0177711 -0.00390115 -0.0952732 -0.173836 -0.0591989 -0.109647 -0.155136 0.0801488 -0.0927229 -0.202209 -0.0892356 -0.0875642
internal_weight=326.243 293.64 278.271 10.7179 267.553 104.844 89.6673 162.709 69.3148 64.5287 53.9069 10.6218 51.1451 8.41293 93.3944 35.1054 68.3234 65.1441 63.3311 49.4177 32.6024 4.78609 10.2613 7.44515 6.10809 21.3439 32.515 2.76185 12.8927 15.3693
internal_count=79867 42572 28324 4383 23941 22707 4558 1234 840 798 620 178 162 71 394 258 3221 2489 2328 2252 37295 42 4345 4322 4301 1337 37287 458 2013 14248
is_linear=0
shrinkage=0.1


Tree=25
num_leaves=31
num_cat=0
split_feature=2 14 6 14 14 14 12 0 4 3 7 14 15 4 14 8 2 0 3 2 2 0 2 7 12 9 3 7 3 2
split_gain=34.0282 16.3395 10.9434 12.317 9.60775 39.3018 24.2326 28.3071 11.236 14.9085 12.6326 9.92322 9.32671 16.9206 14.184 20.3727 31.8677 50.4762 10.7757 26.6126 27.2911 38.3144 44.5072 23.221 34.0701 10.3183 8.05079 16.8053 7.64389 7.8555
threshold=0.42724867724867732 9.9290926391327066 9.5000000000000018 27.562982556358197 19.77728587547897 19.244429595936335 8.5000000000000018 0.73214285714285732 1.5000000000000002 0.82637681159420295 0.8047619047619049 13.314060164286476 1.0000000180025095e-35 3.5000000000000004 20.614721096663278 0.19456735496558505 0.73431372549019625 0.81666666666666676 0.85565476190476197 0.65669642857142863 0.74322344322344336 0.64583333333333337 0.7231800766283526 0.74456521739130443 25.500000000000004 1.0000000180025095e-35 0.66260162601626027 0.83974358974358987 0.88273491214667699 0.84292763157894746
decision_type=2 2 2 2 2 2 2 2 2 2 2 2 2 2 2 2 2 2 2 2 2 2 2 2 2 2 2 2 2 2
left_child=26 -2 4 -4 5 8 -7 -8 -3 10 -10 -11 -6 18 -15 16 -16 -18 19 -14 21 -21 23 24 -23 -17 27 -1 -20 -30
right_child=1 2 3 -5 12 6 7 -9 9 11 -12 -13 13 14 15 25 17 -19 28 20 -22 22 -24 -25 -26 -27 -28 -29 29 -31
leaf_value=-0.11447597284016844 -0.085067586378251681 0.060375896522770617 -0.056016538364762461 -0.64964104840327486 0.074379484680087024 -0.21970973185614129 -0.3932417991700552 -2.1033820145486684 -0.079105656480517941 -0.070351501835854521 -0.8645966106476326 0.029550866840858576 0.058813103147373813 0.10093930589036489 -0.21586608028432047 -0.23232134307520044 -0.58635064210029864 -3.6681991136796115 0.098821923700736489 -0.4523209458806241 -0.047406776060850288 -0.10005167496623546 -0.94995791488149917 -6.2191511036275244 -6.0809255017607748 0.10020215247620175 0.0097777959370918127 -1.806863108430109 -0.24469675914064612 0.026940898704123101
leaf_weight=24.057323823490183 14.290868451636639 39.332083162901483 9.7531013760629968 0.36251810419651143 66.584900885280348 0.59920221014196684 0.1967173290104256 0.19054261198978395 16.532204501244632 11.641737080397531 0.20731115387065457 68.123427521921542 2.3134414373413636 2.0146662406623399 0.42396952639683122 3.2331837658712175 0.15089102007914335 0.082040778012714088 20.170916976117034 0.34321710905885516 0.53600149668091035 0.022987281961832223 0.1034178817760498 0.031633510545361787 0.016262893914245069 1.3117827605456112 6.1253286128194047 0.058817514457642939 1.127772941811801 19.011346507041004
leaf_count=34743 14248 5740 4345 38 962 81 27 33 9552 2952 9 3587 89 3 27 131 43 35 65 28 18 45 15 2 4 11 2545 7 59 423
internal_value=0.00815066 0.0190827 0.0247117 -0.0772905 0.0287692 0.0107583 -0.61816 -1.23468 0.0153255 -0.00303549 -0.0888336 0.0149701 0.0497458 0.0175172 -0.124336 -0.211584 -0.732131 -1.67181 0.0409549 -0.130908 -0.547521 -1.0655 -2.2729 -4.20304 -2.57816 -0.136347 -0.0926003 -0.118604 0.05531 0.0117294
internal_weight=308.95 278.708 264.417 10.1156 254.302 136.823 0.986462 0.38726 135.837 96.5047 16.7395 79.7652 117.478 50.8935 7.21653 5.20187 0.656901 0.232932 43.677 3.36696 1.05352 0.517519 0.174302 0.0708837 0.0392502 4.54497 30.2415 24.1161 40.31 20.1391
internal_count=79867 42572 28324 4383 23941 21981 141 60 21840 16100 9561 6539 1960 998 250 247 105 78 748 201 112 94 66 51 49 142 37295 34750 547 482
is_linear=0
shrinkage=0.1


Tree=26
num_leaves=31
num_cat=0
split_feature=2 7 12 7 1 3 3 12 6 3 6 8 7 7 0 12 15 7 8 14 14 7 7 12 12 12 14 14 12 7
split_gain=30.5074 14.4409 21.5059 8.34003 8.11214 8.59662 7.83121 7.53071 10.0224 40.6872 10.8447 19.5722 21.5603 27.755 13.6363 8.3872 19.4844 10.7961 8.21805 8.37834 8.11063 7.07062 6.74915 6.70698 8.94528 8.67951 12.9069 42.2738 10.1109 6.54896
threshold=0.42724867724867732 0.18019480519480521 25.500000000000004 0.18350168350168353 0.7593103448275863 0.61633428300094983 0.66260162601626027 6.5000000000000009 6.5000000000000009 0.78319623971797891 3.5000000000000004 0.41987654320987661 0.54195804195804198 0.46410256410256417 0.84523809523809534 5.5000000000000009 1.0000000180025095e-35 0.44949494949494956 0.51818783068783081 23.487196041850797 27.562982556358197 0.42261904761904767 0.43303571428571436 75.500000000000014 70.500000000000014 26.500000000000004 18.143056102308858 17.066221382944743 68.500000000000014 0.40588235294117653
decision_type=2 2 2 2 2 2 2 2 2 2 2 2 2 2 2 2 2 2 2 2 2 2 2 2 2 2 2 2 2 2
left_child=6 2 -2 -3 -4 -6 22 15 10 -10 11 -9 13 14 -13 16 -5 18 19 29 -20 -8 -1 24 25 -7 27 28 -27 -18
right_child=1 3 4 7 5 23 21 8 9 -11 -12 12 -14 -15 -16 -17 17 -19 20 -21 -22 -23 -24 -25 -26 26 -28 -29 -30 -31
leaf_value=-0.10396205273366882 -0.098463090279659743 0.10983502753998656 -0.12836479343428273 0.071797066872575824 0.083195435882478533 0.087448328239074349 -0.11707531871453956 0.050247432815487769 0.038025867976960392 -0.56242725081598077 0.078342590724331182 -0.02758092359161551 0.015597271766879577 -0.9584859168475317 -0.34416281456233083 0.090611237742069917 -0.15356437126950043 -0.0016020487563808573 -0.12618833601916912 0.073312646493306266 -0.74015628561071112 0.10076977401778503 -0.32138842211690211 -0.18130100907639479 0.082978553194705484 -0.068780329315079325 0.016703555839095056 -1.4414600976576291 -1.0820170829949718 -0.68935503697323897
leaf_weight=20.195397555038678 21.610467807327254 14.688660883093688 3.9007762891964566 38.490925811596099 16.815139001489882 7.9181779805046792 2.5779740343456177 15.545167754341204 4.1428748039246068 1.5509722339245948 16.920473911897652 2.6799348473658866 5.866076249558799 0.51190609529692999 2.7636708351173636 30.398095511109176 3.9243549211776503 18.767615939616078 0.42462941032819213 1.8030487862415592 0.43616868462413549 3.530111900893893 1.5362614152532206 1.9105435077981372 13.058688722783698 17.758585758414196 27.945047217682696 0.22910387567026091 0.099033540987874313 0.24220990762113936
leaf_count=34712 32239 141 3068 186 825 182 2531 237 163 32 190 172 107 15 40 120 464 223 59 5 7 14 38 293 127 3430 143 52 49 3
internal_value=0.00846176 0.0187241 -0.00891751 0.0380447 0.0126714 0.0190883 -0.0912142 0.0307454 -0.000646283 -0.125534 0.0154101 -0.0235002 -0.120477 -0.254508 -0.188307 0.0473508 0.0268319 -0.0407807 -0.14843 -0.106778 -0.437288 0.00882624 -0.119332 0.00344722 0.00871474 -0.00926096 -0.0258965 -0.091716 -0.0743995 -0.184711
internal_weight=298.242 270.402 111.246 159.157 89.6351 85.7343 27.8397 144.468 49.9811 5.69385 44.2872 27.3668 11.8216 5.95551 5.44361 94.487 64.089 25.598 6.83041 5.96961 0.860798 6.10809 21.7317 68.9192 67.0086 53.9499 46.0318 18.0867 17.8576 4.16656
internal_count=79867 42572 40408 2164 8169 5101 37295 2023 956 195 761 571 334 227 212 1067 947 761 538 472 66 2545 34750 4276 3983 3856 3674 3531 3479 467
is_linear=0
shrinkage=0.1


Tree=27
num_leaves=31
num_cat=0
split_feature=0 14 6 14 7 14 14 14 7 7 4 3 3 3 7 8 14 14 14 1 0 7 8 14 12 14 12 7 15 4
split_gain=27.3086 15.4682 10.5061 19.8463 55.4898 9.93429 8.12795 22.0668 12.662 18.544 10.5915 9.99796 10.614 17.2461 81.791 7.45176 7.23399 7.92204 21.1564 12.1486 12.0992 9.8237 17.5503 7.92622 9.90205 9.59938 8.55196 7.04935 6.92488 13.364
threshold=0.31666666666666671 9.9290926391327066 9.5000000000000018 10.174868621858675 0.089572192513368995 27.562982556358197 19.77728587547897 19.244429595936335 0.62019230769230782 0.24068965517241384 1.5000000000000002 0.82097069597069605 0.78086890243902451 0.78319623971797891 0.080540540540540564 0.70483682983682994 13.382570632395051 13.529702120382128 14.963815096647137 0.90590711175616845 0.58571428571428574 0.46410256410256417 0.46060023654642229 15.193842091064157 66.500000000000014 15.501959961563546 33.500000000000007 0.54195804195804198 1.0000000180025095e-35 3.5000000000000004
decision_type=2 2 2 2 2 2 2 2 2 2 2 2 2 2 2 2 2 2 2 2 2 2 2 2 2 2 2 2 2 2
left_child=-1 -2 6 4 -4 -5 7 10 9 -9 -3 12 27 14 -14 -7 -13 -18 19 -19 -21 22 -22 -20 25 26 -25 -12 -8 -30
right_child=1 2 3 5 -6 15 28 8 -10 -11 11 16 13 -15 -16 -17 17 18 23 20 21 -23 -24 24 -26 -27 -28 -29 29 -31
leaf_value=-0.093087739022082838 -0.11205541836260061 0.061261223919823193 -0.10023209805386622 -0.044069924180506932 -7.5679711778079799 -0.10700302102000436 0.069977363139596668 -0.31686434304570976 0.10006782856403501 -1.3060930270221358 -0.072995965219232975 -0.05333487092805167 -0.10005148466166454 -0.18677902962367093 -10.283838279577907 -0.93244108529064995 0.083286903688923039 0.067455514340528211 0.091989215621492343 -0.84127919311019328 -0.19389626774775867 0.10006989934165407 -0.93072222893963419 -0.074615261663919297 -0.58322697973309845 0.020079514446275058 -0.67214411138136443 0.07785661671656309 0.041328104337127809 -0.1030566121581257
leaf_weight=24.373166360879793 8.8836649572571655 34.686529747441725 0.038728632673154961 10.813080852154034 0.013390618541584853 0.21341952391321761 59.130736211998546 0.67997580023074466 0.36658884771180011 0.26271489179748642 10.557919685575788 13.502183994403799 0.041582970546412912 4.0918174180276958 0.0097323682271053258 0.22432352700263891 18.019914635369787 1.900070684365345 14.842767921266441 0.30207948861061584 3.8435907941683283 0.95115577988326538 0.35294697030004574 0.65809212184726762 0.28992997854947944 20.524470822465716 0.37658886682422776 4.3840191537167952 42.036240494546696 7.5640802373128926
leaf_count=38585 10507 4722 62 5417 27 39 985 147 9 7 9152 3425 89 2071 13 4 450 250 249 43 956 22 8 296 3 1270 5 21 776 257
internal_value=0.00811799 0.0176213 0.0222169 -0.0719953 -2.01886 -0.0629764 0.0266654 0.00985487 -0.398621 -0.592549 0.0139899 -0.00333386 -0.0680046 -0.209627 -2.03149 -0.530003 0.013 0.0274318 0.00457841 -0.15028 -0.226194 -0.190099 -0.255867 0.0355985 -0.00270946 0.0050974 -0.292096 -0.0287353 0.0468639 0.0193093
internal_weight=283.936 259.562 250.679 11.3029 0.0521193 11.2508 239.376 130.645 1.30928 0.942691 129.335 94.6489 19.0851 4.14313 0.0513153 0.437743 75.5638 62.0616 44.0417 7.34984 5.44977 5.14769 4.19654 36.6918 21.8491 21.5592 1.03468 14.9419 108.731 49.6003
internal_count=79867 41282 30775 5549 89 5460 25226 23208 163 154 23045 18323 11346 2173 102 43 6977 3552 3102 1279 1029 986 964 1823 1574 1571 301 9173 2018 1033
is_linear=0
shrinkage=0.1


Tree=28
num_leaves=31
num_cat=0
split_feature=2 7 8 0 3 7 7 7 12 12 15 2 7 12 7 14 8 12 2 2 6 7 8 14 6 4 14 8 1 12
split_gain=24.5452 11.9957 17.9098 7.8538 7.61859 19.0437 8.60551 7.09714 6.14174 8.44434 15.6582 9.13423 9.67447 8.06732 16.3584 13.1755 15.6271 38.2746 8.46743 68.8613 8.08241 10.667 7.81458 8.14623 6.13684 7.28975 7.49278 5.6757 5.00741 4.88142
threshold=0.42724867724867732 0.18019480519480521 1.0000000180025095e-35 0.38750000000000007 0.5783625730994153 0.43303571428571436 0.42261904761904767 0.18350168350168353 6.5000000000000009 5.5000000000000009 1.0000000180025095e-35 0.58236434108527135 0.79285714285714304 25.500000000000004 0.46410256410256417 13.092404873203485 0.49193338537600839 11.500000000000002 0.57735042735042741 0.55409356725146208 1.5000000000000002 0.69615384615384623 0.59317129629629639 17.731989448711584 5.5000000000000009 3.5000000000000004 16.285264543936979 0.70483682983682994 0.7593103448275863 72.500000000000014
decision_type=2 2 2 2 2 2 2 2 2 2 2 2 2 2 2 2 2 2 2 2 2 2 2 2 2 2 2 2 2 2
left_child=4 2 3 28 5 -1 -6 -3 9 10 -9 -12 24 14 15 18 -17 -18 19 -10 21 22 -16 -24 25 26 -13 -28 -2 -4
right_child=1 7 29 -5 6 -7 -8 8 13 -11 11 12 -14 -15 20 16 17 -19 -20 -21 -22 -23 23 -25 -26 -27 27 -29 -30 -31
leaf_value=-0.10391753595407663 -0.11227812897195857 0.10654051568691088 -0.098631803722497635 -0.0024814919728268457 -0.10715240538365495 -0.59675985167968304 0.097167270464424943 0.067672845238097828 -0.10037796231608304 0.091497243198717673 0.068163164887896949 -0.16169001199255217 0.074283752956966417 0.059854924671477509 -0.029572263983077003 -0.085364640961240842 -1.0433694605131045 -0.18452836030846648 0.049019551529652317 -7.5363311766870895 0.061604869003349806 0.051045964928657685 -0.12150729896538098 -0.54297957720796541 -0.28151182799416508 -0.27504056572362018 0.075968593971928372 -0.10135198513830841 0.089127011268560152 0.039055102315997736
leaf_weight=14.742138678164475 1.3366052463297915 12.859515221833247 22.092853469891555 59.610702062462117 4.3986325994198738 0.82807635884976249 3.8794194381489655 34.38876971824098 0.16851626283810806 26.651398320457353 6.304991687126182 4.2086746200225429 3.6964905196851516 15.317642525193888 1.5271383500659963 3.7985677366148751 0.68970095660853958 2.095371827329453 3.6540365876956047 0.013447608373992614 15.122062314234361 3.5984229857820589 0.90204397081558885 0.93280758528006313 1.7629434007651177 1.7247555674985058 4.5071202433246063 3.0110093850926827 16.150707469087422 2.9145952713297438
leaf_count=30892 443 141 38600 777 6348 33 22 186 231 120 313 211 103 198 18 102 41 32 136 34 60 61 19 24 58 15 34 27 198 390
internal_value=0.00799999 0.0172807 -0.00904711 0.0148054 -0.0889164 -0.130129 -0.0114002 0.035576 0.0287696 0.0447056 0.0237834 -0.0360717 -0.0708239 2.46576e-05 -0.0281722 -0.131451 -0.217286 -0.397213 0.015865 -0.649914 0.02056 -0.0686132 -0.196687 -0.335777 -0.106079 -0.0830871 -0.0548549 0.00495174 0.073733 -0.0825845
internal_weight=272.889 249.041 102.105 77.098 23.8483 15.5702 8.27805 146.935 134.076 86.2562 59.6048 25.216 18.911 47.8198 32.5021 10.4196 6.58364 2.78507 3.836 0.181964 22.0825 6.96041 3.36199 1.83485 15.2145 13.4516 11.7268 7.51813 17.4873 25.0074
internal_count=79867 42572 40408 1418 37295 30925 6370 2164 2023 1067 947 761 448 956 758 576 175 73 401 265 182 122 61 43 345 287 272 61 641 38990
is_linear=0
shrinkage=0.1


Tree=29
num_leaves=31
num_cat=0
split_feature=2 7 12 3 7 7 7 1 3 6 2 8 7 12 12 15 7 0 12 7 11 8 14 14 14 11 6 8 7 12
split_gain=22.0802 10.3936 16.5834 7.10989 23.9308 7.69583 6.43177 6.25116 6.25155 5.4979 5.41955 5.26772 15.332 5.58885 6.67645 11.8186 11.1997 8.95672 6.22697 13.211 11.9806 47.5678 15.9681 116.681 9.94445 6.43185 5.96225 13.4336 10.8952 5.17456
threshold=0.42724867724867732 0.18019480519480521 25.500000000000004 0.5783625730994153 0.43303571428571436 0.42261904761904767 0.18350168350168353 0.7593103448275863 0.61633428300094983 7.5000000000000009 0.63525498891352561 0.19367341835458871 0.42261904761904767 6.5000000000000009 5.5000000000000009 1.0000000180025095e-35 0.44949494949494956 0.64583333333333337 25.500000000000004 0.44949494949494956 1.0000000180025095e-35 0.59317129629629639 7.9814380058369663 7.8050164608710606 13.129386336403496 1.0000000180025095e-35 1.5000000000000002 0.70483682983682994 0.69615384615384623 75.500000000000014
decision_type=2 2 2 2 2 2 2 2 2 2 2 2 2 2 2 2 2 2 2 2 2 2 2 2 2 2 2 2 2 2
left_child=3 2 -2 4 -1 -5 -3 -4 9 -9 -10 12 -8 14 15 -13 17 -17 19 20 24 22 23 -22 -15 26 27 -21 -29 -12
right_child=1 6 7 5 -6 -7 11 8 10 -11 29 13 -14 18 -16 16 -18 -19 -20 25 21 -23 -24 -25 -26 -27 -28 28 -30 -31
leaf_value=-0.10375835471558166 -0.097372681976330699 0.10422187377523995 -0.12675961179881864 -0.10569476598201373 -0.74676596347155877 0.096414721417530186 0.082680258436562029 0.089475470406148824 -0.1193606064662176 -0.23121396387683313 0.014448252105027953 0.067021685612424053 -0.44513817474143375 0.077754307620641339 0.08954242113985178 -0.0031549927734006223 0.012496132859864471 -0.25551963785324722 0.057443687167730767 -0.019371340559885188 -0.10006999811292544 -2.8796832333236733 -0.18362031877498303 -13.590815017283882 -0.14656137979525558 0.071574683553398424 0.027443476741170921 -0.70073839436337471 -0.083514064182872605 -0.16812062092241301
leaf_weight=13.358685999963141 17.302970909927978 11.881573155956429 3.1946638670689671 4.0322183214690597 0.60500981194760406 3.5362997881113722 1.4188230742563956 13.388355663593966 3.435646680737789 0.55683275350793415 59.753272620988866 31.464747696095387 0.89907859283965574 3.0001162008556426 24.610537454214729 2.4510003865062648 17.862905138586619 3.2996051869649712 14.509297785834674 3.1738833035342653 0.047453126771780929 0.072151592136748266 1.4006375042537809 0.0074124886939088688 5.7915462651094609 12.040442910232365 6.1966532008248594 0.62438825365006734 0.52768694268823269 1.5938686338567993
leaf_count=30892 32239 141 3068 6348 33 22 38 330 1439 495 2653 169 29 35 118 468 206 49 197 37 118 19 297 25 68 56 45 25 24 184
internal_value=0.00770156 0.0163872 -0.00841841 -0.0893131 -0.131618 -0.0112615 0.033809 0.0103697 0.0159342 0.0766703 0.00286013 0.0273435 -0.122052 0.0300685 0.0462409 0.0268925 -0.0265793 -0.147958 0.0028747 -0.0212038 -0.11493 -0.373415 -0.249176 -1.92271 -0.0700146 0.0216621 -0.03545 -0.125541 -0.41803 0.0097049
internal_weight=262.038 240.506 99.2256 21.5322 13.9637 7.56852 141.28 81.9226 78.728 13.9452 64.7828 129.398 2.3179 127.08 79.6888 55.0783 23.6135 5.75061 47.3917 32.8824 10.3193 1.52765 1.4555 0.0548656 8.79166 22.5631 10.5226 4.32596 1.15208 61.3471
internal_count=79867 42572 40408 37295 30925 6370 2164 8169 5101 825 4276 2023 67 1956 1010 892 723 517 946 749 562 459 440 143 103 187 131 86 49 2837
is_linear=0
shrinkage=0.1


Tree=30
num_leaves=31
num_cat=0
split_feature=2 7 12 3 7 7 7 1 3 3 12 12 6 8 14 2 8 7 15 7 14 14 6 4 14 14 14 7 7 2
split_gain=19.7967 8.91008 14.5138 6.61379 28.9226 6.87187 5.84805 5.55011 5.57355 5.05742 5.02527 8.28917 11.4276 196.434 4.79711 8.39618 7.57377 13.1328 4.77029 6.08383 8.53828 11.2169 7.31952 22.9293 4.68683 11.1107 4.52075 8.31278 13.6376 13.7267
threshold=0.42724867724867732 0.18019480519480521 25.500000000000004 0.5783625730994153 0.43303571428571436 0.42261904761904767 0.18350168350168353 0.7593103448275863 0.61633428300094983 0.40838270792187847 26.500000000000004 28.500000000000004 2.5000000000000004 0.15638586956521741 22.522374801770173 0.78679653679653694 0.43353413654618478 0.43303571428571436 1.0000000180025095e-35 0.12310606060606062 24.643985043267573 22.026795727505853 7.5000000000000009 2.5000000000000004 19.77728587547897 15.06563971653374 19.244429595936335 0.59411764705882364 0.324561403508772 0.68090909090909102
decision_type=2 2 2 2 2 2 2 2 2 2 2 2 2 2 2 2 2 2 2 2 2 2 2 2 2 2 2 2 2 2
left_child=3 2 -2 4 -1 -5 -3 -4 9 -9 -10 12 13 -12 26 -16 -17 -18 19 20 21 22 23 24 25 -13 -8 28 -28 -30
right_child=1 6 7 5 -6 -7 14 8 10 -11 11 18 -14 -15 15 16 17 -19 -20 -21 -22 -23 -24 -25 -26 -27 27 -29 29 -31
leaf_value=-0.10359338958112652 -0.094445990101433175 0.10186119163678263 -0.12614575044109283 -0.10408961643564517 -0.92120230512604717 0.095547599711548942 0.018987105030930176 -0.36950810455338456 0.084299046407872558 0.083268777848866452 -21.12506549207993 -0.059422019554424547 -0.18692471965824084 -0.10006505969861884 0.074479946869770539 0.059633347689155604 -0.31902583367192083 -0.012628963990726117 0.019512828075966562 0.076187132056183909 0.099322922565576385 -0.54484923233102733 0.072769896270091589 -0.84296264318646286 0.10034791345780236 -0.35487824764481135 0.040604180047876304 0.039303068803565246 -0.042060969238475944 -0.48468407852422896
leaf_weight=12.105728752155404 16.11755289438949 10.987511482312383 2.9040263817191905 3.7019769211924132 0.44869637357826597 3.2273916733509944 61.489710078393813 0.2515770657628299 6.73686798611807 12.712410236788143 0.0047562365668615261 6.8244805855797761 1.1729943440535775 0.067627002430526773 37.26159484737569 7.6357974578139887 1.780958401192035 6.5209743306622885 37.149866104649377 3.5402019324355924 2.5191593450809995 0.54749444650951851 2.4433084773529581 0.42060445580337535 1.1548533267040291 1.5645867013001291 2.2553359181031434 4.915196351458234 1.2570248789372234 1.5829487472722596
leaf_count=30892 32239 141 3068 6348 33 22 1624 65 182 760 37 1433 213 126 72 36 24 83 1597 45 11 15 549 34 4 30 31 93 11 49
internal_value=0.00728353 0.0154204 -0.00787122 -0.0895299 -0.132815 -0.0111075 0.0319222 0.00956772 0.0146787 0.0744823 0.00259253 -0.00699546 -0.262173 -1.4816 0.0257598 0.0484981 -0.0122462 -0.0783582 -0.00133722 -0.0420729 -0.0691281 -0.101883 -0.0823375 -0.12037 -0.0885249 -0.114526 0.00884149 -0.0534782 -0.14298 -0.288771
internal_weight=251.303 231.819 96.1324 19.4838 12.5544 6.92937 135.687 80.0148 77.1108 12.964 64.1468 57.4099 1.24538 0.0723832 124.7 53.1993 15.9377 8.30193 56.1646 19.0147 15.4745 12.9553 12.4078 9.96453 9.54392 8.38907 71.5002 10.0105 5.09531 2.83997
internal_count=79867 42572 40408 37295 30925 6370 2164 8169 5101 825 4276 4094 376 163 2023 215 143 107 3718 2121 2076 2065 2050 1501 1467 1463 1808 184 91 60
is_linear=0
shrinkage=0.1


Tree=31
num_leaves=31
num_cat=0
split_feature=2 7 8 0 3 7 7 7 8 12 3 12 12 15 7 0 6 3 6 7 8 7 15 0 3 15 6 12 7 12
split_gain=17.5759 7.50124 13.0786 6.27412 6.01018 24.1143 6.1254 5.351 4.89369 4.49572 5.50354 4.24695 6.55898 11.4692 8.43317 7.47246 6.14675 18.9281 6.73187 8.7214 8.43748 10.8035 29.8684 114.937 7.20946 4.3604 10.8522 9.71597 4.15613 3.96778
threshold=0.42724867724867732 0.18019480519480521 1.0000000180025095e-35 0.38750000000000007 0.5783625730994153 0.43303571428571436 0.42261904761904767 0.18350168350168353 0.17623529411764713 38.500000000000007 0.9194594594594595 6.5000000000000009 5.5000000000000009 1.0000000180025095e-35 0.44949494949494956 0.64583333333333337 6.5000000000000009 0.78319623971797891 3.5000000000000004 0.46410256410256417 0.41702898550724643 0.54195804195804198 1.0000000180025095e-35 0.84523809523809534 0.67890835579514841 1.0000000180025095e-35 1.0000000180025095e-35 10.500000000000002 0.42261904761904767 1.0000000180025095e-35
decision_type=2 2 2 2 2 2 2 2 2 2 2 2 2 2 2 2 2 2 2 2 2 2 2 2 2 2 2 2 2 2
left_child=4 2 3 -2 5 -1 -6 -3 28 -4 -11 12 13 -10 15 -15 18 -18 20 -20 25 22 -22 24 -24 -13 -27 -28 -9 -16
right_child=1 7 9 -5 6 -7 -8 8 11 10 -12 16 -14 14 29 -17 17 -19 19 -21 21 -23 23 -25 -26 26 27 -29 -30 -31
leaf_value=-0.10342423796075227 0.071047906863193885 0.099416632572429803 -0.10964489198629877 -0.0023417732661971578 -0.10232123981332719 -0.86464855863455059 0.094549142807199324 0.044871035643233234 0.063287448622187575 -0.11727509062995334 0.076412465644820793 0.0821078142715988 0.086654680178107457 -0.0061917603868383141 -0.059371225426100474 -0.24113386731134537 0.032571119029585212 -0.37489365680355774 -0.14193897581198808 0.10284121434804468 -0.032105171889027367 0.025550543187646164 -0.57556233260850953 -2.1147393641416108 -0.020846248776642304 0.045298623386779022 -0.9898858603537124 -0.18133388695036434 -0.33809476947040074 0.038240481502512212
leaf_weight=10.970738287595537 14.579479691688872 10.174096994969785 14.087516210984344 57.951447103538541 3.4047076081683181 0.43255765121792755 2.949589751454138 0.48318730289762002 29.31253716781827 2.5595103867910898 3.4370085454646255 9.2075527043132706 21.908761849748643 2.398774646273055 6.5527512997842967 3.1074878213721764 3.4909565955726882 1.6929266224427491 1.6589315300589422 11.874023083944758 5.5667820513864914 6.6506799090465956 0.28652871539232161 0.35475954985551172 1.2851958929742571 3.3329519606602713 0.18395158293375757 0.77371477447985226 0.68528900597781972 11.424978235768835
leaf_count=30892 641 141 35401 777 6348 33 22 26 170 3159 430 38 119 474 111 50 162 31 167 21 59 107 95 14 70 40 52 94 23 100
internal_value=0.00690819 0.0144666 -0.00736413 0.0124103 -0.0888715 -0.1323 -0.0109363 0.0297367 0.0239368 -0.078777 -0.00625972 0.0259026 0.040657 0.0215695 -0.0305025 -0.138783 0.00212651 -0.100497 0.0150466 0.0728349 -0.0132452 -0.0672178 -0.149555 -0.488938 -0.121972 0.0433095 -0.0399508 -0.336643 -0.179731 0.00266173
internal_weight=242.779 225.022 92.615 72.5309 17.7576 11.4033 6.3543 132.407 122.233 20.084 5.99652 121.064 74.7053 52.7965 23.484 5.50626 46.359 5.18388 41.1751 13.533 27.6421 14.1439 7.49327 1.92648 1.57172 13.4982 4.29062 0.957666 1.16848 17.9777
internal_count=79867 42572 40408 1418 37295 30925 6370 2164 2023 38990 3589 1974 1024 905 735 524 950 193 757 188 569 345 238 179 165 224 186 146 49 211
is_linear=0
shrinkage=0.1


Tree=32
num_leaves=31
num_cat=0
split_feature=2 14 6 14 3 7 7 7 14 6 7 9 4 4 2 1 8 7 15 4 8 12 12 12 12 14 15 8 7 11
split_gain=15.4322 6.59372 6.41797 11.4378 5.33624 36.3928 6.43787 5.44904 5.09707 6.61427 5.94839 9.16761 6.85164 5.72061 10.0015 14.1895 5.10348 8.1693 6.92007 83.9735 632.59 15.3054 93.6777 8.43173 6.05124 7.04833 5.69464 9.5717 4.82058 4.68534
threshold=0.42724867724867732 9.9290926391327066 9.5000000000000018 27.562982556358197 0.5783625730994153 0.77350427350427364 0.43303571428571436 0.42261904761904767 24.643985043267573 3.5000000000000004 0.24068965517241384 1.0000000180025095e-35 3.5000000000000004 1.5000000000000002 0.96225071225071235 0.9548846675712348 0.59317129629629639 0.12310606060606062 1.0000000180025095e-35 2.5000000000000004 0.066987179487179485 34.500000000000007 33.500000000000007 26.500000000000004 56.500000000000007 17.731989448711584 1.0000000180025095e-35 0.77871939736346529 0.29705882352941182 1.0000000180025095e-35
decision_type=2 2 2 2 2 2 2 2 2 2 2 2 2 2 2 2 2 2 2 2 2 2 2 2 2 2 2 2 2 2
left_child=4 28 8 29 5 6 -1 -6 13 10 -10 12 -12 -3 15 -15 17 18 19 23 -21 22 -20 -16 25 -25 -18 -28 -2 -4
right_child=1 2 3 -5 7 -7 -8 -9 9 -11 11 -13 -14 14 16 -17 26 -19 21 20 -22 -23 -24 24 -26 -27 27 -29 -30 -31
leaf_value=-0.10325245524381368 -0.11330211390375047 0.052425723322865603 -0.091835906900750774 -0.68616954974555522 -0.10037132279677763 -3.7897750577766711 -0.47674788178034028 0.093402235427205452 0.069776092387197883 0.073082053868398958 -0.044470371371558605 0.10024795564011901 -0.2588039136570664 -0.034031739133184156 0.081337538536470841 -0.54407545016491388 0.029327175906275933 0.063389495730889575 -0.16706040520200549 -14.52073920847152 -0.10034209210582715 0.041008513051231432 -5.2717642985698134 -0.1646825765359046 -0.019008145333859038 -0.75476969067188604 -0.31536597713926517 -0.022154860114326547 0.040473178823231974 0.069426070246747712
leaf_weight=9.9424247035679851 6.7751524020768636 28.10721893143608 6.1710623977533983 0.28717233443012524 3.1375853479992277 0.02710212452729166 0.48396422691693253 2.70006062620141 6.1929475377983243 34.485760722974874 4.179100336973022 2.6323576532304305 2.319144331384468 35.318355864689153 4.5986599373921999 0.55400054941131216 4.9850227378204375 37.053989140042873 0.92554882654375248 0.034192680438840828 0.27575518985409742 24.797734286839123 0.037402454004450192 2.3109942805169719 4.0180817017972004 0.22185230016475532 1.6885712810691607 3.2681743020381924 2.9159543924993629 2.5445874906424004
leaf_count=30892 14200 5743 3798 38 6348 7 26 22 316 187 39 43 21 13141 1275 24 87 189 1678 12 337 210 12 382 145 5 29 66 48 547
internal_value=0.00653089 0.0135875 0.0173617 -0.0652144 -0.0873329 -0.130102 -0.120589 -0.0107461 0.0211162 0.0487911 -0.00587603 -0.057188 -0.120963 0.0118146 0.00230937 -0.0419087 0.0211443 0.0301507 -0.00293965 -0.0675885 -1.69116 0.0258191 -0.365335 -0.0224547 -0.0953154 -0.216368 -0.0461414 -0.122041 -0.0670327 -0.0447545
internal_weight=232.99 216.699 207.008 9.00282 16.2911 10.4535 10.4264 5.83765 198.005 49.8093 15.3235 9.1306 6.49824 148.196 120.088 35.8724 84.216 74.2742 37.2202 11.4595 0.309948 25.7607 0.962951 11.1496 6.55093 2.53285 9.94177 4.95675 9.69111 8.71565
internal_count=79867 42572 28324 4383 37295 30925 30918 6370 23941 606 419 103 60 23335 17592 13165 4427 4245 4056 2156 349 1900 1690 1807 532 387 182 95 14248 4345
is_linear=0
shrinkage=0.1


Tree=33
num_leaves=31
num_cat=0
split_feature=2 14 14 4 7 6 6 3 7 7 6 7 3 1 9 0 12 12 12 14 14 3 0 12 7 7 1 2 12 7
split_gain=14.0669 7.28653 10.8454 15.3541 82.153 9.86156 10.1663 4.82868 57.5216 4.83617 4.80108 7.90277 5.02928 7.70002 4.4401 4.33914 6.57462 12.9025 6.44913 6.09339 5.428 5.25084 5.85413 20.4832 4.95816 4.022 3.89867 6.83439 3.95528 4.25022
threshold=0.42724867724867732 19.77728587547897 19.244429595936335 2.5000000000000004 0.324561403508772 11.500000000000002 18.500000000000004 0.5783625730994153 0.93933823529411775 0.42261904761904767 7.5000000000000009 0.54195804195804198 0.41421362489486974 0.68243189102564117 1.0000000180025095e-35 0.34848484848484856 70.500000000000014 66.500000000000014 75.500000000000014 13.48939424335123 10.911323393649148 0.73942823108993461 0.64583333333333337 9.5000000000000018 0.37171052631578955 0.43303571428571436 0.77578327105490097 0.67928571428571438 1.0000000180025095e-35 0.93933823529411775
decision_type=2 2 2 2 2 2 2 2 2 2 2 2 2 2 2 2 2 2 2 2 2 2 2 2 2 2 2 2 2 2
left_child=7 2 10 -4 -5 26 -7 8 25 -9 12 -12 -2 -14 15 20 17 21 -18 -19 24 22 -17 -24 -15 -1 27 -3 29 -28
right_child=1 5 3 4 -6 6 -8 9 -10 -11 11 -13 13 14 -16 16 18 19 -20 -21 -22 -23 23 -25 -26 -27 28 -29 -30 -31
leaf_value=-0.10307956642578231 0.086007894228911086 -0.017843121581539691 -0.047787810778197694 -0.15967684061023157 -3.6696318758899089 -0.119978436075713 -0.96360479000449351 -0.098219976616179622 -6.091991961521277 0.09208996339836284 -0.12776815091473043 0.031301769924852424 -0.11932994670673853 -0.11143556999422409 0.079405093296240917 -0.11834072807672513 0.086583755647481567 -0.12417163182154108 -0.12224273184295863 -0.81058102312291291 0.080191813511184498 -0.012842060756297183 -2.9356988061206124 -0.10986993704380472 0.065809655836271019 -0.38499131342827586 -0.1146610746318637 -0.59677027788426595 0.045750579726935414 0.10009424801349259
leaf_weight=9.0106120496859052 7.7065376780553114 0.98926733865768979 1.0300540723295473 0.41277017372419766 0.079532382544130087 0.63244053708695247 0.18452042768187127 2.8980984760114699 0.016149858718578325 2.476216327225814 7.0174810784976751 5.6280764924034985 4.9572887537862433 3.5332545704469682 8.0821877232662427 2.8101913790472532 10.277078037383033 0.22596500290796839 1.7274496353547864 0.30240618631069083 13.092738131354327 50.436352224079556 0.033553802320966386 0.10891172786068637 2.8522949116809997 0.53619103944995217 3.1190579428660756 0.25686308678408598 84.706420705133539 1.3080343063534501
leaf_count=30892 1347 96 48 136 5 160 53 6348 4 22 9149 42 8497 6160 92 3674 79 51 174 13 1333 9366 33 54 19 29 80 12 1858 41
internal_value=0.00741032 0.0140338 -0.00212564 -0.267341 -0.726717 0.0353526 -0.310522 -0.0863773 -0.129 -0.0105346 0.00127318 -0.0569719 0.00821212 0.00212173 0.00856221 0.00185771 -0.010395 -0.0252965 0.0565337 -0.517029 0.0433256 -0.02043 -0.150045 -0.775416 -0.0322637 -0.118913 0.038479 -0.137177 0.0409348 -0.0512092
internal_weight=226.448 211.511 120.314 1.52236 0.492303 91.1966 0.816961 14.9373 9.56295 5.37431 118.792 12.6456 106.146 98.4397 93.4824 85.4002 65.9219 53.9174 12.0045 0.528371 19.4783 53.389 2.95266 0.142466 6.38555 9.5468 90.3796 1.24613 89.1335 4.42709
internal_count=79867 42572 40272 189 141 2300 213 37295 30925 6370 40083 9191 30892 29545 21048 20956 13444 13191 253 64 7512 13127 3761 87 6179 30921 2087 108 1979 121
is_linear=0
shrinkage=0.1


Tree=34
num_leaves=31
num_cat=0
split_feature=0 14 7 6 14 8 6 2 2 3 14 1 4 9 12 12 14 12 14 7 8 7 12 12 15 7 12 14 11 0
split_gain=13.1001 8.64303 5.53072 5.01971 7.89699 5.31281 5.70558 5.02633 4.99283 4.97057 4.90394 7.08721 6.10484 5.33946 6.0919 10.0675 6.09658 5.58945 4.99294 4.19505 11.4547 6.1424 5.87431 6.4568 5.5917 6.43727 12.268 36.0214 5.16705 10.0106
threshold=0.31666666666666671 9.6127972522918785 0.83974358974358987 9.5000000000000018 22.026795727505853 0.85023364485981323 1.5000000000000002 0.65669642857142863 0.65450928381962881 0.68237250554323736 19.77728587547897 0.77578327105490097 1.5000000000000002 1.0000000180025095e-35 70.500000000000014 66.500000000000014 13.602175257125744 75.500000000000014 22.026795727505853 0.46410256410256417 0.46060023654642229 0.20942982456140355 25.500000000000004 26.500000000000004 1.0000000180025095e-35 0.13840996168582378 28.500000000000004 17.731989448711584 1.0000000180025095e-35 0.84523809523809534
decision_type=2 2 2 2 2 2 2 2 2 2 2 2 2 2 2 2 2 2 2 2 2 2 2 2 2 2 2 2 2 2
left_child=9 -2 3 5 -5 10 -7 8 -6 -1 12 18 -3 14 15 19 -17 -16 -12 20 21 22 -14 -24 25 26 27 -25 -22 -30
right_child=1 2 -4 4 7 6 -8 -9 -10 -11 11 -13 13 -15 17 16 -18 -19 -20 -21 28 -23 23 24 -26 -27 -28 -29 29 -31
leaf_value=-0.11165057806852229 -0.11747616665137511 0.051920860052351969 0.086496152878385052 -0.024781587574586594 -0.38211323377919626 -0.014103123012039876 -0.23176479548096418 0.021615055253903909 -1.2553733912061236 0.034310270564847943 -0.77686340353153971 0.04440228255125956 -0.13893646028342557 0.076424136232866521 0.083174653377666885 -0.1321258756140325 -0.69809533733821161 -0.11305813376706869 -0.13513207283914561 0.025062980874390808 -0.15363025209821629 0.033241961818578657 0.082764527209337885 -0.1000332284384705 -0.011317297608333001 0.048014767483884321 -0.16490457680031845 -5.2610855041661306 -0.11752724504676998 -0.90029908647746604
leaf_weight=11.44531504491364 4.6918814429043314 24.309891237364383 11.721957339374368 7.7600095363464057 0.60448004417870826 4.5229731912841151 1.6413302708050066 0.28858602886248352 0.073425384005531669 2.9304677948300215 0.14971953391658543 76.834345097979011 5.7705269846171836 7.249223905906546 9.6377712183602835 0.42500476419058841 0.34468489287246484 1.7089056239083209 0.63740165275403116 14.571622978808618 2.6072013366726896 13.407597444637579 4.4041492758264189 0.049181276062460699 11.878887962098267 1.588730128472889 4.8167414683547465 0.01865209731113282 0.36634036517687008 0.2948862366905467
leaf_count=37576 9529 5482 149 5397 177 64 34 46 4 1009 43 1802 14375 51 100 74 11 246 62 97 36 198 162 180 1250 28 1577 6 91 11
internal_value=0.0104876 0.0167411 0.0197732 0.015782 -0.0583537 0.0192373 -0.0720585 -0.327906 -0.476698 -0.0818968 0.0223453 0.0413439 0.00809012 -0.00537361 -0.0136218 -0.0262237 -0.38558 0.0536203 -0.257197 -0.0215965 -0.0366376 -0.0225838 -0.0488219 -0.0259708 -0.052065 -0.126839 -0.183712 -1.51916 -0.21695 -0.466619
internal_weight=226.752 212.376 207.684 195.962 8.7265 187.236 6.1643 0.966491 0.677905 14.3758 181.071 77.6215 103.45 79.1401 71.8909 60.5442 0.76969 11.3467 0.787121 59.7745 45.2029 41.9345 28.5269 22.7563 18.3522 6.4733 4.88457 0.0678334 3.26843 0.661227
internal_count=79867 41282 31753 31604 5624 25980 98 227 181 38585 25882 1907 23975 18493 18442 18096 85 346 105 18011 17914 17776 17578 3203 3041 1791 1763 186 138 102
is_linear=0
shrinkage=0.1


Tree=35
num_leaves=31
num_cat=0
split_feature=0 14 7 3 6 14 15 12 1 6 7 14 6 4 14 4 7 14 14 12 14 12 12 6 8 14 8 6 12 8
split_gain=11.5646 7.56322 4.99736 4.59761 4.11147 5.5231 3.70386 9.53749 7.63653 7.18051 5.99747 11.3868 8.62954 6.13783 5.52825 8.25533 6.94242 14.973 16.2678 18.6266 24.7838 224.735 4.80971 4.6803 4.44498 4.42627 7.08385 4.36068 4.1412 4.07162
threshold=0.31666666666666671 9.6127972522918785 0.87867647058823539 0.68237250554323736 9.5000000000000018 22.026795727505853 1.0000000180025095e-35 4.5000000000000009 0.86184843624699281 8.5000000000000018 0.54195804195804198 27.562982556358197 7.5000000000000009 3.5000000000000004 19.77728587547897 1.5000000000000002 0.12310606060606062 17.276082511822754 18.143056102308858 101.50000000000001 17.731989448711584 16.500000000000004 26.500000000000004 5.5000000000000009 1.0000000180025095e-35 16.169535320418149 0.59317129629629639 7.5000000000000009 62.500000000000007 0.59317129629629639
decision_type=2 2 2 2 2 2 2 2 2 2 2 2 2 2 2 2 2 2 2 2 2 2 2 2 2 2 2 2 2 2
left_child=3 -2 4 -1 6 -6 9 -8 25 14 11 12 29 -13 15 27 17 22 19 20 21 -19 24 -18 -17 -9 -27 -3 -11 -10
right_child=1 2 -4 -5 5 -7 7 8 10 28 -12 13 -14 -15 -16 16 23 18 -20 -21 -22 -23 -24 -25 -26 26 -28 -29 -30 -31
leaf_value=-0.11130922790470919 -0.11430908401710874 0.078872611357860722 0.092154123934543045 0.031399255226865888 -0.022133891322979007 -0.26654878590620795 -0.062036202875102489 -0.035476251036479466 0.039024982812995074 -0.19304073713740641 0.085336436002826116 0.014121995190980894 -0.19603459880176533 -0.35047958168783361 0.065704064340927112 0.10230384314480111 0.036063977135323284 -0.10001982745747673 -0.16267785120838391 -0.26020196956696184 -1.1884899963738438 -27.257507235577965 -0.094471936808791693 -0.11647676298107479 -0.10002969183727309 -0.16840179088721186 -1.0323776216267786 -0.36690619393919843 0.094621579307396217 -0.10800214957463848
leaf_weight=10.386436009213268 4.3572123902400213 16.766134071454882 8.8911308692652522 2.8844722661850417 7.8179635166966479 1.0485434025240046 17.520727207739299 5.9158020202893473 42.855369867723731 2.1328823488306763 15.616272433767433 0.72124932738370207 1.7145331038511589 1.2831432690982181 39.258743476485122 3.5679346956075815 20.251336817177847 0.017667174862721624 1.2263653301556443 0.23661740124225616 0.18790107983001669 0.0036822256641926279 5.4030475351023419 2.2332245676193443 1.5606974183411351 1.4814975340281362 0.10139505831466511 0.22234981820690691 0.65387076052138571 1.9701195041461961
leaf_count=37576 9529 2277 124 1009 5398 227 4194 5612 2802 755 72 9 488 66 905 44 239 100 182 1 64 35 1842 45 5770 377 4 79 28 14
internal_value=0.0101768 0.0160329 0.0188632 -0.0802911 0.0154651 -0.0510381 0.018689 0.00410066 0.0202711 0.0325703 0.0314313 0.0140905 0.0241415 -0.219283 0.0374158 0.0159253 -0.0120455 -0.0727688 -0.350743 -0.86802 -1.55533 -4.78399 -0.0286316 0.0209132 0.0407316 -0.0752178 -0.223745 0.0730381 -0.125545 0.032563
internal_weight=218.288 205.017 200.66 13.2709 191.769 8.86651 182.903 89.1801 71.6594 93.7225 64.1607 48.5444 46.54 2.00439 90.9357 51.677 34.6885 12.2039 1.67223 0.445868 0.20925 0.0213494 10.5317 22.4846 5.12863 7.49869 1.58289 16.9885 2.78675 44.8255
internal_count=79867 41282 31753 38585 31629 5625 26004 13638 9444 12366 3451 3379 3304 75 11583 10678 8322 8038 382 200 199 135 7656 284 5814 5993 381 2356 783 2816
is_linear=0
shrinkage=0.1


Tree=36
num_leaves=31
num_cat=0
split_feature=0 14 7 2 1 3 4 14 6 8 1 2 2 12 12 7 7 12 7 7 12 8 14 12 2 14 12 12 12 7
split_gain=10.1099 6.59646 4.5268 4.39536 3.52194 5.95188 4.72828 5.88418 7.65074 144.111 7.28464 41.6197 126.286 3.575 10.1454 9.18437 24.3539 6.27826 8.10344 5.48396 4.24729 6.27506 4.72005 6.96171 4.05728 3.91278 8.96319 3.67008 3.66673 5.37352
threshold=0.31666666666666671 9.9290926391327066 0.87867647058823539 0.61620294599018022 0.7593103448275863 0.22401433691756276 1.5000000000000002 13.382570632395051 18.500000000000004 0.13367697594501718 0.76913919413919418 0.68237250554323736 0.69309262166405039 10.500000000000002 25.500000000000004 0.42261904761904767 0.38675213675213682 12.500000000000002 0.36038961038961043 0.18019480519480521 1.0000000180025095e-35 0.70483682983682994 15.126916844971646 4.5000000000000009 0.52679425837320593 30.30057998453368 1.5000000000000002 12.500000000000002 4.5000000000000009 0.60555555555555574
decision_type=2 2 2 2 2 2 2 2 2 2 2 2 2 2 2 2 2 2 2 2 2 2 2 2 2 2 2 2 2 2
left_child=3 -2 4 -1 5 -3 -6 -8 10 -10 11 -9 -13 19 15 16 17 -15 -19 -12 21 -21 23 -22 -16 28 -27 -17 29 -24
right_child=1 2 -4 -5 6 -7 7 8 9 -11 13 12 -14 14 24 27 -18 18 -20 20 22 -23 25 -25 -26 26 -28 -29 -30 -31
leaf_value=-0.10731664728994153 -0.098518347553764651 0.099729690898510026 0.090843562875855446 0.045665926675980198 0.066604639296805407 -0.10752046551878634 -0.03876117812765268 -0.14695094045807386 -14.94552805280494 -0.15406700242106167 -0.12781644213347446 -17.311734003945496 -0.10008787649411206 0.04498873384891236 -0.18146675676867557 -0.093758699616737662 -1.6113288152612733 -0.18885987869599016 -1.0919660644305578 0.059924186910164372 0.032100400827621521 -0.13185202475808774 -0.051554038780903394 -0.24421654368282716 0.025875189080589184 0.099901865552943767 -0.10818265236531428 0.070259682065250392 0.080707809393371729 0.070218461428754417
leaf_weight=9.9700685115051453 4.9902288308678626 1.8708053530212483 8.1552848369078372 2.3139442564806663 17.656266318410502 5.3437151950434343 19.931569921523561 0.29675261372005834 0.0067360558065921996 0.29730995132657334 1.9883252790954902 0.0058028498679050236 0.016064308503700886 1.2548753841457525 0.96142381980008096 2.3066257052713883 0.11646790162194509 3.6259999707051369 0.10215456115836063 3.458078596427459 2.9306750183949726 3.3678871882688766 5.9179830328962533 1.3236097346679452 51.358642977198116 3.9540064348839188 4.3446228064713086 3.3391803702165364 39.557071063261894 9.3475897000288732
leaf_count=38091 10507 58 124 494 1687 6978 10152 271 37 309 6185 16 58 746 233 34 4 2181 4 26 56 27 117 43 1103 6 39 30 181 70
internal_value=0.00952899 0.0149951 0.0179326 -0.0784993 0.014713 -0.0537782 0.0174973 0.0120718 0.0193151 -0.481768 0.0204067 -0.457201 -4.66751 0.0214995 0.0038884 -0.084616 -0.181894 -0.148484 -0.213606 0.0360768 0.0404686 -0.034697 0.0480838 -0.0538684 0.0220651 0.0549552 -0.00903766 0.00324905 0.0646419 0.0230111
internal_weight=210.11 197.826 192.836 12.284 184.68 7.21452 177.466 159.809 139.878 0.304046 139.574 0.31862 0.0218672 139.255 63.0654 10.7453 5.0995 4.98303 3.72815 76.1898 74.2015 6.82597 67.3756 4.25428 52.3201 63.1213 8.29863 5.64581 54.8226 15.2656
internal_count=79867 41282 30775 38585 30651 7036 23615 21928 11776 346 11430 345 74 11085 4335 2999 2935 2931 2185 6750 565 53 512 99 1336 413 45 64 368 187
is_linear=0
shrinkage=0.1


Tree=37
num_leaves=31
num_cat=0
split_feature=0 14 3 7 7 9 14 3 14 14 14 14 4 14 0 12 7 12 10 12 4 1 7 4 12 0 12 11 6 2
split_gain=8.96686 5.80907 4.17456 4.11358 9.40668 4.38945 3.56982 3.88605 3.06128 5.79039 5.96003 5.94168 5.48018 5.0236 13.759 7.19207 3.96596 3.63218 5.67123 5.14814 4.86599 7.21558 4.777 4.35323 5.72735 9.74965 4.2076 12.6353 3.87966 4.36826
threshold=0.31666666666666671 9.6127972522918785 0.68237250554323736 0.81534090909090928 0.8047619047619049 1.0000000180025095e-35 15.06563971653374 0.8427393785668994 19.77728587547897 13.529702120382128 13.676818166519574 13.48939424335123 1.5000000000000002 30.30057998453368 0.84523809523809534 4.5000000000000009 0.71714285714285719 4.5000000000000009 1.0000000180025095e-35 11.500000000000002 3.5000000000000004 0.99180327868852469 0.77350427350427364 2.5000000000000004 35.500000000000007 0.73214285714285732 3.5000000000000004 1.0000000180025095e-35 8.5000000000000018 0.74322344322344336
decision_type=2 2 2 2 2 2 2 2 2 2 2 2 2 2 2 2 2 2 2 2 2 2 2 2 2 2 2 2 2 2
left_child=2 -2 -1 4 5 8 7 -7 9 11 -11 12 -3 17 -15 -16 -12 18 20 -19 22 -22 26 -21 28 -26 -10 -28 -25 -30
right_child=1 3 -4 -5 -6 6 -8 -9 13 10 16 -13 -14 14 15 -17 -18 19 -20 23 21 -23 -24 24 25 -27 27 -29 29 -31
leaf_value=-0.11120859833282513 -0.10694258977680726 0.040525602914603852 0.029122147120875019 0.077993959156620107 -0.4085458784730378 0.099032320263872667 0.10243030864174144 -0.28971411641014622 0.025698270691812339 -0.19329527550861597 -0.029936996887029079 0.091130135021295078 -0.029603738252726376 -0.26287309224853556 0.10193351619046738 -0.13811333968131642 0.10048824604717305 0.078721417575393193 0.10275546942543051 0.082790421652982615 -0.053407497406587873 -0.5045989690472279 -0.33712233848777556 0.048042418880633625 0.0265835629298804 -0.27410344724687047 -0.87828688350674988 -0.016429083990303413 -0.17810954460556197 0.060908830758319467
leaf_weight=8.5806362767440074 3.8432518377056217 21.823899799821469 2.8153953226831367 10.524489472154555 0.52616686176042904 0.51555960581390248 8.4642290656636021 0.51301998749841005 7.4517338140045446 2.1247918433077819 34.113548647619744 9.6858335149790928 22.767374667106374 2.1791808768184602 4.202843714307166 1.7753757617274457 2.5024723247687879 26.266120486153881 3.37956786156004 7.0871012467666601 1.0316714494041939 0.5399550164465835 0.44491537735848474 11.41983781286268 2.3779225240807476 1.9731337023241904 0.21167410528164532 0.86616284289640566 1.8167691266489845 1.3202855338458903
leaf_count=37576 9529 5838 1009 168 5 20 115 22 441 1041 9215 247 12816 121 29 45 20 762 2 76 135 29 6 346 9 38 95 6 90 16
internal_value=0.00964026 0.0147621 -0.0765398 0.0172514 0.0136473 0.0149034 0.0810531 -0.094861 0.0111514 -0.000939623 -0.0304718 0.0201392 0.00471902 0.0262794 -0.0477653 0.0306458 -0.0210233 0.0354053 -0.00997623 0.0474978 -0.0461018 -0.208421 -0.0176762 0.0159486 -0.00910513 -0.109773 -0.00101344 -0.185688 0.0209845 -0.0775144
internal_weight=203.145 191.749 11.396 187.906 177.381 176.855 9.49281 1.02858 167.362 93.0179 38.7408 54.2771 44.5913 74.3443 8.1574 5.97822 36.616 66.1869 13.9257 52.2612 10.5461 1.57163 8.97449 25.995 18.9079 4.35106 8.52957 1.07784 14.5569 3.13705
internal_count=79867 41282 38585 31753 31585 31580 157 42 31423 29177 10276 18901 18654 2246 195 74 9235 2051 714 1337 712 164 548 575 499 47 542 101 452 106
is_linear=0
shrinkage=0.1


Tree=38
num_leaves=31
num_cat=0
split_feature=0 1 7 3 14 6 3 3 4 14 12 12 12 7 12 8 12 14 14 15 7 14 8 12 14 6 14 3 3 0
split_gain=7.83584 5.14901 6.34241 3.90201 6.97663 7.66037 4.07108 3.85087 3.43705 4.00056 3.54529 8.32828 4.3472 3.60823 6.35205 4.76516 4.38931 5.21425 5.47568 6.15582 4.81514 4.04062 3.78263 7.78525 6.68411 3.53468 3.49172 3.23507 5.47514 5.25259
threshold=0.31666666666666671 0.74110207768744363 0.46410256410256417 0.51899951899951913 10.220640770558242 12.500000000000002 0.41206791995148578 0.68237250554323736 1.5000000000000002 19.77728587547897 70.500000000000014 66.500000000000014 75.500000000000014 0.20942982456140355 25.500000000000004 0.21401308615049078 29.500000000000004 10.831925870280056 15.501959961563546 1.0000000180025095e-35 0.16397849462365593 13.676818166519574 0.59317129629629639 9.5000000000000018 14.543307606661358 11.500000000000002 13.602175257125744 0.76506899055918676 0.8128434065934067 0.69047619047619058
decision_type=2 2 2 2 2 2 2 2 2 2 2 2 2 2 2 2 2 2 2 2 2 2 2 2 2 2 2 2 2 2
left_child=7 2 -2 6 5 -5 -3 -1 -6 10 11 13 -12 14 -10 -15 21 -18 20 -20 -19 -16 -17 -24 -25 27 -13 -11 29 -29
right_child=1 3 -4 4 8 -7 -8 -9 9 25 12 26 -14 15 16 22 17 18 19 -21 -22 -23 23 24 -26 -27 -28 28 -30 -31
leaf_value=-0.1104794502373655 -0.1287750786043203 -0.21537902177175111 0.058157208893744497 -0.10254181012741109 0.069540037473796307 -1.028596634172976 0.091592060499903719 0.026560152888722502 -0.1443291853460654 0.087089787032048283 0.07951862155199213 -0.13195163924151534 -0.09927285304970708 -0.19747176840088632 -0.16504361787005029 0.041734042362732551 0.10010316211401174 -0.14649417361961961 -0.15730694552592367 0.075004094471177007 0.092645345057051992 0.096739059268648245 0.019634030909579357 0.0057377738667661153 -0.25914158215926081 -0.16225269728586827 -0.55457745251695645 -0.25070242235624679 0.031241798146896704 -0.011073263177044648
leaf_weight=7.8128931993530966 5.2692071889440077 0.45230303821916251 2.7687727210884949 3.3398690906016806 11.475148243556616 0.091780378942459495 9.6391718520996985 2.7802168530688078 4.5458074154393584 9.1685691360803627 8.6450358357765555 0.40490898056327651 1.613787688418223 1.0676530408238054 0.67402668168168656 23.613332532511834 2.2613669328420647 6.9715353245393477 1.5758196792348682 4.1302548782778139 0.95764794460200153 4.7078455585621244 11.34310961928251 1.6801133901462884 2.20035365736749 0.95432531419220268 0.377981286666909 1.3308842383038157 62.040738560157898 2.9253848375633424
leaf_count=37576 12226 760 18 3578 923 122 1384 1009 15386 182 117 79 282 24 524 282 59 2642 65 48 30 181 168 20 32 237 15 81 1706 111
internal_value=0.00914724 0.0139061 -0.0643841 0.0174377 0.0138119 -0.127309 0.0778335 -0.0745127 0.0167529 0.0127987 -0.00332444 -0.0117642 0.0513934 -0.00790226 -0.0370273 0.010946 -0.0141039 -0.0405306 -0.0638542 0.0108479 -0.117612 0.0639533 0.0166756 -0.0221927 -0.144458 0.0289959 -0.335996 0.0314144 0.0237147 -0.0860024
internal_weight=196.82 186.227 8.03798 178.189 168.097 3.43165 10.0915 10.5931 164.666 153.19 76.7706 66.5118 10.2588 65.7289 25.8243 39.9046 21.2785 15.8966 13.6353 5.70607 7.92918 5.38187 38.8369 15.2236 3.88047 76.4199 0.78289 75.4656 66.297 4.25627
internal_count=79867 41282 12244 29038 26894 3700 2144 38585 23194 22271 19954 19555 399 19461 18935 526 3549 2844 2785 113 2672 705 502 220 52 2317 94 2080 1898 192
is_linear=0
shrinkage=0.1


Tree=39
num_leaves=31
num_cat=0
split_feature=1 3 7 7 6 7 2 9 15 4 14 6 14 12 7 12 8 12 8 12 6 12 12 12 12 3 12 14 4 2
split_gain=6.94648 5.51279 3.99984 7.03058 4.79011 4.23676 4.71836 3.52572 4.56215 6.92921 8.44444 6.06912 5.35319 3.75207 3.43208 5.8213 4.76427 4.67668 3.97966 3.89164 15.8467 3.86622 3.82518 3.21776 3.16875 3.14379 5.08265 4.42311 9.01464 4.74364
threshold=0.68243189102564117 0.22401433691756276 0.81534090909090928 0.8047619047619049 9.5000000000000018 0.74456521739130443 0.74322344322344336 1.0000000180025095e-35 1.0000000180025095e-35 3.5000000000000004 20.614721096663278 8.5000000000000018 24.643985043267573 74.500000000000014 0.12310606060606062 25.500000000000004 1.0000000180025095e-35 71.500000000000014 0.2094130675526025 6.5000000000000009 5.5000000000000009 37.500000000000007 16.500000000000004 62.500000000000007 75.500000000000014 0.8402898550724639 26.500000000000004 24.643985043267573 2.5000000000000004 0.78679653679653694
decision_type=2 2 2 2 2 2 2 2 2 2 2 2 2 2 2 2 2 2 2 2 2 2 2 2 2 2 2 2 2 2
left_child=1 -1 3 4 7 6 -6 8 11 12 -11 14 13 -10 15 16 -2 25 -16 -20 21 22 -21 -13 -15 -17 -27 28 -28 -30
right_child=2 -3 -4 -5 5 -7 -8 -9 9 10 -12 23 -14 24 18 17 -18 -19 19 20 -22 -23 -24 -25 -26 26 27 -29 29 -31
leaf_value=0.087233027990134895 -0.58754254907862247 -0.1158320023082232 0.075706108731980401 -0.34207919798919506 -0.11204471516805362 0.10036653300112484 0.098492810850532742 0.077904868957612908 -0.019762088451181478 0.10053341751970726 -0.17903419715998956 -0.18272908883320929 0.059354679826782442 0.094630820403617366 0.099440674130182483 0.072825187315272225 -0.10005453553090418 -0.1533055428883664 0.061134037061202989 0.02846427740618316 -0.35324632795450545 0.098170452252141327 -0.10994926389825777 0.0897751511889857 -0.12388934138790271 0.10103179373722418 -0.053218968526627997 0.10033483400772081 -0.12342530758745898 -0.83328030932910357
leaf_weight=1.6429279800378855 0.22126187248354012 7.1774047375994545 9.5947113493616296 0.56737729348242183 7.5202611193346209 1.4860510434798282 1.2399825657685148 8.3819453041948844 50.158676520856474 1.4298985871864704 4.4207475026651082 1.9890040102748394 13.412751811665656 4.9831389915780155 11.94365230666809 9.7952769880757575 2.1343516090525201 1.4692700282912472 20.913233864857482 6.8170313491800165 1.2048095944397914 4.7474439612433352 2.8236209632998257 0.55401363290729921 0.76554495429263614 3.2876821724603369 6.2342477693058944 1.6544027773197738 0.15744436660506272 0.23413300165537693
leaf_count=820 74 24564 175 5 20239 7 23 154 18821 13 239 1446 106 14 63 1853 9471 281 132 89 72 30 75 56 182 35 767 10 15 36
internal_value=0.00864033 -0.0780079 0.0128829 0.00934857 0.0105216 -0.0557593 -0.0822438 0.0147733 0.011277 -0.00620091 -0.110708 0.0285232 0.00261951 -0.0109918 0.0337684 0.00382668 -0.145844 0.0192681 0.0493345 0.0329413 -0.00487074 0.024301 -0.0120752 -0.123362 0.0655308 0.031137 -0.00416295 -0.0459307 -0.0824518 -0.547864
internal_weight=188.962 8.82033 180.142 170.547 169.98 10.2463 8.76024 159.734 151.352 75.1708 5.85065 76.1809 69.3201 55.9074 73.6379 25.1881 2.35561 22.8325 48.4498 36.5061 15.5929 14.3881 9.64065 2.54302 5.74868 21.3632 11.5679 8.28023 6.62583 0.391577
internal_count=79867 25384 54483 54308 54303 20269 20262 34034 33880 19375 252 14505 19123 19017 13003 12542 9545 2997 461 398 266 194 164 1502 196 2716 863 828 818 51
is_linear=0
shrinkage=0.1


Tree=40
num_leaves=31
num_cat=0
split_feature=0 1 7 2 7 0 14 3 14 6 3 3 4 2 2 9 8 12 7 8 4 7 8 2 3 12 12 15 12 14
split_gain=6.12057 4.02078 5.84638 3.58489 3.41605 3.34939 3.87107 3.07061 2.58964 2.83017 2.79324 4.31591 4.75712 3.86496 5.58641 5.35682 3.79413 3.01362 3.38933 2.72246 7.88023 3.65514 6.41853 5.73555 8.04192 2.62887 7.11356 3.37801 3.34172 3.07324
threshold=0.31666666666666671 0.74889031156636798 0.46410256410256417 0.47434210526315795 0.46410256410256417 0.34848484848484856 10.400492762981939 0.41206791995148578 19.77728587547897 11.500000000000002 0.76506899055918676 0.78979857050032498 3.5000000000000004 0.77913279132791347 0.74322344322344336 1.0000000180025095e-35 0.48304597701149427 3.5000000000000004 0.21807065217391305 0.70483682983682994 2.5000000000000004 0.43303571428571436 0.43353413654618478 0.85880398671096358 0.86706827309236967 70.500000000000014 66.500000000000014 1.0000000180025095e-35 75.500000000000014 11.395053019537224
decision_type=2 2 2 2 2 2 2 2 2 2 2 2 2 2 2 2 2 2 2 2 2 2 2 2 2 2 2 2 2 2
left_child=3 2 -2 4 -1 7 -7 -3 25 10 -10 -12 19 14 -14 16 17 -15 -19 21 -21 22 23 24 -13 26 29 -28 -27 -8
right_child=1 5 -4 -5 -6 6 8 -9 9 -11 11 12 13 15 -16 -17 -18 18 -20 20 -22 -23 -24 -25 -26 28 27 -29 -30 -31
leaf_value=-0.10622193499153465 -0.12564439332181113 -0.22626837118487853 0.052595956329580355 0.002834145062854166 -0.48007442436871406 -0.14790689272343138 0.080707102327156402 0.061002003237974278 0.084175876894815135 -0.15217366538279564 -0.1753548554372118 0.029485971585985822 -0.16949751564582957 -0.19891948315709226 0.081377594292608893 0.10022112851222216 -0.23931582661915499 -0.17878086304656271 0.1003143498557318 -0.2135417085252701 0.029781882020366864 0.10162106509542318 -0.12640298809973935 0.076055294957791647 -0.20562153013658879 0.075591935080162487 -0.70491254930369762 -0.19894203958811008 -0.089533817170503835 -0.010213226080164624
leaf_weight=5.1044387645154163 4.8293230718074716 0.37968038187241049 2.9731950893099608 3.8010650003692144 0.25670407478528545 1.5246840650701745 3.9667334990617027 18.600800755812497 7.8781650239051748 0.88215084861243909 1.0998132245011323 6.4608069468629692 1.1209468857950922 1.0503627876274821 4.2638630974397538 1.2358752246946094 1.9943093653710091 0.64191810494139656 1.3506478136405347 1.580595358864241 8.4277788943518317 10.112766166521324 2.354876086636593 18.965048391806981 1.8777108272261127 7.6753886373537252 0.17135538689842533 0.5737966910819523 1.4584565017744351 59.218090523033716
leaf_count=32982 12825 612 20 5589 14 1255 1814 4964 167 240 77 272 134 85 31 20 18 197 7 46 85 61 33 625 206 117 60 33 272 17006
internal_value=0.00819387 0.0124201 -0.0577249 -0.071453 -0.124123 0.0157398 0.0105986 0.0552555 0.0122727 0.0258311 0.0280611 0.020992 0.0245069 -0.0329934 0.0291533 -0.0863399 -0.132112 -0.0618519 0.010402 0.0379729 -0.00864555 0.0497044 0.0320022 0.0456643 -0.0234568 -0.00095794 -0.00812775 -0.315295 0.0492253 -0.00450526
internal_weight=181.831 172.669 7.80252 9.16221 5.36114 164.867 145.886 18.9805 144.361 71.2976 70.4155 62.5373 61.4375 11.6579 5.38481 6.27311 5.03724 3.04293 1.99257 49.7796 10.0084 39.7712 29.6584 27.3036 8.33852 73.0638 63.93 0.745152 9.13385 63.1848
internal_count=79867 41282 12845 38585 32996 28437 22861 5576 21606 2304 2064 1897 1820 492 165 327 307 289 204 1328 131 1197 1136 1103 478 19302 18913 93 389 18820
is_linear=0
shrinkage=0.1


Tree=41
num_leaves=31
num_cat=0
split_feature=1 3 7 7 6 7 2 9 15 6 12 7 11 1 7 8 8 7 6 7 12 7 12 8 12 8 12 6 12 7
split_gain=5.45421 4.59927 3.50882 5.49231 3.76174 3.71525 3.86566 3.28007 3.94169 5.10834 4.60447 8.09759 10.7894 11.9743 11.1642 4.89404 8.86828 6.26124 4.59128 3.50105 2.93772 2.88624 5.26214 6.28431 3.93181 3.57945 3.24291 11.6628 3.38569 3.59584
threshold=0.68243189102564117 0.22401433691756276 0.81534090909090928 0.8047619047619049 9.5000000000000018 0.74456521739130443 0.68496240601503777 1.0000000180025095e-35 1.0000000180025095e-35 8.5000000000000018 4.5000000000000009 0.54195804195804198 1.0000000180025095e-35 0.99180327868852469 0.36038961038961043 0.70483682983682994 0.96076923076923093 0.36038961038961043 7.5000000000000009 0.46410256410256417 10.500000000000002 0.12310606060606062 25.500000000000004 1.0000000180025095e-35 58.500000000000007 0.2094130675526025 6.5000000000000009 5.5000000000000009 37.500000000000007 0.324561403508772
decision_type=2 2 2 2 2 2 2 2 2 2 2 2 2 2 2 2 2 2 2 2 2 2 2 2 2 2 2 2 2 2
left_child=1 -1 3 4 7 6 -6 8 9 21 15 12 18 19 -15 17 -17 -10 -12 -14 -9 22 23 -2 -24 -23 -27 28 29 -28
right_child=2 -3 -4 -5 5 -7 -8 20 10 -11 11 -13 13 14 -16 16 -18 -19 -20 -21 -22 25 24 -25 -26 26 27 -29 -30 -31
leaf_value=0.08553043827179381 -0.76002859266497613 -0.11265475225519746 0.073185967281487949 -0.29855770446472207 -0.12331412214739795 0.10030741161161541 0.03000649874103082 0.10200574453574496 -0.13963741102144422 -0.11837346561903049 0.011814081326809077 0.076885442097168036 -0.12106736928170587 -0.15708364419596432 -0.6690833086277691 -0.25218735422213617 -0.0010884495425790106 0.030489064339292965 -0.18025319936564185 0.081302103547473706 -0.068680790754033036 0.097939784727981385 0.038360028282610037 -0.10005045807114157 -0.072202636275590953 0.057788654264063523 -0.088741120157619299 -0.29742821358937571 0.097684819534954559 0.037356697171608187
leaf_weight=1.4450175906572686 0.15623630529520793 6.1744050740278196 8.7237183743468432 0.58207150176167388 5.6358193814988047 1.3593543183970362 2.3219799254150084 6.6321135344042395 2.9383094122544309 2.3552490053900064 36.009564656693328 12.768833153958992 2.1574216624668958 1.0854875963887773 0.70085217914566422 2.8621864469206697 2.7656029326078997 8.2017401983854636 1.2891481643628981 1.4159715175628664 1.189150718710678 10.31205053953502 17.120549293635072 1.8849170061077138 3.9604986465424181 19.404694133605517 3.6323620719290304 1.243263640599827 4.1650701927167111 5.9918819977022917
leaf_count=820 74 24564 175 5 20120 7 142 115 5594 1502 7230 50 4539 99 10 41 16 43 1750 3 39 63 2396 9471 601 132 100 72 30 64
internal_value=0.00769111 -0.0750691 0.0114253 0.00806094 0.00917948 -0.0524783 -0.0785772 0.0130031 0.00954057 0.0264083 -0.00686723 0.0070231 -0.0138886 -0.146558 -0.357961 -0.0527827 -0.128793 -0.0143836 0.0051757 -0.0408776 0.0760544 0.0314324 0.00274435 -0.150567 0.0175886 0.0462557 0.0307792 -0.00408583 0.0223623 -0.0102349
internal_weight=176.486 7.61942 168.866 160.142 159.56 9.31715 7.9578 150.243 142.422 70.2268 72.1951 55.4273 42.6584 5.35973 1.78634 16.7678 5.62779 11.14 37.2987 3.57339 7.82126 67.8715 23.1222 2.04115 21.081 44.7493 34.4373 15.0326 13.7893 9.62424
internal_count=79867 25384 54483 54308 54303 20269 20262 34034 33880 14505 19375 13681 13631 4651 109 5694 57 5637 8980 4542 154 13003 12542 9545 2997 461 398 266 194 164
is_linear=0
shrinkage=0.1


Tree=42
num_leaves=31
num_cat=0
split_feature=14 7 15 2 8 8 6 8 7 4 1 3 3 7 0 2 6 8 12 7 14 14 12 12 14 0 9 14 7 7
split_gain=4.83249 4.40562 4.25295 3.24473 3.3367 13.0803 3.00095 2.82583 3.29716 2.43561 3.38304 2.81559 8.39438 7.62904 3.38812 2.83263 9.01495 4.32259 7.19527 12.1797 7.07679 5.81451 6.12332 7.49955 6.55758 9.70634 5.74648 4.80579 4.13943 3.84766
threshold=10.782741243775057 0.87867647058823539 1.0000000180025095e-35 0.48957881024750333 0.45512082853855013 0.44504830917874399 7.5000000000000009 0.3482644462279294 0.46410256410256417 1.5000000000000002 0.79900000000000004 0.76506899055918676 0.82426470588235301 0.79285714285714304 0.73214285714285732 0.78679653679653694 4.5000000000000009 0.44504830917874399 8.5000000000000018 0.54772727272727284 18.143056102308858 13.529702120382128 28.500000000000004 43.500000000000007 14.963815096647137 0.58571428571428574 1.0000000180025095e-35 13.48939424335123 0.54772727272727284 0.42261904761904767
decision_type=2 2 2 2 2 2 2 2 2 2 2 2 2 2 2 2 2 2 2 2 2 2 2 2 2 2 2 2 2 2
left_child=2 3 6 4 5 -2 -1 8 -4 -5 -11 -12 13 14 -13 29 17 20 26 -20 21 27 24 -24 25 28 -19 -17 -23 -14
right_child=1 -3 7 9 -6 -7 -8 -9 -10 10 11 12 15 -15 -16 16 -18 18 19 -21 -22 22 23 -25 -26 -27 -28 -29 -30 -31
leaf_value=0.040159256805334775 -0.087296930792770663 0.10182188900790201 -0.12657686594332454 0.060156829203701502 0.019956978280753806 -1.5760149407567086 -0.14026767902675352 -0.021009358454881111 -0.62999056852637292 -0.11135573530725076 0.051489911102234824 -0.13284213802775402 -0.010858607732998106 -0.6285285948088738 -0.0017123965834200108 -0.015628421304171268 -0.26656305550370124 -0.027278240961345485 -0.23775616057765656 0.019264047631773838 0.062276288591867845 -0.10003072874742579 -0.30106099368110206 -0.055826644535725126 0.051144532348049179 -0.13206862419218865 0.10232132598379631 0.089162564009953121 -1.7818868391076235 0.075418768249787771
leaf_weight=5.8731664090092188 4.7157804364271536 5.3446038241432055 5.0611025870571194 10.18240949605419 3.7659629913612891 0.059767209073470329 1.0934698126269005 3.2841726988986037 0.13353651762008567 2.2803638018334018 15.496572176201736 4.3904268087419762 7.9853568508142798 0.25606527482159425 3.5747346632788322 10.672590340499569 1.2042281195297295 11.92500002801984 3.6709026265489637 3.7042299220630399 26.192007330472052 0.020220078207786929 1.8946295114618532 3.6482272166798646 5.3942567291810457 1.2367296900846181 4.7978537609451726 7.4183770687266124 0.052970800548791885 14.655542415832675
leaf_count=8185 14655 123 23286 2102 252 25 6589 5315 1 4055 4312 2582 2087 4 337 2330 327 123 46 48 1074 102 102 77 883 652 64 71 1 57
internal_value=0.00728367 0.0126141 -0.0460498 0.00941839 -0.0504255 -0.105929 0.0118398 -0.093615 -0.139518 0.0130525 0.00937637 0.0115241 0.00602836 -0.0912637 -0.0739916 0.0136845 0.0050233 0.00907961 -0.0263836 -0.108665 0.0241971 -0.00867818 -0.0618864 -0.139651 0.00240789 -0.19829 0.00990439 0.0273421 -1.31725 0.0449891
internal_weight=169.985 154.54 15.4454 149.195 8.54151 4.77555 6.96664 8.47881 5.19464 140.654 130.471 128.191 112.694 8.22123 7.96516 104.473 81.8322 80.628 24.098 7.37513 56.53 30.338 12.247 5.54286 6.70418 1.30992 16.7229 18.091 0.0731909 22.6409
internal_count=79867 36491 43376 36368 14932 14680 14774 28602 23287 21436 19334 15279 10967 2923 2919 8044 5900 5573 281 94 5292 4218 1817 179 1638 755 187 2401 103 2144
is_linear=0
shrinkage=0.1


Tree=43
num_leaves=31
num_cat=0
split_feature=1 3 7 6 2 7 15 12 7 8 6 14 14 6 7 8 7 9 8 1 8 12 12 8 6 7 14 4 14 8
split_gain=4.51195 3.96688 2.88713 3.15192 2.4029 2.68353 2.19728 4.22533 5.24841 5.62074 4.52492 3.80726 3.97695 3.59082 2.89096 4.47134 6.34696 2.74758 4.22617 11.9255 12.2473 2.65979 4.48962 6.32639 5.53768 3.73506 2.82036 11.9302 28.2276 68.482
threshold=0.68243189102564117 0.22401433691756276 0.87867647058823539 9.5000000000000018 0.74322344322344336 0.74456521739130443 1.0000000180025095e-35 4.5000000000000009 0.54195804195804198 0.70483682983682994 7.5000000000000009 27.562982556358197 10.782741243775057 8.5000000000000018 0.36038961038961043 0.70483682983682994 0.67543859649122817 1.0000000180025095e-35 0.31444622792937404 0.99180327868852469 0.59317129629629639 6.5000000000000009 7.5000000000000009 0.77871939736346529 5.5000000000000009 0.21807065217391305 19.77728587547897 2.5000000000000004 18.143056102308858 0.10403138528138529
decision_type=2 2 2 2 2 2 2 2 2 2 2 2 2 2 2 2 2 2 2 2 2 2 2 2 2 2 2 2 2 2
left_child=1 -1 3 6 5 -5 13 14 9 10 11 12 -9 21 -8 -16 -17 18 -14 -20 -21 25 23 24 -23 -2 27 -24 29 -29
right_child=2 -3 -4 4 -6 -7 7 8 -10 -11 -12 -13 17 -15 15 16 -18 -19 19 20 -22 22 26 -25 -26 -27 -28 28 -30 -31
leaf_value=0.083873515039963847 -0.14171293199835239 -0.10933751713553078 0.083640418551394188 -0.096513211132856103 0.097605955216719303 0.038914007362850556 -0.13928846870903594 -0.11338563350827657 0.069227999026074016 -0.38207377449997693 -0.16503768711289316 -0.12626078490405526 0.023294638866854834 -0.094696201965353832 0.026496558005143025 -0.21141844865078771 -0.015882360540867318 0.10235470640979952 0.036180838341600581 -0.18372346088297642 -0.98990612798187694 0.082080018770684715 0.014667213306999952 -0.9251576401679058 -0.28568893947886786 0.065989107338921493 0.058273633074352085 -5.2211944044595597 -0.14290445794837633 -0.018910126526551132
leaf_weight=1.3141164162125809 0.90299204745180617 5.5528911229097302 5.2100162318801884 6.4650445936827978 1.0076474535690074 1.8911803546170807 2.6326337827157902 2.3412446453229938 12.902583907054646 0.3881981890554006 1.5987305861719168 2.060152856763124 31.076587409794726 2.4347607284499579 7.9079631875364811 2.4980579824569551 4.9482086319570273 3.7343260021298184 2.1642107085606286 0.78862814459478181 0.24760534069513263 0.84455942661718231 27.666208976591804 0.097544722317462917 0.79467255313102214 21.019756626223923 13.86441283744214 0.039085799538319713 0.7451377067785856 0.071762829111370538
leaf_count=820 3719 24564 130 20239 23 12 5596 4602 83 5 2797 72 5472 1506 45 36 43 8 593 87 7 360 7886 13 180 153 461 18 104 233
internal_value=0.00699264 -0.0723634 0.0104341 0.00794346 -0.0482724 -0.0658633 0.0116048 -0.000185504 0.0130871 -0.0032275 0.000114068 0.00633939 0.0131091 0.0245674 -0.0424691 -0.0258685 -0.0814804 0.0209004 0.0120263 -0.0973904 -0.376359 0.028964 0.0148186 -0.142766 -0.0962083 0.0574339 0.0212756 0.00329116 -0.364393 -1.85326
internal_weight=165.211 6.86701 158.344 153.134 9.36387 8.35622 143.77 75.2891 57.3023 44.3997 44.0115 42.4128 40.3526 68.4809 17.9869 15.3542 7.44627 38.0114 34.277 3.20044 1.03623 66.0461 44.1234 1.73678 1.63923 21.9227 42.3866 28.5222 0.855986 0.110849
internal_count=79867 25384 54483 54353 20274 20251 34079 19446 13726 13643 13638 10841 10769 14633 5720 124 79 6167 6159 687 94 13127 9255 553 540 3872 8702 8241 355 251
is_linear=0
shrinkage=0.1


Tree=44
num_leaves=31
num_cat=0
split_feature=1 7 7 6 1 14 15 12 7 8 6 9 8 12 8 14 6 7 7 8 7 8 12 12 8 14 7 14 4 14
split_gain=3.8848 3.62447 2.58857 2.63446 2.16114 2.06399 1.82703 3.41739 4.59975 6.03746 4.02458 3.42743 5.57172 8.641 8.76581 3.00346 2.9392 2.83306 3.03479 2.75928 4.87233 2.60898 2.50332 2.43335 3.31003 7.94288 3.28813 3.09346 15.3014 84.4
threshold=0.68243189102564117 0.46410256410256417 0.87867647058823539 9.5000000000000018 0.89932432432432441 22.026795727505853 1.0000000180025095e-35 4.5000000000000009 0.54195804195804198 0.70483682983682994 7.5000000000000009 1.0000000180025095e-35 0.31444622792937404 8.5000000000000018 0.59317129629629639 10.782741243775057 8.5000000000000018 0.87083333333333346 0.36038961038961043 0.70483682983682994 0.67543859649122817 0.33195592286501385 62.500000000000007 6.5000000000000009 0.63859338061465731 20.614721096663278 0.21807065217391305 19.77728587547897 2.5000000000000004 18.143056102308858
decision_type=2 2 2 2 2 2 2 2 2 2 2 2 2 2 2 2 2 2 2 2 2 2 2 2 2 2 2 2 2 2
left_child=1 -1 3 6 -5 -6 16 17 9 10 11 12 15 -14 -15 -9 23 18 -8 21 -21 -20 -18 26 27 -26 -2 28 -25 -30
right_child=2 -3 -4 4 5 -7 7 8 -10 -11 -12 -13 13 14 -16 -17 22 -19 19 20 -22 -23 -24 24 25 -27 -28 -29 29 -31
leaf_value=-0.11940354887273774 -0.14087954853337756 0.043091733012342696 0.081858111661356606 -0.12669656038574659 0.0096273485837397449 -0.13742218240209392 -0.13891425152571615 -0.1288692395197468 0.066680165989169676 -0.44963023388635703 -0.16283255920416936 0.10204949950841898 0.0018767041010972583 -0.17805121264421211 -0.77439480729251464 0.018442350368954773 -0.1426650218129871 -0.43645765523152913 -0.034035626856373367 -0.16261371683193504 0.0013246065937712768 0.081951126716568401 0.09234980672727533 0.017068673566686825 0.011170555964430173 -0.27062080543273331 0.063273471671622269 0.066999600650260102 -4.7543387704599338 -0.17257645170430413
leaf_weight=4.4725755726785215 0.82167640172172696 1.9804796677470617 4.8117172248116722 2.3817707198892464 5.5292832453639233 1.1536640573447581 2.3882061076026604 1.4473795409201873 12.098243598646809 0.30067195569790683 1.4651991723115063 3.3968105851963619 3.0544957810742495 1.5873360213588172 0.29180252392519124 31.624744316750444 1.8432620700795959 0.17662256956100364 3.8536342020607375 2.8979364257445148 4.8419738151225493 3.9040490837034474 0.601023638024344 25.918514362658215 3.9025980120641188 1.3450300477454158 19.794268739528569 11.497192347238224 0.042983220854085569 0.62196761248138444
leaf_count=25366 3719 18 130 17668 2510 96 5596 3056 83 5 2797 11 528 1698 12 5536 1450 2 24 36 41 21 56 8312 56 33 153 475 269 110
internal_value=0.00647612 -0.0695328 0.00966954 0.00733491 -0.044907 -0.0157575 0.0107243 -0.000156351 0.0121851 -0.00308753 4.44979e-05 0.00580857 -0.00279308 -0.101926 -0.270655 0.0119954 0.0227425 -0.0379182 -0.0339826 -0.0178125 -0.0600563 0.0243346 -0.0848774 0.0268563 0.0134002 -0.061056 0.0551367 0.0236605 0.00491662 -0.468747
internal_weight=160.047 6.45306 153.594 148.782 9.06472 6.68295 139.718 73.3291 55.2667 43.1684 42.8678 41.4026 38.0058 4.93363 1.87914 33.0721 66.3885 18.0624 17.8858 15.4976 7.73991 7.75768 2.44429 63.9442 43.3283 5.24763 20.6159 38.0807 26.5835 0.664951
internal_count=79867 25384 54483 54353 20274 2606 34079 19446 13726 13643 13638 10841 10830 2238 1710 8592 14633 5720 5718 122 77 45 1506 13127 9255 89 3872 9166 8691 379
is_linear=0
shrinkage=0.1


Tree=45
num_leaves=31
num_cat=0
split_feature=1 7 7 6 1 14 10 14 8 15 12 7 4 12 12 14 4 3 4 12 3 14 9 12 8 7 11 12 2 2
split_gain=3.39616 3.28858 2.31732 2.20839 2.0687 1.75128 3.6496 3.43828 43.8115 6.37704 14.7505 20.3997 3.60101 7.96159 3.04735 3.08171 2.64618 1.91806 3.42959 4.70478 3.05886 2.46929 2.98064 4.622 5.55937 2.37912 5.46031 7.97515 4.45991 6.42481
threshold=0.68243189102564117 0.46410256410256417 0.87867647058823539 9.5000000000000018 0.89932432432432441 18.143056102308858 1.0000000180025095e-35 17.276082511822754 0.066987179487179485 1.0000000180025095e-35 10.500000000000002 0.65686274509803932 2.5000000000000004 33.500000000000007 1.0000000180025095e-35 22.867300583811076 2.5000000000000004 0.76506899055918676 3.5000000000000004 1.5000000000000002 0.88493064312736458 27.562982556358197 1.0000000180025095e-35 6.5000000000000009 0.48304597701149427 0.54195804195804198 1.0000000180025095e-35 8.5000000000000018 0.85880398671096358 0.75337837837837851
decision_type=2 2 2 2 2 2 2 2 2 2 2 2 2 2 2 2 2 2 2 2 2 2 2 2 2 2 2 2 2 2
left_child=1 -1 3 5 -5 6 7 12 -9 -10 -11 -12 -2 -14 15 16 -7 -16 25 -20 -21 -22 23 -23 -25 26 28 -28 29 -19
right_child=2 -3 -4 4 -6 14 -8 8 9 10 11 -13 13 -15 17 -17 -18 18 19 20 21 22 -24 24 -26 -27 27 -29 -30 -31
leaf_value=-0.11879001600652828 0.0056484923604966427 0.040334976561860449 0.07998951389617899 -0.12715568691995682 -0.014266259958288889 -0.092804315334631016 -0.44707669552904861 -1.3621124527003725 0.0998583372226865 0.019800477184517412 -0.10090509642341479 -4.1041100539772417 -0.049395077392267971 -1.2392345755408627 0.082017522539301432 -0.18667096748134027 0.099790096720992233 0.01503459493289344 0.066444398369564436 -0.21741491202407393 0.076702927859490844 -0.07701539342551933 0.10020069902114533 -0.11635995174403468 -0.81066686985097791 0.074783140201055615 0.0015535500996200395 -0.39371475864875477 0.056076166778239601 -0.18039459778584688
leaf_weight=4.0668251086905878 68.724852814493005 1.9081464657778235 4.4504281460849304 2.1477394256100686 6.6473644558651293 1.5180287186995529 0.18287709750438708 0.25245393187019138 1.7295691693252311 0.1413470365727606 0.027385946530777971 0.023784975055605173 0.23170863654384152 0.074260674750888961 5.8365680531269311 1.3263594915110841 1.34591320863067 9.0097014956239665 2.8765555071877298 1.4263864834938429 1.1523590400088322 1.8417907254297468 0.61106149409897614 0.25559833992429037 0.21013823756948113 10.285188542133019 1.5529314645161338 0.76039545366529671 22.46703477753239 2.0684090603567951
leaf_count=25366 30400 18 130 17668 2606 17 6 24 235 207 67 2 679 14 274 47 41 407 37 112 104 81 10 104 2 123 45 26 765 250
internal_value=0.00595385 -0.0679724 0.00891479 0.00672921 -0.0418335 0.00987132 -0.000921433 0.00022443 -0.123584 0.0390883 -0.506866 -1.96165 0.00412454 -0.338177 0.0218085 -0.0606552 -0.00229432 0.0275338 0.0217008 -0.0371761 -0.0913969 -0.0472425 -0.0961804 -0.148184 -0.429628 0.0323855 0.0202247 -0.128372 0.0304721 -0.0214543
internal_weight=155.153 5.97497 149.178 144.728 8.7951 135.933 71.3882 71.2054 2.17454 1.92209 0.192518 0.0511709 69.0308 0.305969 64.5444 4.1903 2.86394 60.3541 54.5176 8.37389 5.49733 4.07095 2.91859 2.30753 0.465737 46.1437 35.8585 2.31333 33.5451 11.0781
internal_count=79867 25384 54483 54353 20274 34079 31634 31628 535 511 276 69 31093 693 2445 105 58 2340 2066 450 413 301 197 187 106 1616 1493 71 1422 657
is_linear=0
shrinkage=0.1


Tree=46
num_leaves=31
num_cat=0
split_feature=1 3 7 12 8 8 7 14 14 8 8 12 12 12 14 9 14 1 2 12 7 12 7 6 3 11 1 8 7 7
split_gain=3.03256 3.13937 2.25683 6.20791 3.97775 3.08023 2.95837 2.41646 32.0004 30.8111 2.84258 2.12538 2.43724 7.25922 9.77622 2.26935 2.24412 3.00222 2.38497 1.96 3.86562 2.46492 3.96136 3.46287 7.50885 2.82994 2.45965 8.84783 4.40977 4.00365
threshold=0.68243189102564117 0.22401433691756276 0.18019480519480521 25.500000000000004 0.1316809465524276 0.16990566037735852 0.87867647058823539 17.731989448711584 18.143056102308858 0.093933823529411778 1.0000000180025095e-35 26.500000000000004 39.500000000000007 35.500000000000007 23.487196041850797 1.0000000180025095e-35 19.77728587547897 0.85178799489144319 0.7231800766283526 1.0000000180025095e-35 0.73030303030303034 6.5000000000000009 0.21807065217391305 6.5000000000000009 0.78319623971797891 1.0000000180025095e-35 0.96922348484848497 0.42330316742081459 0.37171052631578955 0.42261904761904767
decision_type=2 2 2 2 2 2 2 2 2 2 2 2 2 2 2 2 2 2 2 2 2 2 2 2 2 2 2 2 2 2
left_child=1 -1 3 7 -4 -6 19 10 9 -9 -2 -5 13 16 15 -15 17 -13 -18 20 -7 22 -21 26 25 -25 28 -28 -23 -29
right_child=2 -3 4 11 5 6 -8 8 -10 -11 -12 12 -14 14 -16 -17 18 -19 -20 21 -22 23 -24 24 -26 -27 27 29 -30 -31
leaf_value=0.083581240123725864 0.075862228571443147 -0.10410373207963473 -0.19684041529258711 0.075387765059204498 0.10139378354760123 0.0071937415120298864 0.10119594878621821 -6.7157113244340509 -0.14244457524624016 -0.10005454556432002 -0.10035358671565944 0.059148888953055236 0.013734005714734626 -0.19477438976179498 -0.87955456341904759 0.10024861535896822 -0.063146560608917282 -0.15264841908973856 0.057626155688092685 -0.18897474996880465 -0.1557571494673651 -0.068946858165735286 0.039151511704612417 0.058158243183963058 -0.22770260127972275 -0.21129538160931083 0.06259979266766201 -0.19320019657392107 0.076156618488064723 -0.040699596294040206
leaf_weight=1.1158549886741598 1.1661068340140488 4.4270037739408936 0.84544548484232862 4.0445688285167867 4.5326882548345955 5.4530606531999259 3.9528706947017005 0.014668730087578075 1.5796814685638874 0.01353601191477749 4.2583503679640282 1.019738980611691 34.293132686406132 1.4007113597547247 0.19937363154177212 0.320361167192459 2.3146018819010949 1.9473395736252088 5.56973769205797 0.77662692537673805 1.9860280252996743 2.6721887288344872 38.297325066020534 2.6894194723885514 2.0271503942920246 0.45583297549686408 7.5862335114543393 2.4927354001900985 9.6863537036950476 5.5643699399118658
leaf_count=820 279 24564 20 478 39 101 124 6 2384 181 38719 1022 4997 1186 6 1 35 2540 41 329 13 377 783 75 37 483 35 28 77 87
internal_value=0.00629205 -0.0663201 0.00902702 -0.00629618 0.0190353 0.0211052 0.0167542 -0.0943867 -0.202056 -3.54073 -0.0624721 0.0058245 -0.000153475 -0.0374421 -0.216651 -0.139859 -0.0057263 -0.079857 0.022171 0.0125655 -0.0363096 0.0175979 0.0346173 -0.00244822 -0.0776217 0.0191071 0.0114376 -0.0149053 0.0447821 -0.0878808
internal_weight=152.703 5.54286 147.16 58.1419 89.0183 88.1729 83.6402 7.03234 1.60789 0.0282047 5.42446 51.1096 47.065 12.7719 1.92045 1.72107 10.8514 2.96708 7.88434 79.6873 7.43909 72.2482 39.074 33.1743 5.1724 3.14525 28.0019 15.6433 12.3585 8.05711
internal_count=79867 25384 54483 51875 2608 2588 2549 41569 2571 187 38998 10306 9828 4831 1193 1187 3638 3562 76 2425 114 2311 1112 1199 595 558 604 150 454 115
is_linear=0
shrinkage=0.1


Tree=47
num_leaves=31
num_cat=0
split_feature=14 14 9 11 14 8 2 6 7 7 1 12 12 7 14 9 14 0 14 7 7 2 12 12 12 15 12 8 2 3
split_gain=3.07625 5.92282 8.62453 10.4781 35.3335 169.868 3.09378 3.26857 2.81371 2.37855 2.65919 2.10871 1.80049 3.97783 4.11495 2.16115 1.93731 6.75424 2.78972 3.63913 7.58649 4.03907 3.4531 2.66895 14.9318 2.55759 2.54781 2.37398 3.75705 3.32748
threshold=14.963815096647137 14.36172489596882 1.0000000180025095e-35 1.0000000180025095e-35 14.543307606661358 0.35021367521367525 0.43513323983169711 1.0000000180025095e-35 0.56038647342995185 0.87867647058823539 0.77578327105490097 6.5000000000000009 1.0000000180025095e-35 0.77350427350427364 22.867300583811076 1.0000000180025095e-35 30.30057998453368 0.84523809523809534 24.643985043267573 0.42261904761904767 0.22902097902097904 0.74322344322344336 66.500000000000014 41.500000000000007 35.500000000000007 1.0000000180025095e-35 4.5000000000000009 0.48304597701149427 0.63525498891352561 0.77459677419354855
decision_type=2 2 2 2 2 2 2 2 2 2 2 2 2 2 2 2 2 2 2 2 2 2 2 2 2 2 2 2 2 2
left_child=1 6 3 8 -5 -6 7 -1 11 10 -2 -3 13 14 -12 16 18 -18 22 20 21 -20 23 24 27 -26 -19 28 -14 -29
right_child=9 2 -4 4 5 -7 -8 -9 -10 -11 12 -13 15 -15 -16 -17 17 26 19 -21 -22 -23 -24 -25 25 -27 -28 29 -30 -31
leaf_value=0.075215025571117922 -0.13467050651313789 -0.28955802337222075 -1.205136624970693 -0.02984149926160258 -0.10027282766012076 -21.680920032398582 0.0026212058461192469 -0.12484160942556055 0.10016756892419341 0.10113096266735276 0.053906841765380076 -0.066450488658738108 -0.080976182900774116 -0.27513162090505833 -0.14493809770203955 0.082355893465518193 -0.20607481547751738 0.10084335389056215 -0.19978386985000249 0.085294993047857981 -0.24063390803725948 0.078838451165545248 -0.20314546608849648 0.056965299770581582 -0.1760417913076211 -0.43142580346470516 -0.055425599852981837 0.099700601750640785 0.043628287952375479 -0.049725420993228076
leaf_weight=1.0439489898446712 1.1697291742490694 0.68226117875377479 0.076591993449258822 0.063987191793671599 0.01713547783761038 0.0046337041517694735 52.500709265710817 3.7513836580939355 0.59280445657714143 3.3370421059863125 3.3626856964410066 1.1175306923335986 2.7162878828584445 0.62754947376379266 1.5071872852274002 5.3542510487322366 1.7074209130311828 2.2931746077861148 0.59209338491581398 12.460923465143821 1.1480913297748427 4.2906629378035177 0.75672155042968725 10.403657351239245 0.79335634128869859 0.77541473090583679 1.9142630127184932 1.7759413395018224 22.169028511609607 9.2642725770166425
leaf_count=1349 1158 759 6 50 68 29 32532 36364 6 97 185 888 1758 5 48 122 111 24 139 37 12 218 18 82 33 30 48 58 3499 134
internal_value=0.00646294 -0.0110445 -0.160015 -0.127716 -1.2138 -4.69385 -0.00440158 -0.0812891 -0.0887884 0.0183136 0.0150654 -0.151026 0.0171527 -0.0381699 -0.0076341 0.0210312 0.0165371 -0.0383279 0.02137 0.054433 -0.00933388 0.0450521 0.00880408 0.0121526 -0.000281725 -0.302273 0.0297455 0.0129054 0.0300274 -0.0256886
internal_weight=148.271 59.851 2.55494 2.47835 0.0857564 0.0217692 57.296 4.79533 2.3926 88.4198 85.0827 1.79979 83.913 5.49742 4.86987 78.4156 73.0613 5.91486 67.1465 18.4918 6.03085 4.88276 48.6547 47.898 37.4943 1.56877 4.20744 35.9255 24.8853 11.0402
internal_count=79867 72051 1806 1800 147 97 70245 37713 1653 7816 7719 1647 6561 238 233 6323 6201 183 6018 406 369 357 5612 5594 5512 63 72 5449 5257 192
is_linear=0
shrinkage=0.1


Tree=48
num_leaves=31
num_cat=0
split_feature=2 7 12 8 8 2 2 6 0 12 12 8 12 14 12 3 6 14 14 12 14 14 14 7 12 15 8 1 8 8
split_gain=2.50473 2.11148 5.0019 2.75303 2.71202 2.86217 2.67154 1.81174 4.76522 2.67903 4.94883 3.15848 3.06393 15.5539 2.90023 1.92622 2.6687 2.63569 19.23 2.88866 3.28345 5.1459 3.0161 2.66036 2.56862 2.36394 1.80721 1.89897 5.09713 2.56974
threshold=0.30094339622641519 0.18019480519480521 19.500000000000004 0.1316809465524276 0.16990566037735852 0.43826219512195125 0.46225071225071229 7.5000000000000009 0.77500000000000013 29.500000000000004 38.500000000000007 1.0000000180025095e-35 35.500000000000007 23.487196041850797 34.500000000000007 0.61633428300094983 4.5000000000000009 18.143056102308858 16.504247203347013 70.500000000000014 11.395053019537224 15.501959961563546 10.782741243775057 0.16397849462365593 75.500000000000014 1.0000000180025095e-35 0.1977383082034245 0.78505797101449282 0.51818783068783081 0.26483157365510307
decision_type=2 2 2 2 2 2 2 2 2 2 2 2 2 2 2 2 2 2 2 2 2 2 2 2 2 2 2 2 2 2
left_child=-1 2 -2 -3 -5 -6 -7 9 -9 11 12 -4 14 -14 -11 25 17 18 19 20 22 23 -17 -22 -21 -12 -8 28 -28 -29
right_child=1 3 7 4 5 6 26 8 -10 10 15 -13 13 -15 -16 16 -18 -19 -20 24 21 -23 -24 -25 -26 -27 27 29 -30 -31
leaf_value=-0.0952575536709135 -0.10587208086743112 -0.15106550861936119 0.082659860047351846 0.1007428714952205 0.092202691459147237 -0.1902226449447873 -0.07374462601129321 -0.12222557957915255 0.0658747447265874 -0.10744396434255388 0.084649693570061954 -0.11921236195814078 -0.1601222677417061 -2.0208466939890806 0.066790279547743067 -0.13483960377116186 -0.20320019299052339 0.055448129084529063 -0.95285170497115124 0.068372326333310932 -0.13251296487914319 0.10099698252504918 0.098014376266848974 0.099845801034379109 -0.11763239414845959 -0.11324170112048931 -0.17496791605483147 0.07578656001031496 0.053723994548314162 0.013257202716377182
leaf_weight=2.3686338557397724 4.6571592142915526 0.94931933752776743 7.2462801830016632 3.9825285047122341 4.6718891523454991 0.65045737655591906 2.3120519761051801 3.5453567713172225 2.1718330371686534 3.0969514946973833 5.4975451936015771 0.86786646483231145 1.0005702047280367 0.047035522758960613 1.3815357955845682 0.71045148134090874 0.62568716278212733 7.5503391556904935 0.21597396066038399 6.2183229238544291 5.5804775598415519 1.3923265098128466 2.5630308590589266 0.54046700226024302 0.8430806547139581 0.67810573390443085 1.8073640565659408 7.3489550125199719 2.1151720227407398 62.194579864007288
leaf_count=18932 42521 20 416 38 829 138 34 4692 26 1464 665 3921 706 1 243 539 648 39 13 93 766 6 108 5 185 955 681 78 124 981
internal_value=0.00673079 0.00842649 -0.00660552 0.0182863 0.0201759 0.0162195 0.0115749 0.00232381 -0.0507705 0.00891469 -0.00223871 0.0610682 -0.0897091 -0.243665 -0.0536957 0.0126728 0.000846956 0.00583124 -0.0149073 -0.00355762 -0.0361077 -0.0725252 0.0474775 -0.111996 0.0461647 0.0629206 0.013307 0.0160466 -0.051649 0.0198649
internal_weight=144.831 142.463 56.4304 86.0323 85.083 81.1005 76.4286 51.7732 5.71719 46.056 37.9419 8.11415 5.52609 1.04761 4.47849 32.4158 26.2402 25.6145 18.0641 17.8482 10.7868 7.51327 3.27348 6.12094 7.0614 6.17565 75.7781 73.4661 3.92254 69.5435
internal_count=79867 60935 58012 2923 2903 2865 2036 15491 4718 10773 6436 4337 2414 707 1707 4022 2402 1754 1715 1702 1424 777 647 771 278 1620 1898 1864 805 1059
is_linear=0
shrinkage=0.1


Tree=49
num_leaves=31
num_cat=0
split_feature=1 7 3 3 14 14 7 7 4 6 14 14 12 8 14 2 3 3 8 7 14 14 14 12 4 7 11 7 14 7
split_gain=2.20976 2.52049 1.8518 1.93085 2.71484 2.93649 2.48426 1.84098 1.20212 2.5745 2.41167 3.45058 8.04181 9.19624 2.0939 3.55028 3.98788 57.603 210.922 3.16257 1.40893 4.848 2.23582 1.71262 3.49857 3.37073 2.64196 8.32799 1.86058 1.596
threshold=0.68243189102564117 0.46410256410256417 0.41206791995148578 0.41421362489486974 10.281000107368325 8.1547312023503284 0.87867647058823539 0.37171052631578955 1.5000000000000002 9.5000000000000018 13.314060164286476 13.154792998968945 6.5000000000000009 0.63859338061465731 10.797950479090593 0.61200716845878145 0.8447574334898279 0.8402898550724639 0.25588316722037657 0.29705882352941182 13.529702120382128 13.676818166519574 13.48939424335123 1.0000000180025095e-35 3.5000000000000004 0.77350427350427364 1.0000000180025095e-35 0.70294117647058829 22.867300583811076 0.67543859649122817
decision_type=2 2 2 2 2 2 2 2 2 2 2 2 2 2 2 2 2 2 2 2 2 2 2 2 2 2 2 2 2 2
left_child=1 -1 -2 -4 5 7 8 -5 9 -6 11 14 13 -13 -10 -16 17 -17 -19 -18 22 29 -12 24 25 26 27 -23 -28 -22
right_child=2 -3 3 4 6 -7 -8 -9 10 -11 20 12 -14 -15 15 16 19 18 -20 -21 21 23 -24 -25 -26 -27 28 -29 -30 -31
leaf_value=-0.11568672909786537 -0.15022199795535965 0.035880658914390816 0.099798138275770068 -0.10296453030339786 0.05372429716788224 -0.12129400150568251 0.1008076638067438 0.10039025782872205 0.083885527404566784 -0.16859935909913421 -0.008501319943853558 -0.39165151616773702 -0.063554435084962155 -1.8828428512486171 0.040176811100367582 -0.15225623446213099 -0.097313787416666686 -0.1000512784026896 -27.157212558212947 0.062626841392664917 -0.18530562645189408 -0.036897233512183054 0.084669394939006826 0.014568018971093971 -0.34772818405075129 -0.23289210257397031 0.066067779025677884 -1.1444716376548116 -0.081717614356348112 0.1000525814836794
leaf_weight=3.0214644108027238 0.72843250116809954 1.7227419613263459 2.3347047990846468 0.66736343863324421 9.6332834012060982 3.2404273401479178 3.0054458468554506 1.3372163623571394 1.8003997229312076 0.55063373254590331 4.4171804314594691 0.22983201649776575 1.1691183715615254 0.050431171432137489 4.1729278904634759 1.6359734897312437 3.1059063561318512 0.01314025242027117 0.0036901941275573327 2.0538115215022117 1.6587520739313237 0.4400056015634809 6.1777734088846046 80.559449973671732 0.34890319911198719 0.66852541104617547 3.4839195426094909 0.080273564904928207 1.1276185473571692 0.22226064465939988
leaf_count=25366 6811 18 182 6299 2737 11016 120 9 544 2121 1301 335 938 2 4810 2458 1942 66 17 22 1042 320 245 11019 21 5 86 2 8 5
internal_value=0.00643018 -0.0606488 0.00878893 0.0096521 0.00805591 -0.0624433 0.0109765 0.0326895 0.00879221 0.0417035 0.00583712 -0.0326534 -0.178884 -0.65998 -0.016077 -0.0324599 -0.0769526 -0.212135 -6.03252 -0.0336499 0.0113614 0.00723965 0.0458253 0.0106852 -0.040183 -0.0216835 0.00583082 -0.207784 0.0299311 -0.151588
internal_weight=139.662 4.74421 134.917 134.189 131.854 5.24501 126.609 2.00458 123.604 10.1839 113.42 14.2352 1.44938 0.280263 12.7858 10.9854 6.81252 1.6528 0.0168304 5.15972 99.1847 88.5897 10.595 86.7087 6.14925 5.80034 5.13182 0.520279 4.61154 1.88101
internal_count=79867 25384 54483 47672 47490 17324 30166 6308 30046 4858 25188 11134 1275 337 9859 9315 4505 2541 83 1964 14054 12508 1546 11461 442 421 416 322 94 1047
is_linear=0
shrinkage=0.1


Tree=50
num_leaves=31
num_cat=0
split_feature=9 14 14 8 2 6 1 3 3 4 2 0 12 8 6 7 7 12 14 14 7 7 12 0 0 12 7 7 8 1
split_gain=2.36895 2.06411 6.48906 2.69726 2.29607 2.29229 2.0798 3.02975 3.59534 3.07277 4.65 2.62024 3.01314 2.87819 6.42602 3.66691 3.50299 3.43536 2.58505 2.8307 2.32531 6.29252 2.04681 4.40352 1.88089 1.63851 8.76391 2.33287 2.08419 2.12704
threshold=1.0000000180025095e-35 15.501959961563546 15.126916844971646 0.41318840579710148 0.43513323983169711 1.0000000180025095e-35 0.77823315118397096 0.76506899055918676 0.8128434065934067 3.5000000000000004 0.77913279132791347 0.73214285714285732 66.500000000000014 0.42674796747967486 7.5000000000000009 0.13840996168582378 0.69615384615384623 28.500000000000004 20.614721096663278 24.643985043267573 0.76696832579185525 0.68990384615384626 10.500000000000002 0.64583333333333337 0.73214285714285732 18.500000000000004 0.24068965517241384 0.21807065217391305 0.21889880952380955 0.82343137254901966
decision_type=2 2 2 2 2 2 2 2 2 2 2 2 2 2 2 2 2 2 2 2 2 2 2 2 2 2 2 2 2 2
left_child=1 2 4 -4 5 -1 -3 -8 24 11 -11 -10 13 15 16 17 18 -13 -15 -20 21 -12 -2 -24 -9 26 27 -6 -28 -30
right_child=22 6 3 -5 25 -7 7 8 9 10 20 12 -14 14 -16 -17 -18 -19 19 -21 -22 -23 23 -25 -26 -27 28 -29 29 -31
leaf_value=0.070025344039220533 0.083962148553588953 -0.13064080370872178 -0.24188537398421173 0.098317768604303413 -0.11777698800189827 -0.1205890911258887 0.072723529634087999 -0.16241595602748715 0.076659607617169501 0.048343892090232612 -0.065756749127859115 -0.13871238815572703 -0.20414984540650122 -0.032361962485834096 0.099221600592733106 0.0810668181409816 0.0301558192930939 0.022147918097811192 -0.24077283842077005 -0.072578703784181783 0.10014315430927496 -0.36494168924908899 0.099318728545907856 -0.27452329525831248 -0.02320492161068595 0.01627657203387883 -0.10939463338825198 -0.30817417649190593 -0.061222818765522269 0.034623051856129135
leaf_weight=0.8023187671183386 6.3942127476112729 0.96878299569026083 1.6167926068464524 0.27229827532614215 2.785221493241397 2.9528090642697835 8.5408123744679951 1.7009291851512878 8.0566302389974549 3.1682870953359288 3.0051905415722331 1.5051573116326018 0.62127434254822489 5.2340389650998977 3.9564790154690863 11.481761703494515 4.2308674114296467 11.255645814514082 1.6303527400624109 2.5906046477030045 0.46773040298663682 0.91764172981493164 0.77068685542223014 0.5329826726217135 2.2602356539060224 29.935657554588687 1.3789082059071756 0.83689884492178768 2.781790152697762 13.810642478935153
leaf_count=1360 213 884 989 25 22976 36684 1415 454 512 151 290 1764 7 40 12 91 57 98 30 21 5 9 27 22 250 10836 22 210 243 170
internal_value=0.00679197 0.00357049 -0.0105973 -0.192848 -0.00436973 -0.0798625 0.0148848 0.0168811 0.00919877 0.0154812 -0.0439868 0.0243713 0.0144606 0.0177032 -0.0130254 0.0400657 -0.0454751 0.00317419 -0.079318 -0.137544 -0.110614 -0.135743 0.0606789 -0.0535201 -0.0829823 0.00113172 -0.019864 -0.161769 0.00873682 0.0185541
internal_weight=136.464 128.766 57.1733 1.88909 55.2842 3.75513 71.5924 70.6236 62.0828 58.1217 7.55885 50.5628 42.5062 41.8849 17.6423 24.2426 13.6859 12.7608 9.455 4.22096 4.39056 3.92283 7.69788 1.30367 3.96116 51.5291 21.5935 3.62212 17.9713 16.5924
internal_count=79867 79605 73515 1014 72501 38044 6090 5206 3791 3087 455 2632 2120 2113 160 1953 148 1862 91 51 304 299 262 49 704 34457 23621 23186 435 413
is_linear=0
shrinkage=0.1


Tree=51
num_leaves=31
num_cat=0
split_feature=9 2 12 8 7 1 3 14 14 0 6 7 14 14 2 12 12 12 14 7 2 15 14 12 12 8 8 12 14 7
split_gain=2.06417 1.85169 1.76576 3.62822 1.59771 2.15007 2.57114 3.02581 1.66851 1.96903 2.52266 1.87743 1.664 6.00489 2.29181 2.23795 3.40158 2.11997 1.85752 7.55766 3.64978 1.91312 1.68903 3.10683 6.78752 41.0841 4.75372 3.98783 2.65907 2.30308
threshold=1.0000000180025095e-35 0.30094339622641519 10.500000000000002 0.63859338061465731 0.75500000000000012 0.74889031156636798 0.22401433691756276 6.6931711637075146 9.9290926391327066 0.36931818181818188 7.5000000000000009 0.56038647342995185 15.501959961563546 15.126916844971646 0.48957881024750333 70.500000000000014 57.500000000000007 75.500000000000014 30.30057998453368 0.46410256410256417 0.77346041055718484 1.0000000180025095e-35 12.66818064847852 9.5000000000000018 3.5000000000000004 0.70483682983682994 0.45084230875448772 31.500000000000004 10.782741243775057 0.16397849462365593
decision_type=2 2 2 2 2 2 2 2 2 2 2 2 2 2 2 2 2 2 2 2 2 2 2 2 2 2 2 2 2 2
left_child=1 -1 -2 -4 5 6 -3 -8 -7 10 11 -10 13 15 -14 16 22 -17 -16 20 -20 -22 28 24 26 -26 -24 -25 -11 -29
right_child=2 4 3 -5 -6 8 7 -9 9 12 -12 -13 14 -15 18 17 -18 -19 19 -21 21 -23 23 27 25 -27 -28 29 -30 -31
leaf_value=-0.097777603113242448 0.081835761697031967 0.098880100798557011 0.099241192684385734 -0.22554801937352825 0.046588721575445989 -0.0897552219022867 0.085974435385732836 -0.13567209122050855 0.068383410886436694 -0.13981559477120506 -0.15754729931890576 -0.16193994411374854 -0.12866909399338111 -0.20018557139924795 0.019241699365747503 0.064571017150224966 -0.12709250931351626 -0.1145390544130359 -0.17839504267582953 -0.34818058766679216 0.096060902427063319 -0.057870615505384485 0.086853345135594034 0.05199188289210728 -0.18741787653975786 -4.6134304023771344 -0.11862097366605689 -0.12745640263544628 0.057904225549481637 0.071947376256717224
leaf_weight=1.7833089472556469 5.9285388722623296 0.81993781045094749 0.78460490338428324 0.61240551336858595 8.5401850502151699 1.8410384724614477 0.75414642181983005 3.3601981107584313 9.3882132033489665 0.76896891775127674 0.56547800095172185 0.36776954094695646 1.1464550870766093 1.6804225383604023 57.417402743053906 6.017300876452814 2.6482439582588482 0.74235605264061622 0.88682403948170785 0.70217961119487959 2.5489128295730552 1.1817204541691806 2.3431117033218518 7.0359863798866007 1.9039737036093276 0.021206002682447322 2.1675164938600364 2.520252890937948 5.891349871426196 0.75206197265868002
leaf_count=18924 213 47 26 23 135 11646 903 21558 1448 607 4452 9 532 789 4293 111 393 259 63 9 68 47 1708 3551 2424 1 22 1212 4376 18
internal_value=0.00640171 0.00339679 0.0580031 -0.0431362 0.00485168 0.00176488 -0.0628201 -0.095045 0.00464785 0.00624678 0.0477987 0.059701 0.00188723 -0.0158123 0.0114438 -0.00636997 -0.0196728 0.0449009 0.0140042 -0.0425267 0.00395433 0.0473013 -0.00751807 -0.0244609 -0.0789764 -0.236171 -0.0118843 0.00957488 0.0350764 -0.0816283
internal_weight=133.122 125.797 7.32555 1.39701 124.013 115.473 4.93428 4.11434 110.539 108.698 10.3215 9.75598 98.3762 34.4928 63.8835 32.8123 26.0527 6.75966 62.737 5.31964 4.61746 3.73063 23.4044 16.7441 6.43581 1.92518 4.51063 10.3083 6.66032 3.27231
internal_count=79867 79605 262 49 60681 60546 22508 22461 38038 26392 5909 1457 20483 15471 5012 14682 14312 370 4480 187 178 115 13919 8936 4155 2425 1730 4781 4983 1230
is_linear=0
shrinkage=0.1


Tree=52
num_leaves=31
num_cat=0
split_feature=7 12 8 8 7 6 0 12 12 8 12 12 12 14 3 6 6 2 14 12 12 14 12 7 14 7 7 7 14 8
split_gain=1.90147 4.08839 1.64846 2.3217 1.9549 1.54076 3.90384 2.19205 3.48493 2.71887 1.81006 2.22708 1.68155 1.60126 1.44989 3.13733 1.63683 2.38389 1.92433 3.18816 5.2476 2.92164 3.50721 2.26687 4.77667 1.33953 1.40681 1.44729 8.51282 1.69887
threshold=0.18019480519480521 19.500000000000004 0.1316809465524276 0.16990566037735852 0.87867647058823539 7.5000000000000009 0.77500000000000013 29.500000000000004 38.500000000000007 1.0000000180025095e-35 35.500000000000007 34.500000000000007 74.500000000000014 24.643985043267573 0.41421362489486974 4.5000000000000009 2.5000000000000004 0.96225071225071235 18.143056102308858 70.500000000000014 66.500000000000014 11.395053019537224 65.500000000000014 0.13840996168582378 14.782978092211872 0.20942982456140355 0.21583850931677021 0.24068965517241384 17.731989448711584 0.1977383082034245
decision_type=2 2 2 2 2 2 2 2 2 2 2 2 2 2 2 2 2 2 2 2 2 2 2 2 2 2 2 2 2 2
left_child=1 -1 -2 -4 25 7 12 9 10 -3 11 13 -7 -9 -10 16 17 -16 19 20 21 -19 23 24 -23 -5 -27 28 -28 -29
right_child=2 5 3 4 -6 6 -8 8 14 -11 -12 -13 -14 -15 15 -17 -18 18 -20 -21 -22 22 -24 -25 -26 26 27 29 -30 -31
leaf_value=-0.10585582893356951 -0.10830850641969035 0.07892166343271928 0.10025832800896523 -0.070707480711916668 0.10052335103722287 -0.14026342389287591 0.062138162276339996 -0.14018712466820837 0.090946676595781289 -0.11769342479211609 -0.19178297884574416 0.064038582132748087 0.072246260763536407 0.022632316048191742 -0.12438801129779774 -0.15723744449828433 0.074121191486524518 0.063573427390012566 0.059187668304002461 0.046439547423069161 -0.35234194626687382 -0.11613051011473852 0.061415036466173557 0.098338077801130255 -0.58804147885424596 0.095930364556676584 -0.22492197734983016 -0.080368201823471208 0.064370174221206861 0.017439965684128676
leaf_weight=4.0036222829208077 1.0529924290053134 6.2728103405253961 3.2607776744469694 1.9494606252571305 2.5277723685150724 3.0427825443564114 1.966085489648975 2.1768771802361022 2.040417579099997 0.79213801584103194 1.1126447648528328 1.2438665975333547 0.42426836640773169 0.83597184476093378 1.426956824392646 1.1613073819817419 3.5157566073087585 2.3443503895978219 5.5704053236840982 5.7833296373428302 0.53841126926637439 3.1645086280934724 1.4560662853618849 0.41931014200213201 0.23008381260679955 2.0030573985941933 1.6363112271256586 1.8276391215796781 2.6883554828054912 62.681844205008872
leaf_count=55793 24 506 51 1232 126 6678 26 1784 578 4771 860 288 313 8 1515 1262 1026 22 24 92 26 315 11 7 11 186 665 23 29 1615
internal_value=0.00641258 -0.00897362 0.0159815 0.0176471 0.0140704 -0.000452225 -0.0504258 0.00632118 -0.00449558 0.0568767 -0.0782181 -0.0485338 -0.114258 -0.0950098 0.00982014 0.00335669 0.0109847 0.000380989 0.00950822 -0.0103492 -0.0506337 -0.0292998 -0.0706145 -0.121021 -0.148116 0.011068 0.0133185 0.0109145 -0.0450884 0.0146689
internal_weight=129.15 49.522 79.6282 78.5752 75.3144 45.5183 5.43314 40.0852 33.0203 7.06495 5.36936 4.25672 3.46705 3.01285 27.6509 25.6105 24.4492 20.9334 19.5065 13.9361 8.15273 7.61432 5.26997 3.8139 3.39459 72.7867 70.8372 68.8342 4.32467 64.5095
internal_count=79867 75916 3951 3927 3876 20123 7017 13106 7829 5277 2940 2080 6991 1792 4889 4311 3049 2023 508 484 392 366 344 333 326 3750 2518 2332 694 1638
is_linear=0
shrinkage=0.1


Tree=53
num_leaves=31
num_cat=0
split_feature=9 7 7 1 3 7 7 3 3 2 12 14 14 7 2 15 14 6 4 12 7 6 12 6 2 15 7 8 0 7
split_gain=1.65346 1.99039 5.59 1.51714 2.15527 1.60212 1.28576 1.23702 1.63872 1.3598 1.99382 1.23509 1.23328 6.13695 3.14277 1.77882 1.75002 2.33723 2.26054 3.04622 1.96651 3.88532 1.72897 1.72265 3.59099 2.32016 3.6757 3.29247 2.58327 2.57645
threshold=1.0000000180025095e-35 0.8047619047619049 0.87867647058823539 0.68243189102564117 0.22401433691756276 0.76696832579185525 0.81534090909090928 0.41206791995148578 0.41421362489486974 0.46998799519807927 11.500000000000002 11.150898574270309 30.30057998453368 0.46410256410256417 0.77346041055718484 1.0000000180025095e-35 24.643985043267573 3.5000000000000004 3.5000000000000004 4.5000000000000009 0.42261904761904767 5.5000000000000009 6.5000000000000009 4.5000000000000009 0.82891986062717782 1.0000000180025095e-35 0.46410256410256417 0.46702898550724642 0.58571428571428574 0.42261904761904767
decision_type=2 2 2 2 2 2 2 2 2 2 2 2 2 2 2 2 2 2 2 2 2 2 2 2 2 2 2 2 2 2
left_child=3 -2 -3 4 -1 -6 7 -5 -9 10 11 -10 16 14 -14 -16 23 18 -18 -20 21 -19 -21 -11 25 27 29 28 -25 -27
right_child=1 2 -4 6 5 -7 -8 8 9 12 -12 -13 13 -15 15 -17 17 20 19 22 -22 -23 -24 24 -26 26 -28 -29 -30 -31
leaf_value=0.085887639111642891 0.076875272994777838 -0.38404535686610852 0.10003096999582668 -0.14292297833165965 -0.13554066323941891 0.068493218782930368 0.064673743411996096 0.098929718386669335 -0.12272706674636198 0.0089614682663380699 -0.12826923102206694 0.060032094292234384 -0.16364231765941065 -0.32530354724624555 0.094970248611361663 -0.056666803412433589 0.023122013037399032 0.099289500172945355 -0.27159871599388208 0.099579670270418336 0.091860610655012775 -0.18653645412187558 -0.20397370439510165 -0.1348077869173282 -0.30740681452011748 -0.033524500662780031 0.078422888355213119 -0.1417934215174452 0.019532198696077627 -0.41824682669772256
leaf_weight=0.78172533365163932 5.762340138546314 0.37199413031339656 0.66501199718751158 0.57537522880518466 2.3363568316121444 0.46074476713957535 3.5246648946110914 1.7920979273985711 0.49150041654798715 63.809210629544303 1.9145688330340755 1.4931039591864101 0.92924483958992432 0.67032646294683385 2.2810423689061281 1.1706246696451219 5.6750842700457769 1.1338308794583998 0.68121464995670045 0.62854675274365945 7.6279847215628251 0.81918174864489124 0.26748778145201868 1.3811235864938138 0.441346619549562 4.0307259167965821 4.7107298386454248 2.9116921402283547 5.048676925806741 0.1819276820330743
leaf_count=820 181 9 72 6806 24548 4 95 182 6915 15459 8103 3725 66 9 68 47 111 28 44 16 11 132 66 3115 51 6549 43 42 2546 4
internal_value=0.00597439 0.0539229 -0.0736166 0.00320612 -0.0609062 -0.101932 0.00521545 0.00332174 0.00408606 0.00251662 -0.0554647 0.0147706 0.00468213 -0.0435196 -0.000403609 0.0435429 0.00713287 0.0365177 -0.00631075 -0.112212 0.0689366 -0.0205988 0.00896171 0.00113831 -0.0255474 -0.0187367 0.0177299 -0.053571 -0.0136201 -0.0501391
internal_weight=124.569 6.79935 1.03701 117.77 3.57883 2.7971 114.191 110.667 110.091 108.299 3.89917 1.9846 104.4 5.05124 4.38091 3.45167 99.3488 16.8333 7.25233 1.57725 9.581 1.95301 0.896035 82.5154 18.7062 18.2649 8.92338 9.34149 6.4298 4.21265
internal_count=79867 262 81 79605 25372 24552 54233 54138 47332 47150 18743 10640 28407 190 181 115 28217 408 237 126 171 160 82 27809 12350 12299 6596 5703 5661 6553
is_linear=0
shrinkage=0.1


Tree=54
num_leaves=31
num_cat=0
split_feature=9 12 12 1 3 7 3 3 14 14 7 7 14 14 12 3 12 1 7 12 4 6 14 14 14 7 14 12 12 7
split_gain=1.45768 1.74598 4.92598 1.34203 1.9179 1.4501 1.11948 1.42417 1.58121 2.92719 2.09983 1.42608 1.29015 3.06286 2.8952 2.17083 1.80015 3.05136 1.85672 1.49219 1.22467 1.17707 1.04929 2.83343 2.28575 1.12603 1.13688 1.46432 1.09363 4.06882
threshold=1.0000000180025095e-35 10.500000000000002 11.500000000000002 0.68243189102564117 0.22401433691756276 0.76696832579185525 0.41206791995148578 0.41421362489486974 10.281000107368325 8.1547312023503284 0.83974358974358987 0.37171052631578955 12.703772534747346 13.273642912045794 56.500000000000007 0.61311827956989251 9.5000000000000018 0.77823315118397096 0.29705882352941182 7.5000000000000009 1.5000000000000002 12.500000000000002 13.529702120382128 13.676818166519574 13.48939424335123 0.12310606060606062 13.340766722023588 70.500000000000014 1.0000000180025095e-35 0.77350427350427364
decision_type=2 2 2 2 2 2 2 2 2 2 2 2 2 2 2 2 2 2 2 2 2 2 2 2 2 2 2 2 2 2
left_child=3 -2 -3 4 -1 -6 -5 -8 9 11 12 -9 14 16 15 19 17 -14 21 -10 -19 -18 24 -24 25 26 27 -15 29 -25
right_child=1 2 -4 6 5 -7 7 8 10 -11 -12 -13 13 22 -16 -17 18 20 -20 -21 -22 -23 23 28 -26 -27 -28 -29 -30 -31
leaf_value=0.083344837344702549 0.078850671696001073 -0.29686281116785351 0.099620598234955796 -0.14001768617077234 -0.13475707837095363 0.064835306644602381 0.098275829443646157 -0.10303770967472835 0.060205953560280356 -0.12230003410800978 0.10027672406084075 0.10038758615086391 0.091872177949338912 -0.11420144732442006 -0.10899869442294297 0.062288451524255134 -0.10703432275462831 -0.43389599252622413 0.093206687198952642 -0.15340558510566904 -0.15982753389244733 0.089149950301185985 -0.12746995711905371 -0.019502549852867195 0.082839021349153608 0.044736561523851394 -0.12283697281952147 0.098719522472529603 0.0073515296331894582 -0.41726182047212385
leaf_weight=0.7278405786170693 5.0642360112855282 0.50270459118469835 0.83195628025002355 0.53088271135798848 2.1257225275999119 0.43921935940826973 1.6318165546199441 0.47284138461587932 0.53347874310627774 2.5960763731538306 2.3397595512669929 1.2707682605832813 0.49955768684049573 0.56151591535809176 1.3026120929760043 11.14557821107654 1.7241380771089971 0.17766135183956122 1.0029658265411852 0.84499950780423783 1.9815140016834221 0.37176941276084097 1.679922797955071 4.9632140363788571 4.9874586884016026 1.8283429119281889 1.3234574756729456 0.76039345408207737 66.86009810895932 0.27122830086818783
leaf_count=820 213 15 34 6807 24548 4 182 6296 1905 11001 75 8 354 490 568 6366 2253 22 7 2624 1298 293 1045 437 245 49 1010 12 10883 3
internal_value=0.00558146 0.0520346 -0.0497162 0.00299567 -0.0599242 -0.100579 0.00485111 0.00554316 0.00416121 -0.0549928 0.00660235 0.0452216 0.00447071 5.53837e-05 0.0328892 0.0476468 -0.0704819 -0.130849 -0.0186892 -0.0707367 -0.182378 -0.0722354 0.00493462 0.000913809 0.0362873 -0.0156103 -0.057319 0.00827572 0.00390536 -0.0401129
internal_weight=121.354 6.3989 1.33466 114.955 3.29278 2.56494 111.662 111.131 109.499 4.33969 105.16 1.74361 102.82 88.9932 13.8267 12.5241 5.75761 2.65873 3.09887 1.37848 2.15918 2.09591 83.2356 73.7745 9.46117 4.47371 2.64537 1.32191 72.0945 5.23444
internal_count=79867 262 49 79605 25372 24552 54233 47426 47244 17305 29939 6304 29864 18401 11463 10895 4227 1674 2553 4529 1320 2546 14174 12368 1806 1561 1512 502 11323 440
is_linear=0
shrinkage=0.1


Tree=55
num_leaves=31
num_cat=0
split_feature=7 12 7 6 0 12 12 12 4 12 8 12 14 3 1 14 12 14 12 12 14 15 2 14 8 7 12 7 8 11
split_gain=1.36273 3.31977 1.54241 1.11141 3.24612 1.90093 2.92643 3.3997 2.94938 2.36972 2.33532 1.39086 1.31832 1.49205 3.02342 2.03778 4.63673 6.82908 1.57802 1.50694 1.51214 1.45481 1.06787 1.34745 1.06656 1.55055 1.04504 1.42949 2.59974 2.25485
threshold=0.18019480519480521 19.500000000000004 0.18350168350168353 7.5000000000000009 0.77500000000000013 29.500000000000004 42.500000000000007 40.500000000000007 2.5000000000000004 39.500000000000007 1.0000000180025095e-35 74.500000000000014 22.026795727505853 0.61633428300094983 0.99180327868852469 18.143056102308858 52.500000000000007 13.635176019568336 70.500000000000014 54.500000000000007 15.501959961563546 1.0000000180025095e-35 0.85329985652797713 21.311442682178001 0.1316809465524276 0.87867647058823539 41.500000000000007 0.36038961038961043 0.70483682983682994 1.0000000180025095e-35
decision_type=2 2 2 2 2 2 2 2 2 2 2 2 2 2 2 2 2 2 2 2 2 2 2 2 2 2 2 2 2 2
left_child=1 -1 -2 5 11 10 7 9 -9 22 -3 -5 13 21 -15 16 17 -16 19 -18 -21 -8 -7 -24 -4 26 27 29 -29 -26
right_child=2 3 24 4 -6 6 12 8 -10 -11 -12 -13 -14 14 15 -17 18 -19 -20 20 -22 -23 23 -25 25 -27 -28 28 -30 -31
leaf_value=-0.10467965122150452 0.088568755846279976 0.07598559787888004 -0.088688014659698042 -0.13404929605765983 0.058933983431502371 -0.13538207869662575 0.081783442162252626 -0.10823394861185175 -0.61318088253285152 0.080108672462333844 -0.11922746759247596 0.071555822298906099 0.099181378822668073 -0.14011672758262891 -0.12187087048733919 0.073974772198507441 0.047134946355435831 -0.94922418178673917 0.042078872266524063 -0.10770366501991369 0.02315828608313944 -0.10661522353622094 -0.11380868954743351 0.0097366995987782888 -0.0030125455917143465 0.10021105940904823 0.082616415307257995 0.035057653613399652 -0.010321994701466183 -0.11025063223237189
leaf_weight=3.3334875157404502 2.6374133667085848 5.6629903437173317 1.0637079470144772 2.6811644025930437 1.8528579298561849 1.7654978255465907 3.5707659815125217 0.27655452834562755 0.19884664396886365 1.2727282389900887 0.6871772368021779 0.37503719024619275 1.6234365255804721 1.5609539681888769 0.59539837859404166 3.4185840405771168 1.6366707873967232 0.11984712153787491 5.2172869653149974 2.7985047963902616 1.2900650870389778 0.46302278554185239 1.4912270105681344 2.1636834658520456 12.846356052119857 1.9464418314773144 1.9107953408525293 29.373552929547479 22.139601905141632 2.3139145037127582
leaf_count=55793 359 506 23 6678 26 2861 774 413 4 259 4771 313 7 1703 129 14 28 10 92 135 4 1069 311 16 287 128 82 311 323 2438
internal_value=0.0051972 -0.00873531 0.013466 -0.0008814 -0.0455028 0.00523502 -0.00546081 -0.0610402 -0.319439 -0.0426867 0.0548608 -0.108819 0.0124101 0.00559537 -0.00763356 0.00608329 -0.0138255 -0.260503 0.00229823 -0.033953 -0.0664128 0.0601579 -0.0715194 -0.0406706 0.0106993 0.0121982 0.00970041 0.00761071 0.0155541 -0.0193803
internal_weight=118.288 44.0558 74.2318 40.7223 4.90906 35.8132 29.4631 7.16854 0.475401 6.69314 6.35017 3.0562 22.2945 20.6711 16.6373 15.0764 11.6578 0.715246 10.9425 5.72524 4.08857 4.03379 5.42041 3.65491 71.5944 70.5307 68.5842 66.6734 51.5132 15.1603
internal_count=79867 75916 3951 20123 7017 13106 7829 3864 417 3447 5277 6991 3965 3958 2115 412 398 139 259 167 139 1843 3188 327 3592 3569 3441 3359 634 2725
is_linear=0
shrinkage=0.1


Tree=56
num_leaves=31
num_cat=0
split_feature=9 7 7 1 3 7 14 7 7 7 11 7 12 8 8 14 7 6 8 12 10 7 12 2 14 15 7 12 2 12
split_gain=1.23004 1.95572 3.70234 1.15112 1.67354 1.28021 1.11428 1.32369 1.09197 1.79842 1.78884 5.51185 4.40471 15.4536 3.15852 2.30543 2.78162 2.15072 2.96018 1.78882 3.9146 3.63067 1.88849 4.17721 2.94697 2.32331 58.4934 1.66902 1.42655 2.44205
threshold=1.0000000180025095e-35 0.8047619047619049 0.87867647058823539 0.68243189102564117 0.22401433691756276 0.76696832579185525 15.06563971653374 0.46410256410256417 0.70294117647058829 0.68990384615384626 1.0000000180025095e-35 0.54195804195804198 8.5000000000000018 0.63859338061465731 0.70483682983682994 27.562982556358197 0.37171052631578955 8.5000000000000018 0.77871939736346529 3.5000000000000004 1.0000000180025095e-35 0.24068965517241384 4.5000000000000009 0.55662393162393176 30.30057998453368 1.0000000180025095e-35 0.26969696969696971 30.500000000000004 0.68496240601503777 9.5000000000000018
decision_type=2 2 2 2 2 2 2 2 2 2 2 2 2 2 2 2 2 2 2 2 2 2 2 2 2 2 2 2 2 2
left_child=3 6 -3 4 -1 -6 7 -2 9 10 17 12 15 -14 -13 16 -12 18 19 21 22 -5 23 -21 25 26 -25 28 -19 -30
right_child=1 2 -4 8 5 -7 -8 -9 -10 -11 11 14 13 -15 -16 -17 -18 27 -20 20 -22 -23 -24 24 -26 -27 -28 -29 29 -31
leaf_value=0.081400764622004115 -0.13909402850340777 -0.29930017470025211 0.10002340993450343 -0.14740875310815779 -0.13529483405301929 0.060250131414747513 0.10051851273556721 0.068686279579316112 0.029633238341211857 -0.20319986163298906 -0.11208989065094087 0.092414086192456599 -0.12503681215999521 -1.0204553201962057 -0.04498499705848772 -0.1697571534057335 0.077957458044527306 -0.11948451630692886 0.10020242024206548 0.095967697291950149 -0.47081257876478289 0.075968238644839092 0.0062528542741964377 -0.15066748460590867 0.099331769344480181 -0.17604662539437532 -6.5829409360044808 0.035065810702131057 0.097429207081960997 -0.14250892282828539
leaf_weight=0.65406201095197847 0.47774881913927769 0.43152425251901128 0.5026090179071413 0.81349758618040802 1.8623761997651609 0.40818314125165578 3.7936829343391838 0.85587615866377209 14.416126716810409 0.43342213589016765 1.3422501962794593 3.613068460281271 1.6049570980602745 0.21904812272920304 3.1159634081533358 1.126141632404934 1.8068986698740588 3.0750689884711475 3.5910589208951356 0.8454262733186072 0.17518002663018606 6.8934485326068984 57.436225156312723 0.25618328917198563 0.30676695428792311 1.0125243238282451 0.014963446184993234 1.7660920113206575 0.98435458702062262 0.74540132958824767
leaf_count=820 36 9 72 4831 24548 4 115 30 192 9 5272 17 6577 9 31 17 42 15147 24 418 4 50 18233 352 11 480 2 2220 182 113
internal_value=0.00479345 0.0486333 -0.0844447 0.00234472 -0.0595413 -0.100141 0.0728785 -0.00574754 0.00405877 1.51932e-05 0.000985807 -0.0336164 -0.102466 -0.232569 0.0287897 -0.0469587 -0.00304573 0.00668281 0.0117249 0.00703545 0.0012143 0.0523899 0.0025954 -0.0836451 -0.179122 -0.245665 -0.505638 -0.0480626 -0.0786178 -0.005967
internal_weight=114.58 6.06144 0.934133 108.519 2.92462 2.27056 5.12731 1.33362 105.594 91.1779 90.7445 12.8283 6.0993 1.82401 6.72903 4.27529 3.14915 77.9162 71.3453 67.7542 60.0473 7.70695 59.8721 2.43586 1.59044 1.28367 0.271147 6.57092 4.80482 1.72976
internal_count=79867 262 81 79605 25372 24552 181 66 54233 54041 54032 11965 11917 6586 48 5331 5314 42067 24405 24381 19500 4881 19496 1263 845 834 354 17662 15442 295
is_linear=0
shrinkage=0.1


Tree=57
num_leaves=31
num_cat=0
split_feature=12 7 7 15 6 9 4 12 14 8 0 8 0 0 6 0 7 0 8 8 7 10 7 7 3 11 1 14 12 1
split_gain=2.90326 5.16374 4.57743 2.23668 2.22343 3.73873 1.94292 1.92394 2.1712 2.11988 3.0366 3.32155 6.1245 1.76705 1.73903 1.56989 2.67205 1.52232 1.84616 1.42279 1.39997 1.31031 1.60168 54.4416 3.36181 1.93376 3.51495 5.58185 13.8763 1.95453
threshold=6.5000000000000009 0.21807065217391305 0.27429467084639503 1.0000000180025095e-35 7.5000000000000009 1.0000000180025095e-35 4.5000000000000009 4.5000000000000009 10.220640770558242 0.70483682983682994 0.41428571428571431 0.85023364485981323 0.73214285714285732 0.69047619047619058 8.5000000000000018 0.77500000000000013 0.60555555555555574 0.73214285714285732 0.96076923076923093 0.63859338061465731 0.74456521739130443 1.0000000180025095e-35 0.54195804195804198 0.51666666666666672 0.85565476190476197 1.0000000180025095e-35 0.99180327868852469 19.244429595936335 9.5000000000000018 0.89932432432432441
decision_type=2 2 2 2 2 2 2 2 2 2 2 2 2 2 2 2 2 2 2 2 2 2 2 2 2 2 2 2 2 2
left_child=1 -1 3 -3 6 15 21 8 -4 14 -11 12 -12 19 -10 16 -6 18 -13 -9 -19 22 23 25 -24 -2 29 28 -28 -27
right_child=4 2 7 -5 5 -7 -8 13 9 10 11 17 -14 -15 -16 -17 -18 20 -20 -21 -22 -23 24 -25 -26 26 27 -29 -30 -31
leaf_value=-0.12288450811145986 0.0084921143147959014 0.093761797861988225 -0.13753700745177377 -0.12239918079346235 -0.1097849551483403 -0.44698274168054319 -0.25702875428081762 -0.13035938976787109 0.05700618103455412 0.10048294318902991 0.022687398444439628 -0.21038471502648975 -0.25459035452710238 0.075772885727248343 -0.067931472665907391 0.035535573146884367 0.070766104530871995 0.051976013308360172 0.0018184734546418954 0.069375706211061081 -0.050347022328431926 -0.18706889929087578 -0.047130554785351692 -2.8135830139579898 0.086070530666345679 -0.11848673711910473 -0.10491688052930646 -0.11898967311907936 -2.2870869847777908 0.083059909236119209
leaf_weight=2.0957372254857551 51.792941880873236 13.328087319397639 1.0493020105102093 0.49651655239540282 3.8108179990444189 0.23417551487419164 0.28144410539243736 0.82820368820610968 9.4764745691004233 1.8603637687987102 1.5099427425969973 0.70600519795085037 1.6861780640404223 7.746623021031362 1.2625181805723329 1.9367921685790177 1.0443004915795562 4.2810927733080497 0.9777939553328352 0.62637152945343666 1.9444445113185791 0.34853147903414949 2.7010683681818879 0.068642758822533234 6.3474898772636941 1.0265104394813709 0.080089570684079459 0.33853444532462673 0.045807206279061263 0.90568961528894498
leaf_count=28067 24109 60 86 768 18372 13 22 56 133 34 21 23 24 71 59 77 11 37 33 25 55 31 27 3 111 7281 26 13 56 163
internal_value=0.0122623 0.0307512 0.03749 0.0859983 -0.000732472 -0.0541293 0.00513536 0.0177404 0.00322792 0.00945893 -0.0177567 -0.037564 -0.123596 0.0567833 0.042318 -0.0405842 -0.0709497 -0.0027989 -0.0871568 -0.0443491 0.0200171 0.00629449 0.00735904 0.00086343 0.0463089 0.00442853 -0.0833884 -0.330404 -0.898894 -0.0240148
internal_weight=120.838 49.8757 47.7799 13.8246 70.9628 7.02609 63.9367 33.9553 24.7541 23.7048 12.9658 11.1055 3.19612 9.2012 10.739 6.79191 4.85512 7.90934 1.6838 1.45458 6.22554 63.6553 63.3068 54.2582 9.04856 54.1896 2.39663 0.464431 0.125897 1.9322
internal_count=79867 29552 1485 828 50315 18473 31842 657 505 419 227 193 45 152 192 18460 18383 148 56 81 92 31820 31789 31651 138 31648 7539 95 82 7444
is_linear=0
shrinkage=0.1


Tree=58
num_leaves=31
num_cat=0
split_feature=7 8 8 14 7 12 4 14 0 12 7 12 7 7 8 12 3 1 8 3 7 4 3 3 14 12 6 15 14 14
split_gain=2.44963 3.82952 2.85413 8.15796 3.30284 2.69493 2.85181 2.57229 2.52737 4.85851 3.67738 14.8812 3.21796 2.35045 2.22188 2.17368 1.85419 1.69415 1.48599 1.35802 1.49743 1.35689 1.2581 1.20694 1.2993 1.12979 3.67979 2.00243 4.79372 7.36366
threshold=0.12310606060606062 1.0000000180025095e-35 0.41039136302294205 16.285264543936979 0.24068965517241384 30.500000000000004 2.5000000000000004 24.643985043267573 0.64583333333333337 8.5000000000000018 0.54772727272727284 12.500000000000002 0.65686274509803932 0.31009615384615391 0.45512082853855013 5.5000000000000009 0.82807881773399028 0.9548846675712348 0.38344748858447492 0.76631205673758884 0.46410256410256417 1.5000000000000002 0.74862637362637374 0.41206791995148578 9.9290926391327066 29.500000000000004 7.5000000000000009 1.0000000180025095e-35 19.77728587547897 17.276082511822754
decision_type=2 2 2 2 2 2 2 2 2 2 2 2 2 2 2 2 2 2 2 2 2 2 2 2 2 2 2 2 2 2
left_child=1 21 3 5 -4 13 16 -5 14 15 11 -11 -12 18 -6 -10 -7 19 -2 20 -16 23 -15 -1 -25 26 -23 28 29 -27
right_child=2 -3 4 7 8 6 -8 -9 9 10 12 -13 -14 22 17 -17 -18 -19 -20 -21 -22 25 -24 24 -26 27 -28 -29 -30 -31
leaf_value=-0.14487147331611164 -0.16358601327479594 -0.10038728518015563 -0.15218629972756895 0.096662736582847797 -0.095000234673653525 -0.1146559416532424 -0.30041785755433636 0.010145554866688318 -0.0028139720181053597 -0.39889844153719012 0.099494904988935581 0.01996229171403413 -0.087586885096703537 0.029018348777754163 -0.085912439322694656 0.061254174947789147 0.099684232969999134 -0.13900643076027919 0.061437200192503566 0.098688839954985688 0.053516203837499068 0.072478873499954757 -0.071821059324562078 -0.11063766207494381 0.07603246576934998 -0.069426783416864757 -0.13696907641847542 0.0022554659617911406 0.034349761448924238 -0.42845860657339374
leaf_weight=0.30298272703518758 2.3047832693893202 4.0771424153741256 1.2815846969590001 17.694736496572691 1.0115121987347517 0.46941946153839342 0.22207594361316285 4.2647486364000633 17.725131000268171 1.4266747501266412 1.6060709059314748 2.0919075558715576 2.1505641709690924 2.6429575412095918 0.9202832713910708 7.5516958719505309 2.8782662877100265 0.41645591439734353 0.33628855413073866 6.1586053858267755 4.725337980308292 4.5660160510643637 2.3262154358020943 0.40617107548984943 4.5482367612419159 2.9717222541868495 1.0276045700225838 16.755707554650229 2.8488020029443613 0.70719539973686796
leaf_count=281 3183 69694 1553 257 158 773 2 44 236 27 29 25 40 21 417 80 38 14 685 100 87 218 22 633 520 286 117 290 21 16
internal_value=0.0120498 -0.00878778 0.0219773 0.0444582 0.00614822 -0.0250775 0.0466083 0.0798602 0.0105803 -0.0043994 -0.0764107 -0.149873 -0.00760397 -0.0587033 0.0474313 0.016327 0.069629 0.0592204 -0.134934 0.0662139 0.0307882 0.00215321 -0.0181875 0.0488802 0.0607289 -0.00635397 0.0340012 -0.0160489 -0.0630336 -0.138443
internal_weight=118.417 38.2116 80.2053 33.1395 47.0658 11.18 3.56976 21.9595 45.7842 32.552 7.27522 3.51858 3.75664 7.61024 13.2322 25.2768 3.34769 12.2207 2.64107 11.8042 5.64562 34.1344 4.96917 5.25739 4.95441 28.877 5.59362 23.2834 6.52772 3.67892
internal_count=79867 72076 7791 5025 2766 4724 813 301 1213 437 121 52 69 3911 776 316 811 618 3868 604 504 2382 43 1434 1153 948 335 613 323 302
is_linear=0
shrinkage=0.1


Tree=59
num_leaves=31
num_cat=0
split_feature=7 8 15 8 1 8 14 8 7 2 2 3 9 7 11 14 14 7 7 14 12 7 12 2 14 8 14 12 6 14
split_gain=2.10383 3.47488 2.58392 4.88521 3.25319 4.95014 3.08237 3.04555 3.57077 2.78386 2.83899 3.06068 2.99888 2.3599 5.74613 8.73073 19.0905 2.20585 2.00405 2.48852 2.90653 3.91578 1.9693 1.9125 1.87746 1.64019 1.6209 2.38226 1.47633 1.87281
threshold=0.12310606060606062 1.0000000180025095e-35 1.0000000180025095e-35 0.53546277665995989 0.89638906961613551 0.55753467843631788 15.990924145302497 0.59317129629629639 0.46410256410256417 0.58898944193061853 0.7231800766283526 0.94494949494949509 1.0000000180025095e-35 0.59411764705882364 1.0000000180025095e-35 22.026795727505853 18.143056102308858 0.63961038961038974 0.81534090909090928 16.759492328421114 2.5000000000000004 0.70294117647058829 1.5000000000000002 0.65058139534883741 16.285264543936979 0.96076923076923093 13.529702120382128 27.500000000000004 5.5000000000000009 27.562982556358197
decision_type=2 2 2 2 2 2 2 2 2 2 2 2 2 2 2 2 2 2 2 2 2 2 2 2 2 2 2 2 2 2
left_child=1 -1 3 6 5 -4 26 8 -5 -6 24 -12 13 14 -13 16 -16 28 19 23 -21 -22 25 -19 -11 -15 -2 -28 -9 -30
right_child=2 -3 4 7 9 -7 -8 17 -10 10 11 12 -14 22 15 -17 -18 18 -20 20 21 -23 -24 -25 -26 -27 27 -29 29 -31
leaf_value=0.0019304597925830871 0.043217900770332038 -0.1003538817195965 -0.14835799994460594 -0.31206395888609434 0.081814970143751553 0.058365256186322767 0.086086165732633418 0.057455805702178758 0.010253583221136377 -0.25630605899420539 0.073687682468637425 0.010663289480349487 0.10066271365686352 -0.078527909420550601 -0.096965353488299821 -0.059477568615208157 -1.0631973928671099 -0.12254268261003531 0.10013854934163738 -0.044167689186088002 -0.64764753508413786 -0.12248709561008769 0.064776754381722354 0.068040527582459251 -0.046201451709350555 0.027377462711776435 -0.11360696905511763 0.097160725981888407 -0.10289745476412103 0.051849542315649901
leaf_weight=33.224490374000034 5.3339023092231228 3.6903167438741553 3.206130595468105 0.68105668981827772 4.9535857255596296 1.813577231872302 18.452701273524593 6.8592272114976369 0.69390735117485747 0.64617669558447444 5.6324853028201671 3.6625952520118981 2.1317577285226905 3.1483189518806673 0.58107465638291256 1.934383400573864 0.31551112483193167 1.0438780480772374 0.66864573237941005 0.53431947971694183 0.26738646689045703 0.30273455119458975 3.5756601775718311 1.0624525732127947 1.2442509542856295 2.7308160518296063 1.8616763635764346 0.75324338489813181 1.5624428552904857 1.5658695818856356
leaf_count=2382 833 69694 5610 44 135 222 162 100 10 38 89 41 60 26 43 16 14 12 23 11 20 20 55 30 32 17 68 15 40 5
internal_value=0.0113416 -0.00829475 0.0207287 0.0376363 0.000937705 -0.0736707 0.0636603 -0.00744152 -0.149399 0.013194 -8.24961e-05 0.00931965 -0.0107329 -0.0256227 -0.0720393 -0.179037 -0.436985 0.00663413 -0.0573606 -0.0901599 -0.211739 -0.368787 0.00625625 -0.0264108 -0.118018 -0.0293356 0.0116 -0.0528941 0.0314913 -0.0254392
internal_weight=114.135 36.9148 77.2198 41.6434 35.5763 5.01971 26.4015 15.2419 1.37496 30.5566 25.603 23.7126 18.0801 15.9484 6.49356 2.83097 0.896586 13.867 3.87942 3.21077 1.10444 0.570121 9.4548 2.10633 1.89043 5.87914 7.94882 2.61492 9.98754 3.12831
internal_count=79867 72076 7791 1393 6398 5832 1078 315 54 566 431 361 272 212 114 73 57 261 116 93 51 40 98 42 70 43 916 83 145 45
is_linear=0
shrinkage=0.1


Tree=60
num_leaves=31
num_cat=0
split_feature=12 7 7 7 4 6 11 7 12 14 14 14 4 7 8 8 0 6 12 7 7 8 10 14 7 11 8 1 7 3
split_gain=1.83924 3.94414 3.63215 1.97553 3.04948 1.65821 2.69212 5.24784 1.52222 1.91893 1.70685 1.89305 1.45919 1.3635 2.0637 2.59576 4.89619 1.5863 2.23581 1.5781 1.86404 1.35786 1.24075 1.21982 1.13783 3.80357 34.5015 6.27093 12.1238 2.89136
threshold=6.5000000000000009 0.21807065217391305 0.27429467084639503 0.24068965517241384 2.5000000000000004 7.5000000000000009 1.0000000180025095e-35 0.8047619047619049 4.5000000000000009 15.126916844971646 10.220640770558242 12.758184080684305 4.5000000000000009 0.89181286549707617 0.70483682983682994 0.85023364485981323 0.73214285714285732 7.5000000000000009 2.5000000000000004 0.73030303030303034 0.67543859649122817 0.63859338061465731 1.0000000180025095e-35 22.026795727505853 0.54195804195804198 1.0000000180025095e-35 0.70483682983682994 0.99180327868852469 0.33974358974358981 0.85565476190476197
decision_type=2 2 2 2 2 2 2 2 2 2 2 2 2 2 2 2 2 2 2 2 2 2 2 2 2 2 2 2 2 2
left_child=1 -1 3 4 -3 12 23 -8 10 21 -4 -12 22 14 17 16 -16 -13 -19 20 -17 -10 24 -7 25 -2 27 -27 -29 -26
right_child=5 2 8 -5 -6 6 7 -9 9 -11 11 13 -14 -15 15 19 -18 18 -20 -21 -22 -23 -24 -25 29 26 -28 28 -30 -31
leaf_value=-0.12296459391185884 0.007209938278718137 -0.19169774585049504 -0.12856412454135505 0.098275830396703484 0.098224782089202101 -0.0051745835898409902 -0.12368199430822001 -0.90901541389337626 -0.17020690163229735 0.07215591321763215 0.096521472736873337 0.052122248214464206 -0.20504643685799065 0.10005178319168956 0.024896751137449647 -0.028525241844194072 -0.22934691988238143 0.043023245076621836 -0.17770401149200155 -0.062796205538153668 0.1002370241019204 0.056825667432290596 -0.17910986579832547 -0.13451725931615249 -0.044585101295971957 -0.018619781652065896 -3.5739299441092487 -0.10360507398309425 -1.8349831129583265 0.08359326969294871
leaf_weight=1.6983297455760027 49.635283712848903 0.63392678121677082 0.95873825374319466 9.5892242444608922 0.84824375263633556 4.8335100848096957 0.64991804607297243 0.097907125949859619 0.60690030572089682 6.8811563362258186 2.1665006003039329 6.4699416539437076 0.32809289412398257 1.2325099188474968 1.3722709287199917 2.4312419353379937 1.690654526771086 1.0609018611436001 0.80873127592820004 2.9708177996849381 2.091453309885364 0.46550004736536721 0.35829610584254723 0.85867469042047417 2.5920466778903686 1.5592784708546625 0.02881122194230612 0.13465367925196314 0.057806993587254718 5.4812940640016476
leaf_count=28067 24111 360 86 458 10 13281 5013 1 40 96 49 99 22 90 21 41 21 34 15 32 17 16 31 178 27 7442 3 88 7 111
internal_value=0.010585 0.0264569 0.0324592 0.0816686 -0.0257756 0.000106923 -0.0481211 -0.2265 0.0150012 0.0527651 0.00208473 0.00770293 0.0052683 -0.0018569 -0.00850399 -0.0378772 -0.115439 0.0286773 -0.0524549 -0.00617425 0.031019 -0.0716582 0.00642128 -0.0246861 0.00753871 0.00205849 -0.141545 -0.0850921 -0.623637 0.04244
internal_weight=110.593 43.977 42.2787 11.0714 1.48217 66.6156 6.44001 0.747825 31.2073 7.95356 23.2538 22.295 60.1756 20.1285 18.896 10.5564 3.06293 8.33957 1.86963 7.49351 4.5227 1.0724 59.8475 5.69218 59.4892 51.4158 1.78055 1.75174 0.192461 8.07334
internal_count=79867 29552 1485 828 370 50315 18473 5014 657 152 505 419 31842 370 280 132 42 148 49 90 58 56 31820 13459 31789 31651 7540 7537 95 138
is_linear=0
shrinkage=0.1


Tree=61
num_leaves=31
num_cat=0
split_feature=7 8 8 14 14 1 9 14 7 8 12 12 4 7 2 2 7 7 3 8 12 4 8 14 2 8 8 2 2 3
split_gain=1.67331 3.0651 2.19371 6.08087 2.58991 2.58492 2.60675 2.51167 2.21289 2.14836 4.46292 2.09203 2.30562 2.10802 1.81399 2.65741 2.12677 1.98019 1.43322 1.21793 1.17599 1.16241 1.15983 1.11342 1.89073 1.10854 1.65876 1.09424 1.2258 1.59838
threshold=0.12310606060606062 1.0000000180025095e-35 0.41039136302294205 16.285264543936979 27.562982556358197 0.9548846675712348 1.0000000180025095e-35 13.946732684647928 0.69615384615384623 0.77871939736346529 8.5000000000000018 30.500000000000004 2.5000000000000004 0.31009615384615391 0.69631093544137035 0.68819444444444455 0.42261904761904767 0.29705882352941182 0.82807881773399028 0.45512082853855013 4.5000000000000009 1.5000000000000002 0.38344748858447492 11.368589016386391 0.44543650793650796 0.63859338061465731 0.77871939736346529 0.43826219512195125 0.46225071225071229 0.77303030303030307
decision_type=2 2 2 2 2 2 2 2 2 2 2 2 2 2 2 2 2 2 2 2 2 2 2 2 2 2 2 2 2 2
left_child=1 21 3 11 -5 14 7 -7 9 10 -9 13 18 22 15 19 17 -16 -13 -4 25 23 -2 24 -1 -18 -27 -21 -29 -30
right_child=2 -3 5 4 -6 6 -8 8 -10 -11 -12 12 -14 -15 16 -17 20 -19 -20 27 -22 -23 -24 -25 -26 26 -28 28 29 -31
leaf_value=0.067285055007380024 -0.15482268443645383 -0.10033167695222366 -0.12411953366616124 0.087703933639154935 -0.035614538077247786 0.046964757102705063 0.065942494857010328 0.027357758010848027 0.0055333875705472699 -0.17130663554831177 -0.12852747207181678 -0.10940600131496883 -0.25109163834087189 -0.013017262869124736 0.050141059612317823 -0.29603092175991613 0.10056438206359558 -0.1455745241913011 0.099415296807474518 0.076345257643173903 0.09821829722083969 -0.0064508152262551608 0.058708345714453138 0.09181873934903384 -0.1165357728075565 -0.12413150547466095 0.049945646572245893 -0.15093282771606731 0.031145054719486032 -0.077199157890857378
leaf_weight=1.4572411668541452 2.0753861608697424 3.2531648553759345 0.67644034906780781 16.314383914825914 1.9015554778116435 2.8728452177206707 2.8269014022822025 3.3941774365613799 4.0938243918486537 2.1138279378373461 4.0020969102641857 0.37876764321505074 0.2396550284179283 4.7277444001552071 1.1413673298820823 0.29886855336377216 1.3243365140767216 0.94495490380761116 2.4850401367784798 2.2435002710255629 6.4247096371586752 28.140425038815103 0.28990698897668776 2.5651651545279037 0.90833324627548995 0.86332248897045571 1.4958318241631161 0.52000017991305103 6.24511722029278 1.7413308851508409
leaf_count=768 3183 69694 962 272 29 44 125 34 60 26 37 773 2 43 106 16 7 20 38 677 64 948 685 176 490 11 50 45 432 50
internal_value=0.00976953 -0.00771375 0.0186348 0.0402186 0.0748308 0.00444684 -0.0227753 -0.0379965 -0.0559384 -0.0824003 -0.0569912 -0.0216156 0.0468625 -0.0515772 0.0264156 -0.00166845 0.0534189 -0.0385041 0.0717966 0.00603089 0.0723917 0.00139695 -0.128651 0.0461853 -0.00329847 0.0273452 -0.0137571 0.0142206 -0.00216422 0.00752215
internal_weight=107.96 36.3243 71.6359 28.4124 18.2159 43.2235 19.3037 16.4768 13.6039 9.5101 7.39627 10.1965 3.10346 7.09304 23.9198 11.7253 12.1945 2.08632 2.86381 11.4264 10.1082 33.0712 2.36529 4.93074 2.36557 3.68349 2.35915 10.7499 8.50645 7.98645
internal_count=79867 72076 7791 5025 301 2766 326 201 157 97 71 4724 813 3911 2440 2182 258 126 811 2166 132 2382 3868 1434 1258 68 61 1204 527 482
is_linear=0
shrinkage=0.1


Tree=62
num_leaves=31
num_cat=0
split_feature=7 8 8 14 14 0 12 7 12 7 7 12 7 4 12 8 1 3 3 7 12 4 3 2 14 12 6 14 14 14
split_gain=1.43135 2.78854 1.9178 5.32525 2.50649 2.16176 3.50359 3.31496 11.6927 3.35225 2.07361 1.77272 1.89556 1.89506 1.52909 1.42426 1.38179 1.30684 1.29185 1.20897 1.07226 2.4464 1.05129 1.05804 1.40576 1.07114 2.61414 1.69941 3.75126 2.02113
threshold=0.12310606060606062 1.0000000180025095e-35 0.41039136302294205 16.285264543936979 24.643985043267573 0.64583333333333337 8.5000000000000018 0.54772727272727284 12.500000000000002 0.42261904761904767 0.65686274509803932 30.500000000000004 0.31009615384615391 2.5000000000000004 5.5000000000000009 0.45512082853855013 0.9548846675712348 0.76631205673758884 0.82807881773399028 0.46410256410256417 6.5000000000000009 2.5000000000000004 0.75147058823529422 0.65301003344481623 23.487196041850797 29.500000000000004 7.5000000000000009 18.143056102308858 13.529702120382128 13.48939424335123
decision_type=2 2 2 2 2 2 2 2 2 2 2 2 2 2 2 2 2 2 2 2 2 2 2 2 2 2 2 2 2 2
left_child=1 22 3 11 -5 15 14 8 -8 -10 -9 12 -2 18 -7 -4 17 19 -13 -17 -16 -22 -1 24 -24 26 -25 28 29 -27
right_child=2 -3 5 4 -6 6 7 10 9 -11 -12 13 -14 -15 20 16 -18 -19 -20 -21 21 -23 23 25 -26 27 -28 -29 -30 -31
leaf_value=0.046497111543039593 -0.12339930291798847 -0.10030255108787889 -0.078716925009306576 0.09289460887598805 0.0010739709526615276 -0.00518400288318776 -0.37652629111536717 0.099261916280289519 -0.12048882485673672 0.10026610847875482 -0.054401071508222335 -0.10852951173378554 -0.011629293960770283 -0.21754279940415727 0.086610767297196314 -0.082093271541894663 -0.11766699789773703 0.097349189204814127 0.099168678871270621 0.047370514540249709 0.080693575269092682 -0.1219648795799663 -0.12483355337819323 0.069840777660518771 0.10026773700402242 -0.032020912113095733 -0.1400019958071832 0.020954907647822985 -0.12043596804561013 0.073700993129350967
leaf_weight=4.4465790011693036 2.2271665457157335 2.9443967001977773 0.89695830494045736 13.218647046707204 3.8355722871236333 17.057201256168725 1.3035717114239433 1.356339394358588 1.4125150737632028 1.340889675193466 2.4911177495078132 0.34534989549852202 4.7609501795749924 0.24837952975485666 3.735786672214874 0.87795803405839024 0.45495075154486819 4.867950307696125 2.2538762178696388 4.0426064781009954 1.535696931019886 0.97310417109962699 1.4186009117548675 4.3058037975520334 0.34487774968147267 5.747281993852372 0.68860513038704585 9.5721221573205622 3.6306453778651475 2.638391167318332
leaf_count=1791 3868 69694 1016 257 44 254 34 29 38 9 40 773 43 2 30 1046 14 116 38 87 28 25 136 133 2 168 33 43 71 5
internal_value=0.00917295 -0.00708028 0.0175623 0.038448 0.0722437 0.00429992 -0.0091998 -0.0667299 -0.129795 -0.0129827 -0.000230445 -0.0201508 -0.0472513 0.0463548 0.0103156 0.042115 0.0526955 0.0606136 0.0715726 0.0242708 0.0526529 0.00208719 0.00128992 -0.00580156 -0.0808112 -0.000825492 0.0409087 -0.0104805 -0.0355218 0.00124246
internal_weight=104.974 35.7373 69.2366 26.8899 17.0542 42.3466 31.2062 7.90443 4.05698 2.7534 3.84746 9.83572 6.98812 2.84761 23.3018 11.1404 10.2435 9.78851 2.59923 4.92056 6.24459 2.5088 32.7929 28.3463 1.76348 26.5828 4.99441 21.5884 12.0163 8.38567
internal_count=79867 72076 7791 5025 301 2766 487 150 81 47 69 4724 3911 813 337 2279 1263 1249 811 1133 83 53 2382 591 138 453 166 287 244 173
is_linear=0
shrinkage=0.1


Tree=63
num_leaves=31
num_cat=0
split_feature=7 8 15 6 1 8 14 7 8 1 14 12 14 12 14 7 12 7 2 2 9 2 8 7 12 14 12 12 14 8
split_gain=1.22107 2.53348 1.91266 3.99082 2.45485 3.77717 2.51105 2.72579 2.20929 3.20307 2.22015 2.16627 2.01746 1.70936 1.64787 6.20744 3.96708 3.09933 1.53946 1.67771 1.90842 2.15339 1.95185 4.22681 2.4367 1.43129 1.00234 1.84743 2.1284 1.53457
threshold=0.12310606060606062 1.0000000180025095e-35 1.0000000180025095e-35 5.5000000000000009 0.89638906961613551 0.55753467843631788 13.946732684647928 0.2817460317460318 0.44504830917874399 0.99180327868852469 14.963815096647137 6.5000000000000009 20.614721096663278 1.5000000000000002 20.614721096663278 0.42261904761904767 7.5000000000000009 0.42261904761904767 0.5913729128014843 0.7231800766283526 1.0000000180025095e-35 0.82891986062717782 0.48304597701149427 0.60555555555555574 1.0000000180025095e-35 18.143056102308858 33.500000000000007 3.5000000000000004 6.6931711637075146 0.3482644462279294
decision_type=2 2 2 2 2 2 2 2 2 2 2 2 2 2 2 2 2 2 2 2 2 2 2 2 2 2 2 2 2 2
left_child=1 -1 3 8 5 -4 -6 -8 10 -10 26 12 13 -5 17 -16 -17 -11 -9 -20 21 -21 -23 -24 -25 -26 27 -2 -29 -30
right_child=2 -3 4 11 6 -7 7 18 9 14 -12 -13 -14 -15 15 16 -18 -19 19 20 -22 22 23 24 25 -27 -28 28 29 -31
leaf_value=0.0012118259715250734 0.099466334494067762 -0.1002757869055278 -0.14167909455063918 0.061007036402986853 0.071900971945836972 0.052223379253012361 -0.1399468483548035 0.083518952967988114 0.076148668854398555 -0.1149663341056899 0.096717997811729697 -0.11289360918340037 0.04953740056380479 -0.12905929775156322 0.019530360835521041 -0.65984208332575167 -0.1567003616144054 0.064628529402564028 -0.10172653759396455 0.077089187925079961 0.10042238468530421 0.048856256719770938 -0.16093938004999345 -0.067705135625312163 -0.02656297092218958 0.10016102271630992 0.091877900122600845 0.10022111275222603 -0.17195855932592546 0.07782406543306436
leaf_weight=31.955679517591928 0.95536144937373091 2.6648753367014164 2.7639941394191143 0.67860801768350532 5.2488357629704749 1.5782560607128737 1.4030874344454662 2.1823068033518167 4.9999578383896299 1.4592415945007808 11.845241195595952 2.2423711227656185 3.5672620858837276 1.5630615799846341 1.2856515957994363 0.26241361680288799 0.38902448397247436 2.8137242998345768 1.643598288174174 2.4929830901780479 1.8334497269825423 2.7890845737682008 2.4050754015880402 3.4913383917883034 1.4990157496002638 2.1983576028346143 1.1708723653420063 0.56331132822197139 1.3196321719105983 0.30230409558936067
leaf_count=2382 39 69694 5610 51 198 222 95 33 138 18 88 488 34 181 12 35 15 56 31 22 62 35 27 15 16 32 59 21 102 56
internal_value=0.00864723 -0.00660006 0.0165321 0.0324797 -0.00138249 -0.0712023 0.00976894 -0.00509643 0.0506868 0.0165763 0.0743537 -0.0294069 0.00282068 -0.0715216 -0.0313877 -0.107895 -0.359377 0.00329589 0.00411735 -0.00532414 0.00415841 -0.00770612 -0.0247775 -0.0461842 -0.0077914 0.0487837 0.0129106 -0.0165298 -0.0672417 -0.125403
internal_weight=101.568 34.6206 66.9474 35.418 31.5294 4.34225 27.1871 21.9383 27.3667 11.21 16.1567 8.0513 5.80893 2.24167 6.21006 1.93709 0.651438 4.27297 20.5352 18.3529 16.7093 14.8759 12.3829 9.59379 7.18871 3.69737 4.31148 3.14061 2.18525 1.62194
internal_count=79867 72076 7791 1393 6398 5832 566 368 639 274 365 754 266 232 136 62 50 74 273 240 209 147 125 90 63 48 277 218 179 158
is_linear=0
shrinkage=0.1


Tree=64
num_leaves=31
num_cat=0
split_feature=7 8 15 6 1 8 14 7 8 1 14 12 14 12 8 7 14 14 2 2 9 2 8 7 12 14 4 14 14 12
split_gain=1.06727 2.30312 1.67697 3.48134 2.13067 3.33634 2.15031 2.40295 2.06428 2.69037 2.00556 1.81129 1.71148 1.45903 1.3487 1.68778 4.06551 3.09582 1.34078 1.33528 1.71156 1.81491 1.56488 3.1732 1.93387 1.32077 0.984233 2.46869 6.15516 1.88519
threshold=0.12310606060606062 1.0000000180025095e-35 1.0000000180025095e-35 5.5000000000000009 0.89638906961613551 0.55753467843631788 13.946732684647928 0.2817460317460318 0.44504830917874399 0.99180327868852469 14.963815096647137 6.5000000000000009 20.614721096663278 1.5000000000000002 0.59317129629629639 0.53589743589743599 16.759492328421114 19.77728587547897 0.5913729128014843 0.7231800766283526 1.0000000180025095e-35 0.82891986062717782 0.48304597701149427 0.60555555555555574 1.0000000180025095e-35 18.143056102308858 2.5000000000000004 19.77728587547897 17.731989448711584 35.500000000000007
decision_type=2 2 2 2 2 2 2 2 2 2 2 2 2 2 2 2 2 2 2 2 2 2 2 2 2 2 2 2 2 2
left_child=1 26 3 8 5 -4 -6 -8 10 -10 -2 12 13 -5 -11 -16 -17 -18 -9 -20 21 -21 -23 -24 -25 -26 27 28 -1 -28
right_child=2 -3 4 11 6 -7 7 18 9 14 -12 -13 -14 -15 15 16 17 -19 19 20 -22 22 23 24 25 -27 29 -29 -30 -31
leaf_value=0.0089765220547210704 0.012704816649528142 -0.10025122568527578 -0.13802268386043695 0.057340662226168515 0.068514739252302101 0.048497893405376399 -0.13599381346630326 0.081109171355749674 0.073562634879566047 -0.10519800497910606 0.095505815854886128 -0.10495476070033063 0.04633422403243298 -0.12206898198170602 0.044420382671742482 0.10003393396070755 -0.073555421676950603 -0.4468094270557561 -0.089545828803503619 0.074018579658767597 0.10038221926928947 0.045658509580904172 -0.13653324265513303 -0.057009711584782345 -0.02330863432944897 0.10014569296205772 0.0072231785245059302 0.10053955845497416 -0.37691434263076173 -0.081222663015506069
leaf_weight=18.121928529530624 4.0054249807625029 2.4118397070545141 2.5638142667287451 0.65127137752069431 4.972150521184644 1.5320647982074986 1.3045679447458116 2.0303669051727047 4.6751801971219074 1.6190676655035581 10.84730812804184 2.1744652729596652 3.4393766108763146 1.4910933820283243 3.0669600004961222 0.7062490816460919 0.57556281966390088 0.36195315688383289 1.6785071468427002 2.3446016091232158 1.6596039815049461 2.6912567332938613 2.5435501996457477 3.7183591546490771 1.5354109208026012 1.9894452234027067 6.8561677452784178 2.8239781510364486 0.42299095768047834 3.7161085711663659
leaf_count=2195 277 69694 5610 51 198 222 95 33 138 24 88 488 34 181 38 26 12 36 31 22 62 35 27 15 16 32 126 12 15 34
internal_value=0.00820142 -0.00602383 0.0158159 0.0312299 -0.00113632 -0.0682546 0.00925019 -0.00445826 0.0488554 0.016031 0.0731764 -0.0275304 0.0026316 -0.0675291 -0.0264619 0.000599602 -0.0811618 -0.21766 0.00404039 -0.00457588 0.00407723 -0.00670548 -0.0218734 -0.040444 -0.00670097 0.0463696 0.00109117 0.0134383 0.00017474 -0.0238651
internal_weight=98.5306 34.353 64.1776 33.6139 30.5637 4.09588 26.4678 21.4957 25.8577 11.005 14.8527 7.75621 5.58174 2.14236 6.32979 4.71073 1.64377 0.937516 20.1911 18.1607 16.4822 14.8226 12.478 9.78677 7.24322 3.52486 31.9412 21.3689 18.5449 10.5723
internal_count=79867 72076 7791 1393 6398 5832 566 368 639 274 365 754 266 232 136 112 74 48 273 240 209 147 125 90 63 48 2382 2222 2210 160
is_linear=0
shrinkage=0.1


Tree=65
num_leaves=31
num_cat=0
split_feature=8 8 10 7 14 14 14 14 12 2 2 6 12 3 6 7 7 1 12 12 14 1 14 14 14 12 12 12 12 14
split_gain=0.954401 3.87904 2.54052 1.71612 1.44843 1.19998 1.2289 18.3537 37.8296 1.92776 2.14287 1.71316 1.69051 1.73184 1.56787 1.49515 1.37516 1.13917 1.19215 2.82258 1.56905 1.07013 1.22653 2.39718 1.08695 1.1593 1.13827 1.02045 1.98612 1.42871
threshold=0.32473082473082476 0.40491259795057272 1.0000000180025095e-35 0.24068965517241384 16.169535320418149 27.562982556358197 18.143056102308858 17.276082511822754 42.500000000000007 0.85880398671096358 0.78679653679653694 3.5000000000000004 18.500000000000004 0.73375527426160347 8.5000000000000018 0.65686274509803932 0.37171052631578955 0.7593103448275863 31.500000000000004 38.500000000000007 12.392169686268836 0.76028169014084523 15.501959961563546 13.529702120382128 13.48939424335123 57.500000000000007 70.500000000000014 41.500000000000007 35.500000000000007 22.026795727505853
decision_type=2 2 2 2 2 2 2 2 2 2 2 2 2 2 2 2 2 2 2 2 2 2 2 2 2 2 2 2 2 2
left_child=5 4 3 -3 -2 6 7 12 -9 10 11 -8 13 14 16 -15 -1 -14 20 -20 -19 -21 23 24 25 -23 -27 28 29 -11
right_child=1 2 -4 -5 -6 -7 9 8 -10 27 -12 -13 17 15 -16 -17 -18 18 19 21 -22 22 -24 -25 -26 26 -28 -29 -30 -31
leaf_value=-0.10005209791871245 -0.0025777084266682877 -0.1182076643042632 -0.3213025702299982 0.010315163268617878 0.10246895580648173 -0.080729614797793947 -0.12172407786639861 -0.10435838728130274 -2.7102717597479176 0.093638075460051984 -0.19526033441393895 0.018148751236385277 -0.11439836411805498 -0.13467565950388469 -0.1380719099530483 0.1000845600278365 0.10026805002836914 -0.1122023445149099 -0.1418071297538861 0.099128850789298395 0.080636939742120217 0.029053097676020198 0.087972619797805018 -0.12532598131758796 0.067769020801034849 -0.1089330553081676 -0.0035334487678864435 0.084881087957091303 -0.11726388961265793 -0.017350782310538996
leaf_weight=0.45392103135152551 1.6506155226633179 1.0675616737797984 0.23730330534453159 38.740314027594991 6.4097954273745996 1.8742651713760796 1.0124095312169981 0.20352259208877227 0.076701771115723016 2.747957446173487 0.61265494295458278 6.4822596121339293 0.73511508313408924 2.4864174494978184 0.57319626198616092 0.30451641674161134 1.3985131606459615 0.47439780693351741 1.2912294013525247 1.2937990215991462 3.8154090208746916 4.4416891894913499 1.5568717596697883 1.4884558384985513 2.5066558444177636 1.6524987297179206 2.6967579401592121 4.5856621689054009 0.87348554268828582 2.0068089876370081
leaf_count=24032 7157 2489 15 1219 213 373 244 686 22 319 192 1013 7104 8323 14795 12 6 3427 1634 74 1807 2387 25 337 56 770 664 24 5 443
internal_value=0.00772783 0.0176637 0.00492375 0.00686846 0.0809574 -0.00230405 0.00090738 -0.0124793 -0.817637 0.0209639 -0.0154449 -0.000745823 -0.00417495 -0.0553457 0.00645941 -0.109061 0.0511815 0.00798453 0.0122246 0.000292122 0.0593114 0.0120262 0.00416914 -0.00603504 0.00968151 -0.0068816 -0.04358 0.0498635 0.0213326 0.0467938
internal_weight=95.7508 48.1056 40.0452 39.8079 8.06041 47.6452 45.7709 27.4497 0.280224 18.3212 8.10732 7.49467 27.1694 5.21656 2.42563 2.79093 1.85243 21.9529 21.2178 16.928 4.28981 15.6367 14.3429 12.7861 11.2976 8.79095 4.34926 10.2139 5.62825 4.75477
internal_count=79867 11093 3723 3708 7370 68774 68401 66161 708 2240 1449 1257 65453 47168 38833 8335 24038 18285 11181 5947 5234 4313 4239 4214 3877 3821 1434 791 767 762
is_linear=0
shrinkage=0.1


Tree=66
num_leaves=31
num_cat=0
split_feature=7 8 15 6 8 6 12 14 7 7 7 14 1 8 14 7 12 14 14 12 2 12 12 14 8 14 8 7 12 12
split_gain=0.86927 1.94087 1.33468 2.92428 1.74563 2.27635 1.99368 1.78357 2.06745 2.20466 1.96748 1.74258 1.66491 2.79457 1.84268 2.00553 1.4382 1.45295 1.28313 1.2591 1.1436 1.144 2.3341 1.99875 2.2579 1.45028 0.959846 1.68787 0.858573 1.51491
threshold=0.12310606060606062 1.0000000180025095e-35 1.0000000180025095e-35 5.5000000000000009 0.44504830917874399 1.5000000000000002 15.500000000000002 20.614721096663278 0.42261904761904767 0.53589743589743599 0.42261904761904767 14.963815096647137 0.89638906961613551 0.55753467843631788 13.946732684647928 0.2817460317460318 6.5000000000000009 20.614721096663278 10.400492762981939 1.5000000000000002 0.5913729128014843 4.5000000000000009 8.5000000000000018 19.244429595936335 0.70483682983682994 17.731989448711584 0.85023364485981323 0.74456521739130443 33.500000000000007 3.5000000000000004
decision_type=2 2 2 2 2 2 2 2 2 2 2 2 2 2 2 2 2 2 2 2 2 2 2 2 2 2 2 2 2 2
left_child=1 -1 3 4 11 6 7 10 -9 -10 -6 28 13 -4 18 -16 17 19 -14 -5 -17 23 -23 24 -22 -24 -25 -28 29 -2
right_child=2 -3 12 16 5 -7 -8 8 9 -11 -12 -13 14 -15 15 20 -18 -19 -20 -21 21 22 25 26 -26 -27 27 -29 -30 -31
leaf_value=0.00024483802836774922 0.099211033127726084 -0.10023311882556907 -0.13178533898459027 0.053282668308994564 -0.035051788364380276 0.097432535607210075 -0.12363528017001831 0.038157757422902283 -0.042412863176861534 -0.32379131646203907 0.099364331208541212 0.094108096425284463 -0.092301557261677991 0.044091544849771756 -0.13069411184070676 0.077808893481217153 -0.096540504387993692 0.042419792286686665 0.082581559509027319 -0.1168327108746765 -0.0089148136839072561 0.082618318012341332 0.035198157577791066 -0.05397676937024231 -0.23723610024758193 -0.085094860158596866 0.06419050083833043 -0.047111609587734242 0.090677316045912004 -0.063010179567331487
leaf_weight=30.351667598936995 0.8148511025161248 2.0524453804923963 2.3085817085208618 0.62684489800144616 1.779486643587916 2.5951612931274495 1.3002024536726819 1.0774535078909098 0.70157033368660493 0.46171767765194904 2.8061758063933415 9.1548183688277227 0.46637715360014365 1.4842978955117474 1.190017933215304 1.8509007852180399 2.0864900227726659 3.2995135798675697 4.1776695974301932 1.4222272596854941 0.85500847458170737 3.6260871172241496 1.9066723586090311 2.842118552302245 0.87778814995616228 2.1128640707174653 3.2406027789111276 2.350913523696363 1.0524031855647988 1.9611931218161012
leaf_count=2382 39 69694 5610 51 25 80 22 13 19 40 75 88 60 222 95 33 488 34 138 181 12 44 22 37 28 31 19 47 59 179
internal_value=0.00709513 -0.00611934 0.0141811 0.0285943 0.0457564 0.0158947 -0.0101437 0.0114727 -0.0616504 -0.154094 0.0472036 0.0704167 -0.00114262 -0.062958 0.0080529 -0.00463369 -0.0261233 0.00134652 0.065019 -0.0647916 0.00299559 -0.00477847 0.0244452 -0.026756 -0.124576 -0.0280337 -0.0066576 0.0173943 0.0137644 -0.0153935
internal_weight=92.8341 32.4041 60.43 31.1401 23.705 10.7218 8.12661 6.8264 2.24074 1.16329 4.58566 12.9833 29.2899 3.79288 25.497 20.853 7.43508 5.34859 4.64405 2.04907 19.663 17.8121 7.64562 10.1664 1.7328 4.01954 8.43363 5.59152 3.82845 2.77604
internal_count=79867 72076 7791 1393 639 274 194 172 72 59 100 365 6398 5832 566 368 754 266 198 232 273 240 97 143 40 53 103 66 277 218
is_linear=0
shrinkage=0.1


Tree=67
num_leaves=31
num_cat=0
split_feature=1 3 6 1 10 4 14 4 14 14 12 7 12 9 7 7 7 8 0 14 3 12 3 3 14 12 8 15 3 7
split_gain=0.762912 0.886849 0.854105 1.3938 2.62452 1.65606 1.67942 1.94311 2.20792 3.18812 5.46133 4.86419 6.45983 1.63565 1.56314 1.53889 9.30239 1.41483 1.3397 1.80363 1.54661 1.18491 1.09944 1.35557 1.01122 1.0381 0.991516 1.35702 1.43418 1.35423
threshold=0.68243189102564117 0.22401433691756276 4.5000000000000009 0.94868421052631591 1.0000000180025095e-35 3.5000000000000004 21.311442682178001 2.5000000000000004 24.643985043267573 22.026795727505853 1.0000000180025095e-35 0.43303571428571436 4.5000000000000009 1.0000000180025095e-35 0.42261904761904767 0.56038647342995185 0.53589743589743599 0.55753467843631788 0.84523809523809534 30.30057998453368 0.88273491214667699 1.5000000000000002 0.87841832963784194 0.86319073083778985 21.311442682178001 62.500000000000007 1.0000000180025095e-35 1.0000000180025095e-35 0.90595518867924552 0.26201372997711675
decision_type=2 2 2 2 2 2 2 2 2 2 2 2 2 2 2 2 2 2 2 2 2 2 2 2 2 2 2 2 2 2
left_child=1 -1 3 17 5 6 15 -8 9 -9 -11 12 -12 -7 -14 16 -5 26 19 20 22 -17 23 -4 25 -20 -2 29 -29 -28
right_child=2 -3 18 4 -6 13 7 8 -10 10 11 -13 14 -15 -16 21 -18 -19 24 -21 -22 -23 -24 -25 -26 -27 27 28 -30 -31
leaf_value=0.085668009380795884 0.058415041953316406 -0.088324490933254646 -0.0033121628790300133 -0.0023995043025119792 -0.32640392371949234 -0.087989012207754499 0.085480084962315545 0.05221251972526636 0.054023699659508186 -0.79299298244503913 -0.83827858798317245 0.10012640825050792 -0.17167051488883367 0.10008571144761519 0.10016239435017074 -0.012231302267509847 -0.43336670429060942 0.096922175661692797 -0.14396287715280184 -0.1297976103078895 -0.16469273974040444 0.072215586723521338 0.10001615939610278 -0.13194141835202505 0.10022947294480991 0.099040305133620526 -0.10653953019620395 -0.1262939151494927 0.088271094478133624 0.10011672479859489
leaf_weight=0.36066734032717063 3.4361358564540549 1.5601772398396287 17.975708998641995 25.306628228706028 0.23432298516854544 2.9005033904669579 5.9061653241327976 2.2395417905605157 6.2282308639833674 0.11204953185006195 0.13862091439034419 0.94610455591578335 1.2072106807149079 0.55011442920658771 0.25648391991856279 2.6147639557423226 0.51096045191661588 3.7175479306191779 0.41030728388677973 1.3083697233060956 0.61627169931609671 4.5579218765052216 0.9696165459353655 0.85842655322333072 1.8268234032202597 0.30758621747372672 0.42570028831218665 1.3845209434147325 0.40196043218709454 1.2429780733812115
leaf_count=820 412 24564 35081 4959 6 188 42 73 163 16 126 20 253 24 4 55 10 105 105 68 328 115 38 342 18 5 4576 7256 76 19
internal_value=0.00669476 -0.0556548 0.00804663 0.0140785 0.00753609 0.00899938 0.0136212 0.0391199 0.0145148 -0.0357035 -0.10971 -0.0796671 -0.185828 -0.0580052 -0.124037 0.000455117 -0.0109289 0.0472011 -0.0079366 -0.0159764 -0.00868357 0.0414309 -0.00382873 -0.00917486 0.0607124 -0.0398466 0.0203787 -0.0174481 -0.0780165 0.0473962
internal_weight=90.5124 1.92084 88.5916 64.3185 53.7096 53.4753 50.0247 17.0344 11.1282 4.90001 2.66047 2.54842 1.60232 3.45062 1.46369 32.9903 25.8176 10.6088 24.2731 21.7284 20.42 7.17269 19.8038 18.8341 2.54472 0.717894 6.8913 3.45516 1.78648 1.66868
internal_count=79867 25384 54483 18498 6054 6048 5836 697 655 492 419 403 383 212 257 5139 4969 12444 35985 35857 35789 170 35461 35423 128 110 12339 11927 7332 4595
is_linear=0
shrinkage=0.1


Tree=68
num_leaves=31
num_cat=0
split_feature=7 8 8 14 14 10 7 0 12 12 12 7 4 8 8 3 9 12 12 12 7 7 7 7 14 11 14 8 3 3
split_gain=0.698472 1.68416 1.19905 3.00455 1.95308 1.60525 1.3117 1.09627 1.0971 1.51959 1.06567 1.12935 1.03818 0.995649 0.878577 0.868621 0.809543 1.59442 0.764156 1.04735 8.49907 1.39035 1.8222 1.23059 1.51629 0.938721 1.07095 0.810865 0.76302 0.961338
threshold=0.12310606060606062 1.0000000180025095e-35 0.41039136302294205 16.285264543936979 24.643985043267573 1.0000000180025095e-35 0.24068965517241384 0.41428571428571431 14.500000000000002 25.500000000000004 30.500000000000004 0.31009615384615391 2.5000000000000004 0.38344748858447492 0.51818783068783081 0.82807881773399028 1.0000000180025095e-35 10.500000000000002 12.500000000000002 8.5000000000000018 0.56038647342995185 0.56038647342995185 0.46410256410256417 0.69615384615384623 16.169535320418149 1.0000000180025095e-35 22.026795727505853 0.77871939736346529 0.75147058823529422 0.41206791995148578
decision_type=2 2 2 2 2 2 2 2 2 2 2 2 2 2 2 2 2 2 2 2 2 2 2 2 2 2 2 2 2 2
left_child=1 28 3 10 -5 6 -4 8 14 -10 11 13 15 -2 -8 -12 18 -18 19 21 -21 22 -9 24 -23 27 -27 -25 29 -1
right_child=2 -3 5 4 -6 -7 7 16 9 -11 12 -13 -14 -15 -16 -17 17 -19 -20 20 -22 23 -24 25 -26 26 -28 -29 -30 -31
leaf_value=-0.1383397063094792 -0.13298615959905244 -0.10020427864067899 -0.11176012384395616 0.08974229652163318 -0.002020286509580234 -0.22525375412097121 -0.10638578326211159 -0.005246292036525952 -0.16728602834068734 0.076186971692329367 -0.10569726235707605 -0.0067445231450103046 -0.15451248313653967 0.071905687093836337 0.084070510124928777 0.098587274475546716 0.081151131453802469 -0.05709202980505558 0.048410973520954213 -0.27152066550263049 0.038593073207665786 -0.0048641290261346596 0.087603640550362988 -0.12138110823322468 -0.12993360878261029 0.055775881421656626 -0.044075078701978541 0.0097657002878977581 -0.0062678863235487506 0.053947410129275675
leaf_weight=0.27943378234314176 1.5651551399095045 1.7757448128096509 0.94836077122664519 8.5712031652051053 3.1800243206100012 0.30710606281795705 0.25806390776858679 6.3293072153821406 0.50211577024483411 0.52371958225673387 0.23969807569103818 3.8416710490227715 0.22833651246878606 0.27952502497779663 3.9421933473529633 1.5810242015289049 2.9175885105727843 1.168389035766199 2.3380699792341444 1.2791549099873534 2.8589787272321954 1.8161129340314341 3.1733911840404474 1.0174242899300261 2.0790116262783132 3.216032916410311 1.6128387064673018 0.87853794614784453 25.832042416863121 3.7387620033570577
leaf_count=282 3183 69694 1552 257 44 15 235 80 68 38 773 43 2 685 293 38 171 29 47 28 31 16 30 22 32 47 11 21 591 1509
internal_value=0.00631451 -0.00559065 0.0129605 0.033052 0.0649102 0.00242628 0.00432328 0.00738889 0.0497258 -0.0429858 -0.0153453 -0.037626 0.046486 -0.101939 0.0723689 0.0716932 0.000178277 0.0416204 -0.00618784 -0.0114497 -0.0572674 -0.00202744 0.0257606 -0.0268921 -0.0716196 -0.000985225 0.0224258 -0.0606112 3.77697e-05 0.0405754
internal_weight=88.279 31.626 56.653 19.4866 11.7512 37.1664 36.8593 35.9109 5.22609 1.02584 7.73541 5.68635 2.04906 1.84468 4.20026 1.82072 30.6848 4.08598 26.5989 24.2608 4.13813 20.1227 9.5027 10.62 3.89512 6.72483 4.82887 1.89596 29.8502 4.0182
internal_count=79867 72076 7791 5025 301 2766 2751 1199 634 106 4724 3911 813 3868 528 811 565 200 365 318 59 259 110 149 48 101 58 43 2382 1791
is_linear=0
shrinkage=0.1


Tree=69
num_leaves=31
num_cat=0
split_feature=1 6 1 10 4 14 8 2 14 8 7 9 8 0 14 3 3 3 0 3 12 14 3 2 12 8 7 7 14 8
split_gain=0.637059 0.726912 1.21509 1.57867 1.23283 1.37618 1.58982 1.91818 1.80855 1.47677 1.27693 1.23443 1.23041 1.16017 1.46311 1.25666 0.965903 1.1673 1.011 1.48428 1.14873 1.69792 0.976659 0.902561 4.9023 1.74217 0.912593 16.3748 1.1419 5.63701
threshold=0.68243189102564117 4.5000000000000009 0.94868421052631591 1.0000000180025095e-35 3.5000000000000004 21.311442682178001 0.45084230875448772 0.85880398671096358 23.487196041850797 0.96076923076923093 0.71714285714285719 1.0000000180025095e-35 0.55753467843631788 0.84523809523809534 30.30057998453368 0.88273491214667699 0.87841832963784194 0.86319073083778985 0.73214285714285732 0.76506899055918676 31.500000000000004 21.311442682178001 0.82097069597069605 0.96225071225071235 1.0000000180025095e-35 0.21635553078852052 0.54772727272727284 0.53589743589743599 19.77728587547897 0.63859338061465731
decision_type=2 2 2 2 2 2 2 2 2 2 2 2 2 2 2 2 2 2 2 2 2 2 2 2 2 2 2 2 2 2
left_child=-1 2 12 4 5 10 7 -7 9 -8 23 -6 -2 14 15 16 17 18 19 -3 21 -20 -21 24 -4 -26 27 28 29 -25
right_child=1 13 3 -5 11 6 8 -9 -10 -11 -12 -13 -14 -15 -16 -17 -18 -19 20 22 -22 -23 -24 26 25 -27 -28 -29 -30 -31
leaf_value=-0.053243179960483195 0.019957716484978003 0.001761181218490094 -0.66836767552216481 -0.21612829784744569 -0.073551302779246541 -0.12779679010563511 -0.14950540228994019 0.075247503733871679 0.03708308293622372 0.010840118294833315 0.10004000755138667 0.10007411315587132 0.095787494810376309 0.059846481730566996 -0.12019942221482703 -0.1550217796785332 0.099911684321022945 -0.12786935988021519 -0.033065943672548455 -0.11092647820627249 -0.13618767903513632 0.092195309866811126 0.0082574114484602265 -0.00091845891253006403 -0.13281832407302371 0.058196915581001901 0.038610423128881022 -0.92385456210537065 0.053932239684622435 -0.36357312737250463
leaf_weight=1.7833189926119803 6.3210136221372339 9.158943133813418 0.12736529431004084 0.31567248795181413 2.9692357187031173 0.49223628886079396 1.1896776405771572 8.4941661949723475 4.4585263280969256 1.1105616741115227 1.2394887727606363 0.47499340015929181 3.2348586187791932 2.281440773986616 1.2490700205563303 0.56929654275384223 0.85061781000028602 0.79169213933562232 1.6880223721860228 2.3597267027523938 0.36816662316490845 3.0149295675586392 0.97026092844129763 19.673957003538966 0.86855667742047371 1.0604488692265532 5.2944923618561033 0.19333532452583213 3.3884544047668923 0.43815532580243299
leaf_count=25384 12339 31315 24 6 188 66 33 520 66 12 96 24 105 128 68 328 38 342 449 2097 32 230 958 3963 460 400 60 5 115 16
internal_value=0.00590592 0.00715205 0.0128634 0.00681797 0.00818524 0.0123295 0.036568 0.0641256 -7.2308e-05 -0.0720902 0.000508322 -0.0496066 0.0456277 -0.00788375 -0.0152347 -0.00860358 -0.00426269 -0.00909126 -0.00373616 -0.0190259 0.0339189 0.0472355 -0.0761998 -0.00346557 -0.0674841 -0.0278099 0.00107576 -0.0073115 0.000228748 -0.00881912
internal_weight=86.4307 84.6474 61.3452 51.7893 51.4737 48.0294 15.7452 8.9864 6.75877 2.30024 32.2843 3.44423 9.55587 23.3022 21.0207 19.7717 19.2024 18.3517 17.56 12.4889 5.07112 4.70295 3.32999 31.0448 2.05637 1.92901 28.9884 23.6939 23.5006 20.1121
internal_count=79867 54483 18498 6054 6048 5836 697 586 111 45 5139 212 12444 35985 35857 35789 35461 35423 35081 34370 711 679 3055 5043 884 860 4159 4099 4094 3979
is_linear=0
shrinkage=0.1


Tree=70
num_leaves=31
num_cat=0
split_feature=9 7 7 14 14 4 14 8 14 15 6 3 12 12 8 2 3 0 3 8 11 7 4 8 14 12 12 12 7 3
split_gain=0.65399 1.19526 1.34519 0.87259 1.28581 0.711438 5.24474 916.393 3.13471 0.743009 1.48731 1.51669 1.45696 1.43432 2.01534 1.49077 1.22732 1.74698 2.12375 1.44526 2.41629 5.92303 5.35685 9.41417 2.61072 5.2511 1.17527 1.72525 1.37956 0.867527
threshold=1.0000000180025095e-35 0.8047619047619049 0.81534090909090928 15.06563971653374 14.020049740406593 2.5000000000000004 17.425340631816493 0.14342857142857149 22.026795727505853 1.0000000180025095e-35 8.5000000000000018 0.8402898550724639 2.5000000000000004 9.5000000000000018 0.55753467843631788 0.85880398671096358 0.85215543412264738 0.73214285714285732 0.86319073083778985 0.85023364485981323 1.0000000180025095e-35 0.60555555555555574 3.5000000000000004 0.63859338061465731 18.706703179282737 35.500000000000007 34.500000000000007 6.5000000000000009 0.59411764705882364 0.87226107226107241
decision_type=2 2 2 2 2 2 2 2 2 2 2 2 2 2 2 2 2 2 2 2 2 2 2 2 2 2 2 2 2 2
left_child=5 3 -3 4 -2 8 7 -7 -1 10 11 -8 -12 14 29 -15 -11 -18 -19 20 24 22 23 -22 -20 26 27 28 -26 -13
right_child=1 2 -4 -5 -6 6 9 -9 -10 16 12 13 -14 15 -16 -17 17 18 19 -21 21 -23 -24 -25 25 -27 -28 -29 -30 -31
leaf_value=0.0028393390454285877 0.06364859411063567 -0.26721507833446345 0.011795735152045414 0.10011999786877127 -0.16949282087282108 -92.04834958901948 0.08952479466885771 -0.10095253635971993 0.089138820115469697 -0.086025029532418668 0.09946517825697733 -0.15044911410450812 -0.13704322919666384 -0.086565470730799274 -0.11135798959319942 0.071985341800870781 0.089652308052791729 0.09226614941749503 0.10060247695452509 0.017259169432703371 -0.071351436846514127 0.058359883239867599 -0.12799734247044967 -1.0103390127502532 0.09556248701977621 -0.29984228475091101 0.10012835123967656 -0.13510140416105493 -0.099450184541616693 0.057802971404456831
leaf_weight=46.795776169410289 0.80013615098027757 0.23418200016021706 0.65924234158837092 2.5457439480697817 0.3358521797490539 0.0010875671171232107 2.8383618155981916 0.32444896142170232 4.6250071908683301 2.3113332994711167 0.34081691879221576 0.22685606716891071 1.1048354684823927 0.714771956962866 1.9400680275916404 3.4817272115795843 1.6383950793151552 1.4738233616972163 1.2248747751530684 3.4805797252338406 0.19563283453882296 0.72932826215407054 0.64220089501213806 0.23507114759247782 1.0107119084537481 0.77837121502670914 0.73183560732286412 1.1600495553226737 0.56584336985242867 1.6918729524475324
leaf_count=75283 59 1 80 115 7 184 265 1098 67 667 58 59 315 113 26 222 119 44 83 17 41 11 13 6 276 13 2 238 9 376
internal_value=0.00564655 0.0424209 -0.0613378 0.0675994 -0.0052791 0.00355035 -0.00902033 -0.408135 0.0106015 -0.00446429 0.0140182 0.0266656 -0.0812857 0.00451649 -0.0394882 0.0449801 -0.0185612 -0.00731622 -0.0203084 -0.0357359 -0.0610941 -0.16152 -0.310988 -0.583835 -0.0280164 -0.065113 -0.0124361 -0.0425386 0.0255703 0.0331808
internal_weight=84.8388 4.57516 0.893424 3.68173 1.13599 80.2637 28.8429 0.325537 51.4208 28.5174 12.3393 10.8937 1.44565 8.0553 3.8588 4.1965 16.1781 13.8667 12.2283 10.7545 7.27392 1.80223 1.0729 0.430704 5.47169 4.24681 3.46844 2.7366 1.57656 1.91873
internal_count=79867 262 81 181 66 79605 4255 1282 75350 2973 1434 1061 373 796 461 335 1539 872 753 709 692 71 60 47 621 538 525 523 285 435
is_linear=0
shrinkage=0.1


Tree=71
num_leaves=31
num_cat=0
split_feature=15 1 6 0 12 4 7 8 3 14 14 14 12 1 12 14 14 9 8 7 14 12 7 12 10 12 6 4 7 12
split_gain=0.728294 1.84363 1.6457 1.59683 1.42102 1.82094 1.44301 1.27818 1.67537 1.18868 1.0689 1.39697 2.27297 1.8613 1.74109 1.25975 2.55163 0.963659 0.916946 0.9077 0.922955 2.459 1.44862 0.879673 0.849162 0.83721 0.834539 0.793393 0.901095 0.768061
threshold=1.0000000180025095e-35 0.86184843624699281 8.5000000000000018 0.41428571428571431 6.5000000000000009 4.5000000000000009 0.24068965517241384 0.55753467843631788 0.85053191489361712 10.400492762981939 10.993453333156298 13.48939424335123 42.500000000000007 0.94868421052631591 35.500000000000007 13.946732684647928 14.020049740406593 1.0000000180025095e-35 0.85023364485981323 0.30384615384615393 23.487196041850797 3.5000000000000004 0.46410256410256417 62.500000000000007 1.0000000180025095e-35 73.500000000000014 3.5000000000000004 2.5000000000000004 0.21807065217391305 34.500000000000007
decision_type=2 2 2 2 2 2 2 2 2 2 2 2 2 2 2 2 2 2 2 2 2 2 2 2 2 2 2 2 2 2
left_child=2 7 4 -3 6 24 27 8 -2 -5 -11 13 14 -12 15 -13 -17 18 23 -8 21 26 -23 -4 25 -6 -21 -1 -29 -18
right_child=1 3 17 9 5 -7 19 -9 -10 10 11 12 -14 -15 -16 16 29 -19 -20 20 -22 22 -24 -25 -26 -27 -28 28 -30 -31
leaf_value=-0.14339936374132586 -0.12021054375572005 0.079989806409560341 -0.10129005244490824 -0.12589668812509264 0.018233049125155536 -0.26293797446687067 0.10163966038341848 0.028290813337684174 0.098076503265502435 0.087026750604936004 0.076759578161103542 0.089119193065284777 0.053783196926201898 -0.11079680953269509 -0.11662284240413785 -0.36273423042122332 -0.0093692580506359504 0.10002241773840795 0.10011728204243227 0.10007792845589761 0.079401694368703007 -0.3087961265040966 -0.033878047621972315 0.083425475702522067 -0.12547294892945593 -0.081949785790716323 -0.021421321141240866 -0.14049880897342204 0.10018498799741336 0.099923528633730357
leaf_weight=0.52637741919673897 2.9555067675471283 2.6124575452236618 2.6285318786248997 0.74552483301993433 22.017285033423658 0.2437930424306235 3.9624119947930003 1.1408229888969099 0.39908163628297533 1.4099010497231805 0.68863884016586663 1.3820882630389579 7.1951347864908604 2.2841458563904573 1.4443595871106776 0.20240459434876612 20.990041104460222 0.39222915886025944 0.30114356408795107 1.461132905812075 3.083589756132409 0.33421350066365946 0.44937921653036467 0.28585695673600442 0.44218290377784697 0.86700445590656627 0.9220930049195889 0.23435454097708819 0.46260686102323234 0.66332226130543759
leaf_count=5884 40209 595 10724 471 14537 13 12 218 116 201 729 395 88 1486 39 22 2721 17 5 43 51 12 35 336 18 360 12 508 4 6
internal_value=0.00632179 -0.00245663 0.0163504 0.00442974 0.0229778 0.00894377 0.0519025 -0.0631461 -0.0942418 -0.000904527 0.00166538 -0.00178801 0.00432608 -0.0673498 -0.0100912 -0.00346969 -0.00932471 -0.0479563 -0.0660067 0.0641965 0.0404596 0.00254097 -0.151135 -0.0831723 0.0117853 0.0144375 0.0530687 -0.050732 0.0192546 -0.00602122
internal_weight=82.7276 44.1134 38.6142 39.618 35.0064 23.5703 11.4362 4.49541 3.35459 37.0056 36.26 34.8501 31.8774 2.97278 24.6822 23.2379 21.8558 3.60776 3.21553 10.2128 6.25041 3.16682 0.783593 2.91439 23.3265 22.8843 2.38323 1.22334 0.696961 21.6534
internal_count=79867 47296 32571 6753 21489 14928 6561 40543 40325 6158 5687 5486 3271 2215 3183 3144 2749 11082 11065 165 153 102 47 11060 14915 14897 55 6396 512 2727
is_linear=0
shrinkage=0.1


Tree=72
num_leaves=31
num_cat=0
split_feature=15 1 6 0 12 4 7 8 3 14 14 14 12 1 12 14 14 12 7 14 0 12 12 8 14 7 7 9 14 12
split_gain=0.614154 1.61466 1.39276 1.38956 1.31177 1.35406 1.26316 1.16545 1.49577 1.04369 0.939149 1.22623 1.90209 1.63836 1.62466 3.2619 1.9412 1.20747 1.64542 1.18969 1.13675 1.49802 1.86741 1.76803 1.38515 0.885772 0.883692 0.839745 0.815516 1.95948
threshold=1.0000000180025095e-35 0.86184843624699281 8.5000000000000018 0.41428571428571431 6.5000000000000009 4.5000000000000009 0.24068965517241384 0.55753467843631788 0.85053191489361712 10.400492762981939 10.993453333156298 13.48939424335123 42.500000000000007 0.94868421052631591 31.500000000000004 20.614721096663278 15.406569870506706 27.500000000000004 0.2817460317460318 15.264090408514166 0.64583333333333337 8.5000000000000018 4.5000000000000009 0.85023364485981323 22.026795727505853 0.74456521739130443 0.30384615384615393 1.0000000180025095e-35 23.487196041850797 3.5000000000000004
decision_type=2 2 2 2 2 2 2 2 2 2 2 2 2 2 2 2 2 2 2 2 2 2 2 2 2 2 2 2 2 2
left_child=2 7 4 -3 6 -6 -1 8 -2 -5 -11 13 14 -12 17 16 -16 18 -13 -20 -21 22 23 24 -22 -25 -8 -4 29 -28
right_child=1 3 27 9 5 -7 26 -9 -10 10 11 12 -14 -15 15 -17 -18 -19 19 20 21 -23 -24 25 -26 -27 28 -29 -30 -31
leaf_value=-0.049454500162608953 -0.11862832937417656 0.077012978849387889 -0.062473346218591554 -0.12228548927408162 0.010698362811636403 -0.21665930667202071 0.10144677532949467 0.0257528544494742 0.097573033318933966 0.084727262769557762 0.073407501332441769 -0.11980333934520358 0.050218054080079948 -0.10809790279608206 -0.14156480289290557 -0.017343771186405628 -0.47475635322562637 0.06744738681744615 0.064267105442915334 0.067470275755527692 -0.17440160264237795 -0.088265709668652714 0.07450811464168404 0.039333811361304087 -0.032964996757279867 -0.039308436627706105 0.050959046872071895 0.1000043321835254 0.076849504057064866 -0.1298015048959934
leaf_weight=1.1317404878873265 2.7081080358492264 2.4506317463045795 3.0626762049182377 0.69347533952246365 23.163860255498367 0.26494703195370917 3.5918109500353239 1.1286044466130869 0.36287649902714125 1.3086313615660774 0.65012361750899739 1.2233858503686352 6.9486833514837683 2.1157756710791324 0.52667066092732584 2.3673691922535554 0.26176209001255302 2.414489489253028 2.4856724237090306 1.6760459161653756 1.1501598554017733 2.5905524050939208 2.38970779199206 3.407010206611198 1.7398648076974141 2.4709422781597823 2.2476415620501982 0.35496463326370742 2.8781510373854551 0.81793224436901901
leaf_count=6396 40209 595 11065 471 14915 13 12 218 116 201 729 2750 88 1486 46 20 14 68 32 37 30 41 43 24 22 56 55 17 51 47
internal_value=0.00590779 -0.0022396 0.015262 0.00412457 0.0213624 0.00812727 0.050431 -0.0611456 -0.0930813 -0.000779908 0.00157857 -0.00158286 0.00399679 -0.0654351 -0.00900441 -0.0760157 -0.252185 0.000809765 -0.00759942 6.49575e-05 -0.0102814 -0.0197601 -0.00385474 -0.0252125 -0.0892533 0.0062746 0.0622861 -0.045598 0.0386211 0.00272994
internal_weight=80.5843 43.0705 37.5137 38.871 34.0961 23.4288 10.6673 4.19959 3.07098 36.4203 35.7268 34.4182 31.6523 2.7659 24.7036 3.1558 0.788433 21.5478 19.1333 17.91 15.4243 13.7482 11.1577 8.76798 2.89002 5.87795 9.53554 3.41764 5.94372 3.06557
internal_count=79867 47296 32571 6753 21489 14928 6561 40543 40325 6158 5687 5486 3271 2215 3183 80 60 3103 3035 285 253 216 175 132 52 80 165 11082 153 102
is_linear=0
shrinkage=0.1


Tree=73
num_leaves=31
num_cat=0
split_feature=9 7 14 14 1 1 3 0 14 8 6 2 3 14 14 14 14 12 12 14 14 14 8 6 1 1 0 12 12 14
split_gain=0.518502 0.940565 1.1423 0.913246 1.10235 0.526973 0.767148 0.713084 1.12136 1.11694 1.61299 1.08971 1.00196 0.883688 1.035 1.29839 1.38098 1.06562 1.09874 4.78778 5.01963 11.5283 1.71388 2.10386 1.7925 1.50281 2.1885 1.37699 1.25063 2.24392
threshold=1.0000000180025095e-35 0.8047619047619049 20.614721096663278 15.06563971653374 0.96922348484848497 0.68243189102564117 0.22401433691756276 0.34848484848484856 10.400492762981939 0.51818783068783081 7.5000000000000009 0.6198686371100165 0.93582704186684984 11.395053019537224 13.48939424335123 13.529702120382128 13.676818166519574 54.500000000000007 29.500000000000004 18.143056102308858 16.169535320418149 17.066221382944743 0.48304597701149427 7.5000000000000009 0.9548846675712348 0.96922348484848497 0.77500000000000013 2.5000000000000004 3.5000000000000004 20.614721096663278
decision_type=2 2 2 2 2 2 2 2 2 2 2 2 2 2 2 2 2 2 2 2 2 2 2 2 2 2 2 2 2 2
left_child=5 3 -3 4 -2 6 -1 9 -9 10 11 -7 -13 -10 -15 -16 -17 18 22 20 -20 -22 23 -18 -24 26 -21 -25 -26 -30
right_child=1 2 -4 -5 -6 7 -8 8 13 -11 -12 12 -14 14 15 16 17 -19 19 25 21 -23 24 27 28 -27 -28 -29 29 -31
leaf_value=0.086787107557151091 0.057274578738629511 -0.13549486160930688 0.10002406922619296 0.10007992600003711 -0.1611734216899281 0.063571855041922531 -0.088410716732385708 -0.1208914712393253 0.073222268677094082 0.09644263654021222 -0.12822860226460106 -0.099540900444315739 0.099655696552869655 -0.031027242230436139 0.070065386151538317 -0.10375877342236595 0.046823912019027102 0.062247023022342363 -0.1286643678236222 -0.1325330205721543 -0.11423950033192785 -1.8695579688175341 0.028818573919807956 0.030940799247784968 -0.0020014882135751316 0.030381129273428897 0.059071697803235693 -0.13491428068302258 -0.0080390772382179371 -0.12511606511337445
leaf_weight=0.31170990828004819 0.72586509622025752 0.57602518177962081 0.32052581960568305 2.2606297701811284 0.33884311248013521 3.1833704238901341 1.2610663785373801 0.73992113619779232 1.7397192765271814 2.0800959282541704 0.72866447428655856 0.93392690395920597 0.3460923826924045 8.7084357973300452 2.9990271147606782 1.1974579066909914 14.282741987563911 3.0440483658544002 1.3187857919071984 1.6223796398166164 0.11005734684417222 0.05668740158991882 7.6241603585922375 0.89390822106653223 6.8507777518607718 5.5680485860659701 0.94238630001382251 1.137662850845621 3.483242787595032 3.0886902822132511
leaf_count=820 54 38 43 115 12 6612 24552 1335 1987 213 19523 3364 13 9599 227 976 6811 121 331 67 29 35 195 506 52 41 14 2089 48 45
internal_value=0.00551813 0.0396071 -0.0512945 0.0641152 -0.0122464 0.0035799 -0.0536881 0.00481916 0.00151639 0.0345253 0.00971933 0.0322398 -0.045682 0.00291696 0.000973303 0.006113 0.00236854 0.004909 0.00119378 -0.0289469 -0.194028 -0.710987 0.00895325 0.0332803 -0.00990366 0.0012066 -0.0621306 -0.0619367 -0.0318981 -0.0630632
internal_weight=78.475 4.22189 0.896551 3.32534 1.06471 74.2531 1.57278 72.6803 65.4081 7.27215 5.19205 4.46339 1.28002 64.6682 62.9285 54.2201 51.221 50.0236 46.9795 9.61835 1.48553 0.166745 37.3612 16.3143 21.0469 8.13281 2.56477 2.03157 13.4227 6.57193
internal_count=79867 262 81 181 66 79605 25372 54233 24508 29725 29512 9989 3377 23173 21186 11587 11360 10384 10263 517 395 64 9746 9406 340 122 81 2595 145 93
is_linear=0
shrinkage=0.1


Tree=74
num_leaves=31
num_cat=0
split_feature=15 1 0 6 12 7 7 8 3 8 12 14 14 2 2 6 9 3 12 12 14 14 14 14 7 11 14 14 12 8
split_gain=0.495368 1.33749 1.15387 1.09863 1.11365 1.07164 0.999216 0.928789 1.25733 0.885623 1.05558 2.49296 0.796006 0.779323 0.927323 1.61183 1.18307 1.09973 1.1971 4.9781 1.34129 1.42132 1.31598 2.20353 1.12444 5.98491 30.342 305.265 1.48783 1.27036
threshold=1.0000000180025095e-35 0.86184843624699281 0.41428571428571431 8.5000000000000018 6.5000000000000009 0.24068965517241384 0.65686274509803932 0.55753467843631788 0.85053191489361712 0.53546277665995989 4.5000000000000009 19.77728587547897 10.400492762981939 0.58898944193061853 0.74322344322344336 4.5000000000000009 1.0000000180025095e-35 0.86319073083778985 42.500000000000007 40.500000000000007 15.501959961563546 13.529702120382128 13.48939424335123 10.995331816076487 0.59411764705882364 1.0000000180025095e-35 22.026795727505853 18.143056102308858 4.5000000000000009 0.96076923076923093
decision_type=2 2 2 2 2 2 2 2 2 2 2 2 2 2 2 2 2 2 2 2 2 2 2 2 2 2 2 2 2 2
left_child=3 7 -3 4 5 -1 -6 8 -2 -7 11 -11 -4 -14 15 -15 17 -16 19 24 21 22 23 -20 25 -19 27 -27 29 -26
right_child=1 2 12 -5 6 9 -8 -9 -10 10 -12 -13 13 14 16 -17 -18 18 20 -21 -22 -23 -24 -25 28 26 -28 -29 -30 -31
leaf_value=-0.045558311539328933 -0.11569895061338631 0.073770359106396566 -0.11557131165652257 -0.042070092469751033 0.013306082731600466 0.087896715544691473 -0.061899480280221436 0.019578864459242382 0.096804817181453937 0.055999611072840697 0.083297403634058798 -0.16283187723144371 0.057372217523854019 0.098881075345433847 0.082577137845164822 -0.088994141678693239 0.10019431015280987 0.0048469764179257958 0.079220866388655886 -0.50542305691143619 0.072535496774091116 -0.12823150437261163 0.077251221083471933 -0.11367468835848056 -0.052686623120693325 -0.070939378973260428 -0.024264243375550831 -11.327096861725162 0.068104692357788543 0.0325147330770569
leaf_weight=1.1082810616379273 2.3703174495746846 2.184795595942254 0.59764986239021922 3.2260353301032358 20.920991699543876 4.7753305314353414 1.9296357182320196 1.0661641331914924 0.31548784810455988 1.4936784848687263 1.724192644371225 0.79909964487228036 2.2756312252658146 0.55679445885608947 1.4615942183133004 2.538837527945101 1.1861478749051766 5.4147214908498116 1.0105904117226603 0.21017738181395884 3.4196897752119035 0.828378803139591 1.8948953587678259 1.4304560315850379 4.3022868747151106 0.24467277640485605 1.4031663661934031 0.026725013346091481 2.7718239386365466 2.9498651479370892
leaf_count=6396 40209 595 471 11082 14879 48 49 218 116 36 44 37 958 92 252 1303 68 2460 2 22 17 29 5 138 45 171 30 30 45 20
internal_value=0.0050716 -0.00251951 0.00329311 0.0136087 0.0190932 0.0471075 0.0069553 -0.0593897 -0.0907372 0.0587882 0.0241842 -0.0202695 -0.00116692 0.000848437 -0.00321551 -0.0552021 0.00242028 -0.00181715 -0.00657833 -0.0217098 0.0239586 -0.00820787 0.0147226 -0.0338162 -0.0157691 -0.0462494 -0.21147 -1.17935 0.00578766 -0.0180304
internal_weight=76.4381 40.4609 36.7089 35.9772 32.7512 9.90058 22.8506 3.75197 2.68581 8.7923 4.01697 2.29278 34.5241 33.9265 31.6508 3.09563 28.5552 27.369 25.9074 17.3234 8.58401 5.16432 4.33594 2.44105 17.1133 7.08929 1.67456 0.271398 10.024 7.25215
internal_count=79867 47296 6753 32571 21489 6561 14928 40543 40325 165 117 73 6158 5687 4729 1395 3334 3266 3014 2823 191 174 145 140 2801 2691 231 201 110 65
is_linear=0
shrinkage=0.1


Tree=75
num_leaves=31
num_cat=0
split_feature=9 7 7 14 14 7 8 7 14 8 8 12 15 7 8 8 14 1 8 8 6 7 7 6 8 7 8 14 3 12
split_gain=0.452689 0.739439 0.899725 0.848901 0.910297 0.563915 0.625383 1.39023 1.33002 2.33405 3.23079 1.2511 1.20352 0.972363 1.52419 2.07033 1.27099 2.44703 1.61122 1.17464 1.0329 1.02329 0.987919 0.852104 0.784625 1.82478 1.17575 1.06884 0.929084 0.723191
threshold=1.0000000180025095e-35 0.8047619047619049 0.87867647058823539 15.06563971653374 14.020049740406593 0.83974358974358987 0.70483682983682994 0.53589743589743599 18.706703179282737 0.96076923076923093 0.85023364485981323 1.5000000000000002 1.0000000180025095e-35 0.43303571428571436 0.44504830917874399 0.36681957186544351 22.026795727505853 0.99180327868852469 0.59317129629629639 0.21401308615049078 3.5000000000000004 0.40588235294117653 0.37171052631578955 5.5000000000000009 0.27602627257799678 0.12310606060606062 1.0000000180025095e-35 16.169535320418149 0.68237250554323736 8.5000000000000018
decision_type=2 2 2 2 2 2 2 2 2 2 2 2 2 2 2 2 2 2 2 2 2 2 2 2 2 2 2 2 2 2
left_child=5 3 -3 4 -2 6 13 23 11 10 -10 -9 -13 14 15 21 18 -18 22 -15 -17 24 -16 -8 25 26 -1 -26 -27 -21
right_child=1 2 -4 -5 -6 -7 7 8 9 -11 -12 12 -14 19 16 20 17 -19 -20 29 -22 -23 -24 -25 27 28 -28 -29 -30 -31
leaf_value=0.0003040115241373078 0.054444457522720549 -0.11734877097267503 0.10001601543969388 0.10002860892469903 -0.14109560280880651 0.066158054675300823 0.078907153843980948 -0.075709321548518171 -0.20841090352240058 0.0084680195507007977 -0.023728470723488264 -0.035547468117817803 0.076357832867236575 -0.040933060870404658 -0.12158684676313825 0.092960484049436895 -0.017049508784810024 -0.25547276534630975 0.0736855744577012 0.06937487118457368 -0.10547192807063717 -0.10679072139863599 0.073936571120210973 -0.020948812729818644 -0.10029019892609092 -0.12695059074786971 -0.10015093488945762 0.032560146919196419 0.076404717302036573 0.014004206729371272
leaf_weight=24.87733863943804 0.71442539659917181 0.56827198900282383 0.28640145124204863 1.9551278462481074 0.35705988493282348 1.3666942985022803 2.1135195859602867 1.4655112685784315 1.8512618380795725 2.6461118109692481 1.9397378829310465 1.5872537791443919 2.4360834454185438 1.8474620775017374 1.2294578123788757 3.3662499005132562 0.97419562775111523 0.77127077811907041 1.2006562750323233 5.6073856446195185 0.28449129931111006 0.90280112341105123 0.3271905235633753 1.4346311844400514 1.6503054538394446 0.23756195836860072 1.2223700606760122 0.9566622743828096 4.1398602570352878 4.0715619531797875
leaf_count=2382 59 9 72 115 7 81 33 21 23 15 22 32 33 25 1302 1520 37 9 108 100 2732 14 24 21 12727 931 56522 562 274 55
internal_value=0.00437903 0.0376278 -0.0445097 0.0608223 -0.010717 0.00254876 0.00129141 -0.0164201 -0.0327692 -0.0636066 -0.113915 0.00339567 0.0322099 0.00639828 -0.000641494 0.00593658 -0.0556261 -0.122402 -0.0133549 0.0321356 0.0774972 -0.00175019 -0.08049 0.0385322 0.00111617 0.0056202 -0.00440076 -0.051539 0.0653687 0.0460826
internal_weight=74.3889 3.88129 0.854673 3.02661 1.07149 70.5076 69.1409 15.4741 11.926 6.43711 3.791 5.48885 4.02334 53.6668 42.1404 37.6376 4.50277 1.74547 2.7573 11.5264 3.65074 33.9869 1.55665 3.54815 33.0841 30.4771 26.0997 2.60697 4.37742 9.67895
internal_count=79867 262 81 181 66 79605 79524 200 146 60 45 86 65 79324 79144 77664 1480 46 1434 180 4252 73412 1326 54 73398 60109 58904 13289 1205 155
is_linear=0
shrinkage=0.1


Tree=76
num_leaves=31
num_cat=0
split_feature=4 12 12 12 14 14 1 10 14 0 0 14 3 3 12 14 7 0 1 7 11 8 7 0 8 14 4 12 12 8
split_gain=0.437489 0.422967 0.568862 1.04446 2.13761 10.1374 1.60778 0.961483 4.19447 8.44398 0.890544 0.864956 0.791351 1.0611 0.746453 2.24437 2.04224 1.79954 1.6506 1.47254 1.38887 2.37589 0.946994 0.756208 1.23913 1.98064 4.19744 4.60189 13.5188 1.44188
threshold=5.5000000000000009 75.500000000000014 53.500000000000007 31.500000000000004 18.143056102308858 16.169535320418149 0.96922348484848497 1.0000000180025095e-35 17.731989448711584 0.84523809523809534 0.84523809523809534 12.226635738641411 0.81872946330777663 0.77015755329008351 1.0000000180025095e-35 22.867300583811076 0.77350427350427364 0.84523809523809534 0.99180327868852469 0.71714285714285719 1.0000000180025095e-35 0.70483682983682994 0.70294117647058829 0.69047619047619058 0.42330316742081459 22.867300583811076 2.5000000000000004 13.500000000000002 10.500000000000002 0.3482644462279294
decision_type=2 2 2 2 2 2 2 2 2 2 2 2 2 2 2 2 2 2 2 2 2 2 2 2 2 2 2 2 2 2
left_child=1 2 3 7 5 11 10 12 9 -9 -6 -5 13 -1 15 16 17 22 -18 23 21 -19 -14 -16 29 26 -26 28 -28 -25
right_child=-2 -3 -4 4 6 -7 -8 8 -10 -11 -12 -13 14 -15 19 -17 18 20 -20 -21 -22 -23 -24 24 25 -27 27 -29 -30 -31
leaf_value=0.0034396179376309753 0.099680147805083344 -0.07334097466546223 0.02402184666179448 0.031112577594577435 -0.12920191577930182 -1.0739554360859793 0.026859155249188679 0.099114137085514656 0.1000558033121902 -1.4166004681787154 0.023524170720791899 -0.10147890486772643 -0.28983079345969592 -0.060051479784174744 0.051353283900646585 -0.12358406701943132 -0.033003658196763395 0.075947631573227842 -0.39751312096690494 0.1000659069936803 0.098059503894509251 -0.34539854137019699 0.10006638569463658 0.011982185059309553 -0.013706448407969056 0.02806591676235215 -0.78414053555464458 0.014661740526820385 0.098243003144570268 0.099578411902490033
leaf_weight=10.045711279487387 0.4757641674932519 0.70982655657063176 12.07682006306055 0.66612178754747109 1.2513044298309379 0.10402240769986137 5.2655020988527941 0.083434576945842442 0.25294993610560568 0.065694443881511688 0.54943555005229416 1.8821615940727814 0.22698139539207793 3.5668832796821688 4.7881756988308259 1.4889010973445005 0.35344848496485826 0.3830294147070713 0.19155730704239315 2.2052223110547891 2.7334400973174775 0.20569843053817749 0.085857264697551755 7.2258347292541538 5.7650739773571944 6.3944251765206017 0.38325766246793852 0.49183426806519037 0.31744227097840388 2.5395700128261547
leaf_count=57588 9 806 2496 5799 55 61 36 60 11 2 10 1618 102 3225 2671 55 23 115 34 110 12 1 2 4658 92 75 36 8 7 90
internal_value=0.00410093 0.00347198 0.0042336 0.000218015 -0.0297688 -0.106319 -0.00103577 0.00607064 -0.147941 -0.56859 -0.0826027 -0.0668195 0.00732438 -0.0131968 0.0151318 -0.0181567 0.019396 0.0464613 -0.161121 0.0213989 0.0680526 -0.0712685 -0.182825 0.0151823 0.00769048 -0.0121093 -0.0490325 -0.219809 -0.384389 0.0347623
internal_weight=72.7754 72.2996 71.5898 59.513 9.71855 2.65231 7.06624 49.7944 0.402079 0.149129 1.80074 2.54828 49.3923 13.6126 35.7797 5.66891 4.18001 3.63501 0.545006 30.1108 3.32217 0.588728 0.312839 27.9056 23.1174 13.352 6.95761 1.19253 0.7007 9.7654
internal_count=79867 79858 79052 76556 7579 7478 101 68977 73 62 65 7417 68904 60813 8091 344 289 232 57 7747 128 116 104 7637 4966 218 143 51 43 4748
is_linear=0
shrinkage=0.1


Tree=77
num_leaves=31
num_cat=0
split_feature=9 12 14 7 14 12 7 14 14 3 11 8 8 8 11 7 12 7 8 7 14 7 8 6 1 7 7 7 2 14
split_gain=0.467717 0.739183 1.30449 0.456727 0.568063 0.480247 1.9631 2.0897 2.86516 1.85046 1.2145 1.695 0.824127 0.782404 0.569584 5.18504 6.99998 284.313 32.8894 3.08275 1.3859 1.01318 0.562443 0.547421 1.12453 1.03113 1.66932 1.59809 0.894334 0.79649
threshold=1.0000000180025095e-35 9.5000000000000018 15.990924145302497 0.83974358974358987 13.676818166519574 1.0000000180025095e-35 0.77350427350427364 22.026795727505853 27.562982556358197 0.99180327868852469 1.0000000180025095e-35 0.70483682983682994 0.96076923076923093 0.39593646864686477 1.0000000180025095e-35 0.59411764705882364 8.5000000000000018 0.53589743589743599 0.63859338061465731 0.56038647342995185 27.562982556358197 0.37171052631578955 0.77871939736346529 4.5000000000000009 0.6083478260869567 0.26201372997711675 0.53589743589743599 0.71714285714285719 0.44543650793650796 10.782741243775057
decision_type=2 2 2 2 2 2 2 2 2 2 2 2 2 2 2 2 2 2 2 2 2 2 2 2 2 2 2 2 2 2
left_child=3 -2 -3 5 -5 6 7 9 -9 13 11 -11 14 -1 23 16 19 18 -18 20 21 -16 -17 24 -7 29 -27 -28 -25 -26
right_child=1 2 -4 4 -6 12 -8 8 -10 10 -12 -13 -14 -15 15 22 17 -19 -20 -21 -22 -23 -24 28 25 26 27 -29 -30 -31
leaf_value=0.077927023627904546 0.076939763853709348 -0.084145587028758462 0.10004905584307391 -0.060633699424276016 0.098472703532599543 -0.14998459325772714 -0.24378356226035686 -0.31890389427212856 -0.021257429896250506 0.072656090666503317 0.097353753375410274 -0.27372697988005606 0.098963998748897497 -0.17351848752896626 -0.10351344597476082 0.10029233713751975 -0.10725397113704867 -28.977533983186103 -3.5464289024726257 -0.391567325587314 -0.11847149828177367 0.082700108610040249 0.018236860589106736 0.059559446660620213 -0.11140312013305936 0.066175215983875588 -0.033210694948895128 0.1000819746003951 -0.019868009605158582 0.004461460012916205
leaf_weight=0.16068284104969155 2.1359925165550209 0.99056815009016941 0.62840838625758899 0.29194857283070863 0.96985469165435745 0.42537288725107103 0.38898512381183525 0.4547751785971571 1.1195699194430497 0.36158048362578865 2.3605469341247867 0.23186331987380981 0.89116917969658871 0.53838683078534144 0.37303536983504626 1.832266201226598 0.6596561168899816 0.0034629413866922301 0.029030322675517306 0.22835218104878707 0.77818926870718641 1.3481874877901949 1.5352827400777402 1.5937863368454408 0.60790379117017579 7.711600395472674 4.3852306793561366 1.1315804799669429 12.824961174452252 24.707259153508048
leaf_count=2193 204 33 25 18 63 7680 3 42 25 111 11 1 8 93 8428 24 10822 4 8 6 21 66 30 18992 5623 90 63 38 12914 12228
internal_value=0.00395616 0.0383126 -0.0126501 0.00205744 0.0616596 0.000929623 -0.0270536 -0.0109261 -0.107237 0.0305808 0.065204 -0.0626786 0.0035033 -0.115723 0.00208956 -0.0251963 -0.111927 -0.395944 -0.252226 -0.0398595 -0.00772669 0.0423426 0.0628828 0.00555855 0.011718 0.0135026 0.0361291 -0.00587037 -0.0110884 0.00167915
internal_weight=71.6995 3.75497 1.61898 67.9445 1.2618 66.6827 5.61639 5.22741 1.57435 3.65306 2.95399 0.593444 61.0663 0.69907 60.1752 6.78746 3.41991 0.692149 0.688686 2.72776 2.49941 1.72122 3.36755 53.3877 38.9689 38.5436 13.2284 5.51681 14.4187 25.3152
internal_count=79867 262 58 79605 81 79524 2479 2476 67 2409 123 112 77045 2286 77037 19409 19355 10834 10830 8521 8515 8494 54 57628 25722 18042 191 101 31906 17851
is_linear=0
shrinkage=0.1


Tree=78
num_leaves=31
num_cat=0
split_feature=7 12 8 7 12 3 8 8 14 14 7 7 7 14 8 1 12 7 7 9 7 14 14 2 7 14 14 14 14 4
split_gain=0.448664 1.31447 1.21033 0.77728 0.645598 0.579343 0.567519 0.757209 0.565213 1.49829 0.541094 0.954169 0.822007 0.995202 0.793605 0.700851 0.57866 0.575195 0.619337 0.718901 0.906302 0.860232 0.601018 0.826655 0.851871 0.518746 0.500611 0.56202 0.821589 1.56901
threshold=0.12310606060606062 34.500000000000007 1.0000000180025095e-35 0.18019480519480521 75.500000000000014 0.86319073083778985 0.1316809465524276 0.16990566037735852 24.643985043267573 22.522374801770173 0.24068965517241384 0.22401433691756276 0.28991596638655465 22.522374801770173 0.38496824276640795 0.83847248576850097 5.5000000000000009 0.81534090909090928 0.77350427350427364 1.0000000180025095e-35 0.35504201680672276 15.06563971653374 12.804096388214253 0.46470099667774095 0.63961038961038974 30.30057998453368 13.273642912045794 30.30057998453368 23.487196041850797 2.5000000000000004
decision_type=2 2 2 2 2 2 2 2 2 2 2 2 2 2 2 2 2 2 2 2 2 2 2 2 2 2 2 2 2 2
left_child=2 3 4 -2 8 -3 -5 -8 9 -1 11 14 13 15 16 -12 25 18 19 20 -14 -21 23 24 -22 -9 -24 28 29 -28
right_child=1 5 -4 6 -6 -7 7 10 -10 -11 12 -13 17 -15 -16 -17 -18 -19 -20 21 22 -23 26 -25 -26 -27 27 -29 -30 -31
leaf_value=0.004228692786950026 -0.12779075428299552 -0.10140184127068691 -0.10016787004937514 -0.06825294884715051 -0.11044170231701214 0.086071234377742722 0.099242418297842874 -0.11819783459630639 0.053938667109878914 -0.11336593648545251 -0.11109867758080064 -0.12283524070223627 -0.092688622236493004 -0.092613703254061888 -0.11606373943202136 0.083612387496217078 0.078949465722545464 0.058031659082054057 -0.050744935168012796 -0.018886791373774376 0.047082012884228627 0.10010243816745262 -0.052780902234313247 0.070308086979491674 -0.15053392493677409 0.10012196680168764 0.011121575800178536 -0.041855720437337596 0.038314075803049616 -0.082431656549244808
leaf_weight=20.611871329438799 0.42139734830600772 0.17487136462936392 1.2617123261774583 0.93740767214608567 0.51532502667970348 2.8730493900674325 0.93828184448020024 0.35195699639029299 1.9734734860233967 1.1435951680332461 0.19594663206453544 0.84415575106007734 0.97354720802649097 0.40752132000525954 0.43238200961114048 3.2674496869384027 1.0620435549111267 2.0410595928148991 1.990057631865908 0.95464898464888648 0.49008516052263734 1.6711794687744155 1.6938413456082368 2.7533802926056392 0.39311190723056516 0.1575554758310318 9.9229370754536692 2.3955801582778831 6.4901784628803165 2.1879826856052036
leaf_count=2052 3292 677 69694 23 280 36 50 454 25 25 476 158 194 10 828 280 546 170 36 41 42 103 16 61 6 1 163 24 61 43
internal_value=0.00595994 0.011856 -0.00467864 0.00735517 0.000290778 0.0753152 0.00869352 0.0104268 0.00269557 -0.00195277 0.0083781 -0.0336555 0.0115428 0.0552034 0.00391135 0.0725963 0.0369201 0.00656581 0.00327457 0.00686677 0.00206 0.0568426 0.0055637 0.0433051 -0.040877 -0.0506873 -0.000485064 0.00373374 0.00960507 -0.00577994
internal_weight=71.5276 46.0216 25.506 42.9737 24.2443 3.04792 42.5523 41.6149 23.7289 21.7555 40.6766 2.84809 37.8285 3.87092 2.00394 3.4634 1.57156 33.9576 31.9165 29.9265 27.3006 2.62583 26.3271 3.63658 0.883197 0.509512 22.6905 20.9967 18.6011 12.1109
internal_count=79867 7791 72076 7078 2382 713 3786 3763 2102 2077 3713 1987 1726 766 1829 756 1001 960 790 754 610 144 416 109 48 455 307 291 267 206
is_linear=0
shrinkage=0.1


Tree=79
num_leaves=31
num_cat=0
split_feature=7 12 8 7 12 12 12 12 14 14 6 14 14 14 14 14 14 12 12 3 8 8 7 12 14 7 0 8 7 7
split_gain=0.379752 1.17263 1.09905 0.681982 0.576987 0.523259 1.29138 0.818519 2.87091 19.6067 1.88421 1.00135 0.997469 0.744256 1.09226 0.745607 1.35271 0.545427 0.686606 0.511338 0.461257 0.692688 0.512728 0.763945 2.06618 1.78951 1.58829 0.740567 0.610296 1.06024
threshold=0.12310606060606062 34.500000000000007 1.0000000180025095e-35 0.18019480519480521 75.500000000000014 53.500000000000007 46.500000000000007 29.500000000000004 18.143056102308858 16.169535320418149 7.5000000000000009 22.026795727505853 11.395053019537224 15.501959961563546 13.529702120382128 13.48939424335123 13.340766722023588 25.500000000000004 20.500000000000004 0.86319073083778985 0.1316809465524276 0.16990566037735852 0.87867647058823539 1.0000000180025095e-35 22.867300583811076 0.77350427350427364 0.64583333333333337 0.96076923076923093 0.81534090909090928 0.8047619047619049
decision_type=2 2 2 2 2 2 2 2 2 2 2 2 2 2 2 2 2 2 2 2 2 2 2 2 2 2 2 2 2 2
left_child=2 3 4 -2 5 6 7 10 9 12 17 -10 -9 14 15 16 -7 18 -1 -3 -5 -22 23 24 25 26 -23 28 29 -25
right_child=1 19 -4 20 -6 13 -8 8 11 -11 -12 -13 -14 -15 -16 -17 -18 -19 -20 -21 21 22 -24 27 -26 -27 -28 -29 -30 -31
leaf_value=0.09462706651834274 -0.12474948452646294 -0.10028365041327225 -0.10015225829142205 -0.061064466575173726 -0.10939371730925923 0.017616410821377975 -0.13339294961896209 0.056670271073636563 0.049858042803378119 -2.0718760756963568 -0.11847692411153794 -0.03102665533599195 -0.12253421941698542 0.074650084593083019 -0.12826665533032156 0.074067220984828194 -0.11855269660034735 0.080030784580465905 -0.11585302659392134 0.083823119925064693 0.09893615557402699 -0.13841850044371093 0.097889492521486141 0.010081682451434426 -0.12439559217831092 -0.16248233828513026 0.061265165173733108 0.098884085979063993 0.099382527379962851 -0.11962287004165616
leaf_weight=0.27808440753202823 0.39011152332532262 0.15990684075158812 1.1418134453537039 0.94269380939456837 0.47052383252747532 5.6638414022130323 0.80986148328975183 0.41491773472819149 3.0906987453118675 0.050810262361054348 0.69241805801734546 3.0321127085277433 1.2353963301796893 1.9489188677063687 0.56409889283250336 1.7228777678683398 0.83739956598492415 2.9217295946056585 0.3501074961373476 2.6658918117104093 0.85149233106149935 0.45722088959944907 0.6216208705287859 31.164829832754297 1.5876104892824932 0.52364069211762387 3.0927031569054737 0.95510800858028133 0.73902577461444607 0.64322898536920448
leaf_count=44 3292 677 69694 23 280 354 96 431 23 29 301 29 255 12 17 3 16 268 224 36 50 137 126 3354 17 5 19 15 35 5
internal_value=0.00552487 0.0110513 -0.0042888 0.006853 0.000256089 0.002441 -0.0111525 -0.00294801 -0.0221267 -0.137049 0.0324222 0.00980267 -0.0774791 0.0187425 0.00634421 0.0155773 7.69977e-05 0.0618553 -0.0226789 0.0734049 0.00808774 0.00969195 0.00778192 0.00635168 -0.0276245 0.0100906 0.0355464 0.0120929 0.00954602 0.00745877
internal_weight=70.0207 44.7951 25.2256 41.9693 24.0838 23.6133 12.8761 12.0663 7.82394 1.70112 4.24234 6.12281 1.65031 10.7371 8.78822 8.22412 6.50124 3.54992 0.628192 2.8258 41.5792 40.6365 39.785 39.1634 5.66118 4.07356 3.54992 33.5022 32.5471 31.8081
internal_count=79867 7791 72076 7078 2382 2102 1700 1604 767 715 837 52 686 402 390 373 370 536 268 713 3786 3763 3713 3587 178 161 156 3409 3394 3359
is_linear=0
shrinkage=0.1


Tree=80
num_leaves=31
num_cat=0
split_feature=4 6 7 3 3 0 14 3 14 12 3 3 3 8 12 3 0 3 12 2 7 2 9 14 10 4 14 7 12 12
split_gain=0.37261 0.361983 0.842715 0.962866 0.860349 0.69906 0.907371 0.687819 0.678606 0.700801 0.625512 0.826288 0.773153 0.633809 0.982046 0.723785 0.589755 0.897275 0.882562 0.702604 0.576029 0.537485 0.518006 0.77797 0.514683 0.593288 1.87558 0.91608 1.79979 1.3847
threshold=5.5000000000000009 4.5000000000000009 0.79285714285714304 0.59675307672165501 0.61633428300094983 0.84523809523809534 30.30057998453368 0.88273491214667699 21.311442682178001 62.500000000000007 0.87841832963784194 0.86319073083778985 0.85215543412264738 0.29442724458204339 56.500000000000007 0.41206791995148578 0.73214285714285732 0.76506899055918676 13.500000000000002 0.7231800766283526 0.46410256410256417 0.56787469287469294 1.0000000180025095e-35 15.06563971653374 1.0000000180025095e-35 2.5000000000000004 22.026795727505853 0.24068965517241384 19.500000000000004 28.500000000000004
decision_type=2 2 2 2 2 2 2 2 2 2 2 2 2 2 2 2 2 2 2 2 2 2 2 2 2 2 2 2 2 2
left_child=1 2 3 -1 -5 6 7 10 9 -7 11 12 13 14 -3 -16 17 20 19 -19 -15 -22 24 -24 25 26 27 28 -6 -30
right_child=-2 5 -4 4 22 8 -8 -9 -10 -11 -12 -13 -14 16 15 -17 -18 18 -20 -21 21 -23 23 -25 -26 -27 -28 -29 29 -31
leaf_value=-0.091944502793171248 0.099508340138406842 -0.064871721786752712 0.10003502753550497 0.090696802808369684 -0.12243669048829793 -0.1266926626403157 -0.10455137182885166 -0.13028577371900074 0.10017187900348823 0.098915917772587625 0.099709643414196164 -0.12035692648748929 0.075775113271519146 -0.07571210424481857 -0.13701360685876027 0.058849321010627467 0.084570192960126314 -0.10738304159871943 0.098901549613150397 0.099804562653339923 0.014461610104445993 0.10008905838014991 -0.037985157374581774 0.099975056009487445 -0.098239560265493908 -0.010257058560193096 0.099322838604895172 0.026350420333001775 0.089164949264873825 -0.011462322715148077
leaf_weight=0.96472287422379466 0.4150948433943985 3.6744464120427986 0.99272190555622941 1.2540793152819123 1.3100492032978337 0.33691656556696514 1.0399544575619533 0.44595010907239618 1.0901719581993345 0.23283354927116306 0.55709280009486128 0.62893234847540114 1.1377870340228007 0.50007077454547655 0.22053042719682014 1.3059704265619432 0.90443190588290256 1.5150007378880295 0.30833602380487457 0.18349987383443056 2.5765039292870053 1.0245689419784016 0.58983945238785085 1.3313443155209557 0.48148914613015747 15.277995482192024 2.3707396833837242 12.471084510604923 1.5524015530733279 11.480490881814214
leaf_count=14758 9 33301 144 1678 11255 105 68 328 17 5 38 342 286 8416 253 1122 86 167 85 20 60 21 32 91 6 1985 20 314 1721 3134
internal_value=0.00505279 0.00447416 0.00881743 0.00697257 0.0089557 -0.00782565 -0.0142252 -0.00795582 0.0539487 -0.0344957 -0.00420316 -0.00834398 -0.00306739 -0.0104123 -0.036864 0.0305534 0.00920635 -0.00195306 -0.0567442 -0.0849992 0.0248582 0.0388241 0.00676838 0.0576187 0.00459474 0.00570833 0.0140661 0.00652819 -0.0107071 0.000523807
internal_weight=68.1751 67.76 50.077 49.0842 48.1195 17.683 16.0231 14.9831 1.65992 0.56975 14.5372 13.9801 13.3511 12.2134 5.20095 1.5265 7.01241 6.10798 2.00684 1.6985 4.10114 3.60107 46.8654 1.92118 44.9443 44.4628 29.1848 26.814 14.3429 13.0329
internal_count=79867 79858 35138 34994 20236 44720 44593 44525 127 110 44197 44159 43817 43531 34676 1375 8855 8769 272 187 8497 81 18558 123 18435 18429 16444 16424 16110 4855
is_linear=0
shrinkage=0.1


Tree=81
num_leaves=31
num_cat=0
split_feature=4 12 12 2 14 12 12 4 14 7 8 8 14 7 7 12 7 1 12 7 12 12 15 12 14 14 14 14 14 12
split_gain=0.338695 0.303004 0.403507 0.900953 0.439207 0.685406 0.434556 0.637613 0.420752 0.364805 0.342242 1.08541 0.93075 1.08002 0.912613 1.08933 0.801572 0.790242 0.731587 0.700796 0.837122 0.726652 1.17629 0.771832 1.89977 108.807 366.692 1.48545 1.99574 0.903351
threshold=5.5000000000000009 75.500000000000014 70.500000000000014 0.5913729128014843 13.48939424335123 71.500000000000014 66.500000000000014 2.5000000000000004 13.414209121371345 0.15504807692307696 0.30037593984962413 0.40491259795057272 16.759492328421114 0.42261904761904767 0.24068965517241384 23.500000000000004 0.40588235294117653 0.96225071225071235 18.500000000000004 0.18019480519480521 25.500000000000004 26.500000000000004 1.0000000180025095e-35 53.500000000000007 18.143056102308858 16.169535320418149 17.731989448711584 15.501959961563546 12.308275783957226 57.500000000000007
decision_type=2 2 2 2 2 2 2 2 2 2 2 2 2 2 2 2 2 2 2 2 2 2 2 2 2 2 2 2 2 2
left_child=1 2 6 -4 5 -5 10 -8 -7 -3 16 12 13 18 -13 -16 19 -18 -12 20 -1 22 -22 24 25 -23 -27 28 29 -25
right_child=-2 9 3 4 -6 8 7 -9 -10 -11 11 14 -14 -15 15 -17 17 -19 -20 -21 21 23 -24 27 -26 26 -28 -29 -30 -31
leaf_value=-0.07812854989484419 0.099334708042436104 -0.10782556798341925 -0.12425314885207338 0.099157102146568352 0.092676155941952443 0.010155568180014837 -0.12977460544065259 0.10012144783830952 -0.1246231480795269 0.10005742000431116 -0.12372257693549192 -0.10485698403001663 0.096306354774104985 0.10009734958476835 0.0020093372696440965 0.090653907856671601 -0.085657358394539668 0.017012011056736265 0.039624168510246721 0.043477656885509454 0.096949480687869183 -0.059234095546472389 -0.12226774287038181 0.051572446476171707 0.001620285203357383 -0.10045283682630933 -47.807563387412713 0.099498339234359745 -0.10774347693908409 -0.10784675714147901
leaf_weight=1.4662443909937106 0.37621789319564314 0.45428966118293956 0.31597620339401489 0.68212589846325533 1.4950044463548691 0.83420060301170884 0.52212814233602145 0.1568913459777832 0.32065742695704103 0.10368160139682914 0.67569680518732089 0.75637108698969058 2.5282835198023457 0.70497466585766266 28.09194485562918 1.4582571737524528 2.19611813353362 1.1382438178112999 0.46142284162608549 3.4404727482901825 1.4927139276293271 2.4859635693272915 0.29278532054351547 3.0515462042293104 7.3916991337700138 0.0070620571450514362 0.0020873636239377331 1.743348928168732 1.4223510553019592 0.40230854750706146
leaf_count=51973 9 800 206 24 27 68 369 2 4 6 7300 2490 318 11 1172 56 32 37 3444 630 289 8445 249 513 150 75 13 27 359 769
internal_value=0.00472146 0.00418291 0.00480766 0.0371271 0.052431 0.0196779 0.00290263 -0.0766558 -0.027267 -0.069197 0.0037852 0.010326 0.0569151 0.00285037 0.00360754 0.00638381 -0.00476318 -0.0506093 -0.0574394 0.00182635 -0.00542638 0.000401306 0.0610023 -0.00615393 -0.0238478 -0.0992961 -10.9844 0.0202732 -0.00805155 0.0330031
internal_weight=66.4711 66.0949 65.5369 3.64796 3.33199 1.83698 61.8889 0.679019 1.15486 0.557971 61.2099 34.677 4.37038 1.84209 30.3066 29.5502 26.5329 3.33436 1.13712 23.1986 19.7581 18.2919 1.7855 16.5064 9.88681 2.49511 0.00914942 6.61955 4.87621 3.45385
internal_count=79867 79858 79052 329 123 96 78723 371 72 806 78352 14791 11073 10755 3718 1228 63561 69 10744 63492 62862 10889 538 10351 8683 8533 88 1668 1641 1282
is_linear=0
shrinkage=0.1


Tree=82
num_leaves=31
num_cat=0
split_feature=8 12 12 6 3 7 12 12 14 14 14 14 14 14 14 7 3 0 12 14 1 4 3 7 8 14 7 3 2 7
split_gain=493.653 3726.9 14144.2 44944.4 1.62273 1.10634 0.987669 0.777327 2.33649 9.06832 0.950252 0.69232 1.02879 0.687946 0.998933 0.544838 0.4834 0.728668 0.816362 1.49667 0.501199 0.468879 0.518876 0.448086 0.427697 1.27897 0.9075 0.761598 0.757997 0.639533
threshold=1.0000000180025095e-35 29.500000000000004 28.500000000000004 1.5000000000000002 0.87841832963784194 0.12310606060606062 34.500000000000007 53.500000000000007 18.143056102308858 15.501959961563546 11.395053019537224 15.501959961563546 13.529702120382128 13.48939424335123 13.340766722023588 0.18019480519480521 0.41206791995148578 0.47222222222222227 54.500000000000007 13.314060164286476 0.7593103448275863 2.5000000000000004 0.86319073083778985 0.87867647058823539 0.42330316742081459 16.759492328421114 0.35504201680672276 0.90595518867924552 0.58236434108527135 0.65686274509803932
decision_type=2 2 2 2 2 2 2 2 2 2 2 2 2 2 2 2 2 2 2 2 2 2 2 2 2 2 2 2 2 2
left_child=1 2 4 -4 -1 -2 15 8 9 10 -3 12 13 14 16 -7 -9 20 -19 -20 -18 22 -8 24 25 28 -27 -28 -17 -30
right_child=5 7 3 -5 -6 6 21 11 -10 -11 -12 -13 -14 -15 -16 23 17 18 19 -21 -22 -23 -24 -25 -26 26 27 -29 29 -31
leaf_value=-0.064697726835561145 -0.10015581995165646 0.057051366638536195 48.995724226344834 0.09874747629026126 0.086437187804913787 -0.12053992027759364 -0.098670045589914046 -0.13129763220724541 -0.0019924567570410797 -0.99975087911323568 -0.1174465366697328 0.070921121832013628 -0.11843585491676574 0.070964442170098799 -0.11506038424102449 0.066219768594971293 -0.10339512669537743 0.06335617101419011 -0.10926441811943195 0.067250761375241386 0.076553981219349476 -0.047770803283900154 0.099744828045452649 0.097242366726460694 -0.00095281976990842015 0.09139034207538177 -0.056096938323015634 0.050597258227461951 -0.049065745176374971 0.10009502141344978
leaf_weight=1.6016618813836734 0.93997272964237666 0.41980515964127141 0.26484504547231313 0.6477003728401769 1.2767154928143041 0.33891707979634489 0.14092672123435601 0.2309206543111485 6.3832956275134682 0.11278286385853276 1.2160928182633766 1.6442643147888834 0.6749840192072315 1.5039536860422229 0.72121228372952817 0.88757208545957844 0.1683154062651514 0.93665879756372339 1.3990438503240912 0.73151819634949777 1.9245171990487504 0.29341379023392722 2.035122168509476 0.54021474941298819 27.98738545825455 3.0453606972974319 1.0243183524871395 1.9288394871292325 3.429987841075214 0.31373658566735674
leaf_count=658 69694 490 26 82 73 3292 672 81 55 37 281 15 35 5 20 1462 181 6 192 5 142 9 32 130 1669 99 18 45 354 7
internal_value=0.204196 0.591003 3.44163 14.29 0.00233875 0.00713825 0.00954148 -0.00712079 -0.0300479 -0.13246 -0.0726668 0.0116447 -0.000110763 0.0103759 -0.00453247 0.00570546 0.0102541 0.0165888 -0.014452 -0.0486588 0.0620816 0.0708944 0.086895 0.00679814 0.00553292 0.0226093 0.053088 0.0135898 -0.0168671 -0.0365656
internal_weight=64.7641 21.8583 3.79092 0.912545 2.87838 42.9058 41.9658 18.0674 8.13198 1.74868 1.6359 9.93539 8.29112 7.61614 6.11219 39.4963 5.39097 5.16005 3.06722 2.13056 2.09283 2.46946 2.17605 39.1574 38.6172 10.6298 5.99852 2.95316 4.6313 3.74372
internal_count=79867 2384 839 108 731 77483 7789 1545 863 808 771 682 667 632 627 7076 607 526 203 197 323 713 704 3784 3654 1985 162 63 1823 361
is_linear=0
shrinkage=0.1


Tree=83
num_leaves=31
num_cat=0
split_feature=1 3 8 6 1 1 14 2 12 8 12 6 2 1 7 12 14 14 8 12 6 12 3 12 7 7 3 1 12 4
split_gain=1041.45 7292.82 1132.76 1733.95 26.7213 491.312 499.618 323.081 669.862 174.86 5227.81 22225.1 9.7287 977.291 2.36093 6.81565 45.7883 1089.64 2737.57 12.5015 279.26 1.12317 1.00689 0.896369 1.42562 1.36822 0.850984 0.808036 0.791371 0.786909
threshold=0.49044430919050519 0.48834688346883476 1.0000000180025095e-35 1.5000000000000002 0.75809822361546508 0.75475575084001045 14.020049740406593 0.08452380952380957 30.500000000000004 1.0000000180025095e-35 29.500000000000004 1.5000000000000002 0.20881782945736441 0.78654607122668185 0.12310606060606062 30.500000000000004 10.797950479090593 10.782741243775057 0.10403138528138529 28.500000000000004 1.0000000180025095e-35 26.500000000000004 0.87841832963784194 16.500000000000004 0.65686274509803932 0.38675213675213682 0.59675307672165501 0.54601494396014949 29.500000000000004 2.5000000000000004
decision_type=2 2 2 2 2 2 2 2 2 2 2 2 2 2 2 2 2 2 2 2 2 2 2 2 2 2 2 2 2 2
left_child=1 2 3 -1 5 7 -7 8 -2 10 11 -9 13 -6 15 16 17 -14 -19 22 -21 23 -18 -16 25 -25 27 -11 -22 -23
right_child=4 -3 -4 -5 12 6 -8 9 -10 26 -12 -13 14 -15 21 -17 19 18 -20 20 28 29 -24 24 -26 -27 -28 -29 -30 -31
leaf_value=-152.10232857813287 -99.763299592845399 -271.87844543430396 -0.10000580458335635 -0.10006211998496908 -98.600689730880305 -99.644687993059847 -0.10005376663990438 -460.63882796800038 -0.10011950717875842 0.062408304411657824 -0.10261058943642734 -0.10001070122731469 -0.10006500132123748 -0.10917997084541534 0.007276126522884202 -0.0054256550987789422 -0.056501486319601328 -193.80309900236534 -0.10000572209131731 -7.2822475909491402 0.098490496531128111 0.082389713557281918 0.061490084865323529 -0.10687868169755771 -0.29348639370483021 0.10007156505592062 0.054644878073450677 -0.12626850813885795 -0.12468678643623783 -0.064956983933117177
leaf_weight=0.0013157701691933676 0.001003378385573738 0.0011038402987877281 0.020014647332508701 0.0017467992316824166 0.0010152213362763221 0.0010045740186795929 0.0010122520352524589 0.0013028217617849702 0.002056887547041697 0.32408836134239782 0.19432683433119369 0.0053549251312922166 0.081851198757604382 0.13172579135114112 34.332443832408487 17.062966049972367 1.555919824186603 0.0010325081968858276 0.0024870913327958988 0.055716659470723906 0.58776405263899545 2.9504627372470433 1.3514108167833687 0.8554003678459422 0.24081548396497954 0.50989304876727648 1.1192551954312435 0.75755602604778016 0.21774470732121642 0.41320640039729983
leaf_count=32 279 464 5034 80 79 68 22 64 78 5242 516 207 13977 3083 2764 6055 15052 13 155 66 150 616 4437 457 3 12 9638 11037 171 16
internal_value=-0.0283236 -20.7774 -8.76657 -65.4047 -0.020329 -0.347069 -49.6829 -0.305695 -32.777 -0.264323 -3.08783 -90.2206 -0.00729787 -0.862456 -0.00541285 -0.0325544 -0.152665 -2.44278 -56.9247 -0.100786 -0.43543 0.00903206 -0.00165561 0.00386028 -0.0691574 -0.0295894 -0.00648285 -0.0697361 0.0381613 0.0642891
internal_weight=62.783 0.0241811 0.0230772 0.00306257 62.7588 2.40696 0.00201683 2.40494 0.00306027 2.40188 0.200985 0.00665775 60.3519 0.132741 60.2191 20.9169 3.85393 0.0853708 0.0035196 3.76856 0.861225 39.3022 2.90733 35.9386 1.60611 1.36529 2.2009 1.08164 0.805509 3.36367
internal_count=79867 5610 5146 112 74257 27151 90 27061 357 26704 787 271 47106 3162 43944 40076 34021 14145 168 19876 387 3868 19489 3236 472 469 25917 16279 321 632
is_linear=0
shrinkage=0.1


Tree=84
num_leaves=31
num_cat=0
split_feature=7 12 4 14 8 12 12 2 14 14 3 6 12 14 12 4 12 7 15 12 14 12 14 12 12 14 12 3 6 6
split_gain=0.993107 1.56376 6.67867 25.3439 390.168 14.5599 804.924 7863.76 1.86313 1.45427 1.20889 1.05155 0.976638 0.924099 0.821553 6.41356 0.821379 0.488098 0.466964 8.64329 1.22104 1.36261 1.38659 1.122 1.09476 1.08393 0.82572 0.642092 0.444898 0.417496
threshold=0.12310606060606062 39.500000000000007 2.5000000000000004 16.169535320418149 1.0000000180025095e-35 28.500000000000004 29.500000000000004 0.77913279132791347 22.026795727505853 24.643985043267573 0.94494949494949509 5.5000000000000009 28.500000000000004 22.026795727505853 42.500000000000007 2.5000000000000004 34.500000000000007 0.18019480519480521 1.0000000180025095e-35 43.500000000000007 15.501959961563546 74.500000000000014 10.797950479090593 71.500000000000014 55.500000000000007 10.782741243775057 75.500000000000014 0.41206791995148578 7.5000000000000009 2.5000000000000004
decision_type=2 2 2 2 2 2 2 2 2 2 2 2 2 2 2 2 2 2 2 2 2 2 2 2 2 2 2 2 2 2
left_child=1 2 3 5 -5 10 7 -7 12 -10 -1 -11 28 14 15 -3 17 -2 19 -16 21 22 25 24 -21 -20 -23 -26 -4 -29
right_child=16 13 8 4 -6 6 -8 -9 9 11 -12 -13 -14 -15 18 -17 -18 -19 20 23 -22 26 -24 -25 27 -27 -28 29 -30 -31
leaf_value=-0.10173454070620057 -0.11884058823723831 0.044367653256249195 0.011931871078100316 -41.802659267307227 -0.10062890093429722 -0.10001633840756288 -0.1158073606546078 -289.48693656811332 -0.13959444606887886 0.093195212892578455 0.087861979952099489 -0.12273312557812753 0.079584367655932908 0.078457804490450603 -0.74769528495824955 -0.8201445744659015 0.068108166582789106 0.005299262136379981 -0.1147492064002224 -0.12150217335015474 0.074150457306557269 0.080026728708038466 -0.11347459697248624 -0.11472448242182641 -0.12894910989275837 0.10056683188827034 -0.10786177696622748 0.013732714908897884 -0.11563586937377766 0.08827141935095488
leaf_weight=0.50726888551373728 0.31935210493918376 0.43221006963384212 0.89574300325353706 0.0023979370894973697 0.03484798183190102 0.0099678418648995182 0.73971661341654027 0.0010366743638468021 1.2959241912561184 0.66972181244811424 0.99779380397541395 0.3400436667945822 2.579990181130543 1.4267373214538555 0.16007843352940287 0.10707267895097416 2.1264088483045702 38.526655995079935 0.34490379614225475 0.46231186287566162 2.3406943769820794 1.5784122402228602 1.7369630403633218 0.71095176451651276 0.20350320564205082 0.72580450773239136 0.27459251227712744 1.3725074885578581 0.39348130911522505 1.6605753610703144
leaf_count=52993 3292 947 1440 40 901 526 4416 41 832 344 2680 179 72 13 134 8 713 3786 1609 1257 32 25 772 571 120 1 339 256 991 537
internal_value=-0.00161148 -0.0187466 -0.052452 -0.198188 -2.78546 -0.155469 -0.515192 -27.3616 0.00166653 -0.0694905 0.02396 0.0204802 0.0440695 0.00233697 -0.00663076 -0.127278 0.00759137 0.00427871 -0.00100796 -0.0258729 0.0152219 -0.0143734 -0.0582998 0.000329393 0.0224435 0.0312078 0.052184 0.0430046 -0.0270028 0.0545417
internal_weight=62.9777 22.0053 8.46793 2.29303 0.0372459 2.25578 0.750721 0.0110045 6.1749 2.30569 1.50506 1.00977 3.86921 13.5373 12.1106 0.539283 40.9724 38.846 11.5713 4.56993 7.00137 4.66068 2.80767 4.40985 3.6989 1.07071 1.853 3.23659 1.28922 3.03308
internal_count=79867 72076 65455 61597 941 60656 4983 567 3858 1355 55673 523 2503 6621 6608 955 7791 7078 5653 2875 2778 2746 2382 2741 2170 1610 364 913 2431 793
is_linear=0
shrinkage=0.1


Tree=85
num_leaves=31
num_cat=0
split_feature=4 6 7 3 3 0 14 3 14 3 3 3 12 3 1 7 8 14 2 3 7 8 9 14 10 4 6 14 4 14
split_gain=0.318721 0.30329 0.765869 0.67477 0.646105 0.605337 0.723421 0.630387 0.622088 0.529039 0.656959 0.587623 0.506294 0.490404 0.98728 0.614677 0.514945 0.656387 0.607651 1.05812 0.840075 0.662921 0.434932 0.753651 0.464972 0.462779 1.41184 0.795971 0.882775 3.69309
threshold=5.5000000000000009 4.5000000000000009 0.79285714285714304 0.59675307672165501 0.61633428300094983 0.84523809523809534 30.30057998453368 0.88273491214667699 21.311442682178001 0.87841832963784194 0.86319073083778985 0.85215543412264738 62.500000000000007 0.51899951899951913 0.88410184442662398 0.8047619047619049 0.21889880952380955 20.614721096663278 0.68237250554323736 0.77015755329008351 0.46410256410256417 0.25078616352201266 1.0000000180025095e-35 15.06563971653374 1.0000000180025095e-35 3.5000000000000004 3.5000000000000004 24.643985043267573 2.5000000000000004 22.026795727505853
decision_type=2 2 2 2 2 2 2 2 2 2 2 2 2 2 2 2 2 2 2 2 2 2 2 2 2 2 2 2 2 2
left_child=1 2 3 -1 -5 6 7 9 12 10 11 13 -7 -3 -15 16 17 -16 19 20 21 -18 24 -24 25 27 -27 28 -6 -30
right_child=-2 5 -4 4 22 8 -8 -9 -10 -11 -12 -13 -14 14 15 -17 18 -19 -20 -21 -22 -23 23 -25 -26 26 -28 -29 29 -31
leaf_value=-0.082939112737445586 0.099288804195887967 0.038292846464905744 0.10003255366007342 0.088004510041827327 0.011575076004288245 -0.12117977530678076 -0.097240938487659245 -0.12802819456835376 0.10014702795864779 0.099656122182555207 -0.11656085970441653 0.071899316210857822 0.098463767710013944 -0.099080907954899919 0.0089432105475051472 -0.070571143904415795 0.093861488030820506 -0.11582949455468478 0.088029603357995256 -0.11273176701035009 0.058688261209064618 -0.11570832326621405 -0.038812433871451217 0.099927311010667652 -0.094775837675779614 -0.069216392414313668 0.099230168158720558 0.0456481493600066 0.012480140592268514 -0.14836811482808343
leaf_weight=0.83399738137289503 0.35189309704128291 1.7710128331432446 0.88648485255293152 0.98335941503564228 24.812621489382387 0.2907519119756905 0.97931610627900489 0.42496734329181762 0.9564240680125522 0.47212787360221753 0.53530876643193792 0.95531965825889464 0.16422120658535277 1.3234650101547139 1.0801125161073217 1.2317183541194419 0.20403564987137046 0.6915733847202058 1.1145922133982402 0.6437924302182777 2.3001319785686243 0.58003179940841909 0.58246991871464215 1.1944056780054668 0.47194053791656543 2.3180304223854971 0.63357966543139799 4.8985764407707455 5.782440144775066 1.895310675747871
leaf_count=14758 9 20856 144 1678 16444 105 68 328 17 38 342 286 5 17627 2674 34 552 206 479 439 32 632 32 91 6 304 30 149 1032 470
internal_value=0.00439214 0.00384481 0.00799833 0.00616106 0.00786647 -0.00812332 -0.0142869 -0.00819164 0.0543572 -0.00424482 -0.00819094 -0.00331431 -0.0419001 -0.00988195 -0.0191866 -0.00570994 0.0063686 -0.0397615 0.0232456 0.00387648 0.0282172 -0.0611726 0.00601614 0.0544476 0.00390755 0.00506204 -0.0330584 0.00807139 0.00240594 -0.0272265
internal_weight=61.364 61.0121 45.2932 44.4067 43.5727 15.7189 14.3075 13.3282 1.4114 12.9032 12.4311 11.8958 0.454973 10.9405 9.16945 7.84599 6.61427 1.77169 4.84258 3.72799 3.0842 0.784067 42.5894 1.77688 40.8125 40.3406 2.95161 37.3889 32.4904 7.67775
internal_count=79867 79858 35138 34994 20236 44720 44593 44525 127 44197 44159 43817 110 43531 22675 5048 5014 2880 2134 1655 1216 1184 18558 123 18435 18429 334 18095 17946 1502
is_linear=0
shrinkage=0.1


Tree=86
num_leaves=31
num_cat=0
split_feature=4 12 14 7 4 14 8 7 7 6 11 15 3 7 9 14 14 3 1 3 7 7 14 8 7 8 3 4 2 4
split_gain=0.289439 0.272382 1.01154 3.38185 0.996274 1.47825 0.77244 0.574805 0.771577 0.560209 1.09516 1.36988 0.85494 0.434424 0.435519 0.733908 0.900576 0.409532 0.404473 0.654136 0.469144 0.439651 0.556537 1.25205 0.807817 1.50525 1.04457 0.490708 0.399606 0.358633
threshold=5.5000000000000009 1.0000000180025095e-35 22.867300583811076 0.74456521739130443 2.5000000000000004 21.311442682178001 0.96076923076923093 0.81534090909090928 0.8047619047619049 1.5000000000000002 1.0000000180025095e-35 1.0000000180025095e-35 0.95119047619047625 0.75500000000000012 1.0000000180025095e-35 15.06563971653374 14.6734880732507 0.51899951899951913 0.68243189102564117 0.22401433691756276 0.71714285714285719 0.68990384615384626 24.643985043267573 0.77871939736346529 0.42261904761904767 0.45084230875448772 0.85565476190476197 3.5000000000000004 0.74322344322344336 2.5000000000000004
decision_type=2 2 2 2 2 2 2 2 2 2 2 2 2 2 2 2 2 2 2 2 2 2 2 2 2 2 2 2 2 2
left_child=1 2 4 -4 5 9 7 8 13 10 11 -1 17 14 18 16 -16 -11 19 -3 21 22 23 29 25 26 -24 -28 -19 -20
right_child=-2 6 3 -5 -6 -7 -8 -9 -10 12 -12 -13 -14 -15 15 -17 -18 28 20 -21 -22 -23 24 -25 -26 -27 27 -29 -30 -31
leaf_value=0.099449543405474627 0.099076977094427018 0.090518129649983445 0.0063972978042854158 -0.29138648134885481 0.10045248484894342 -0.25345055578592202 0.09851672057367139 0.096833899448521887 -0.11017276047879904 0.097522285575663434 0.094703362646578609 -0.2269066439161451 -0.21143480045157356 0.057060129676750893 0.050877166393078745 0.099885195716950204 -0.15850835142847988 -0.073398874286393218 0.0071077194821489859 -0.11883087226652728 0.1000453100107184 -0.055449932220982948 -0.11640587495249839 -0.096053698708553167 0.059591948889981844 -0.083179685434262018 0.097783872940563107 -0.029914755291507795 0.09979330964582514 -0.015841450130885469
leaf_weight=0.23471776405742417 0.31905367240960814 0.19619037922185056 1.3563590700642743 0.5305538070679231 0.95703626525827212 0.24169293837978312 0.88518824416678299 0.66309358912108152 0.59408943355083366 0.28206024657998718 1.1885193098494702 0.28452938162624264 0.24926878511905659 1.5228492255492074 0.61254181282768705 1.1740718108755017 0.30905105592682958 0.71247987975522686 26.869751915309433 0.6238734614807504 0.48393394719730665 1.3364689019590503 0.33957572841426586 1.3716175066522911 3.8520450501168084 1.5035434629818807 1.5874884984914384 0.37130257548064838 0.16386131540529258 9.1210346805152387
leaf_count=116 9 797 52 25 106 8 17 66 5 857 142 220 1 40 60 103 3 1008 48363 23754 24 22 193 34 37 22 115 212 50 3406
internal_value=0.00408477 0.00357641 -0.016262 -0.0773322 0.0104487 -0.0152092 0.00587938 0.00431842 0.00313571 0.00327333 0.0417725 -0.0793823 -0.0434334 0.00444853 0.00283817 0.0474549 -0.0193391 -0.00728228 0.000876185 -0.0687466 0.00209521 0.00107259 0.00275066 -0.00228188 0.0273168 -0.00538401 0.0455083 0.0735777 -0.0410148 0.00129178
internal_weight=59.9378 59.6188 6.20108 1.88691 4.31417 3.35713 53.4177 52.5325 51.8694 3.11544 1.70777 0.519247 1.40767 51.2753 49.7525 2.09566 0.921593 1.1584 47.6568 0.820064 46.8368 46.3528 45.0164 37.3624 7.65396 3.80191 2.29837 1.95879 0.876341 35.9908
internal_count=79867 79858 2585 77 2508 2402 77273 77256 77190 2394 478 336 1916 77185 77145 166 63 1915 76979 24551 52428 52404 52382 51803 579 542 520 327 1058 51769
is_linear=0
shrinkage=0.1


Tree=87
num_leaves=31
num_cat=0
split_feature=15 1 8 0 8 3 14 12 3 6 4 7 12 12 8 14 12 14 14 14 7 11 4 7 12 14 12 14 12 3
split_gain=0.297022 1.19588 1.03293 0.759595 1.25408 0.80938 0.682103 0.680834 0.665805 0.954208 0.706629 1.28665 4.36111 1.60961 8.56166 1.05124 1.07792 1.62248 2.13744 1.03738 0.923331 3.62193 4.79028 11.0932 0.916735 0.875909 3.01165 0.681199 1.05477 0.799459
threshold=1.0000000180025095e-35 0.86184843624699281 0.55753467843631788 0.64583333333333337 0.85023364485981323 0.74133811230585434 10.281000107368325 73.500000000000014 0.8402898550724639 4.5000000000000009 2.5000000000000004 0.70294117647058829 1.0000000180025095e-35 1.5000000000000002 0.77871939736346529 13.48939424335123 1.5000000000000002 16.169535320418149 20.614721096663278 22.867300583811076 0.54195804195804198 1.0000000180025095e-35 3.5000000000000004 0.24068965517241384 54.500000000000007 18.706703179282737 35.500000000000007 22.026795727505853 6.5000000000000009 0.85895117540687183
decision_type=2 2 2 2 2 2 2 2 2 2 2 2 2 2 2 2 2 2 2 2 2 2 2 2 2 2 2 2 2 2
left_child=7 2 -2 4 6 -5 -3 -1 9 -7 15 12 -12 -14 20 24 17 -17 -19 -13 21 25 23 -23 -10 -15 27 -27 -29 -30
right_child=1 3 -4 5 -6 8 -8 -9 10 -11 11 19 13 14 -16 16 -18 18 -20 -21 -22 22 -24 -25 -26 26 -28 28 29 -31
leaf_value=0.013898711501611176 -0.11321436212764474 -0.10708700033130779 0.020386710028189921 0.08341794610506062 -0.078575926894936657 0.073673830441290097 0.079697018603339276 -0.09025921500451746 0.012504928164439552 -0.10406622230917464 -0.49666155071484691 0.10040509490818735 0.093770781728090627 0.071377330208747314 -0.81572667375861274 0.071953877563375387 0.046055513447226443 -0.27271114141854591 -0.0040524753139146502 -0.015866915799723505 0.065667899449585815 -0.10429945631206466 -0.11477804081441728 -1.8850205506947368 -0.11128920157180518 0.094015869545885589 -0.19681734303124254 0.090292850934207095 0.099790938085196346 -0.12236624913209707
leaf_weight=26.686552346832741 1.7090427227268836 0.20832971079728846 0.87497289788668231 1.0264084025587283 0.70294934084992133 0.38462743377327813 3.1773772210503166 0.64267463996593477 1.2783528354039462 1.4067884346957016 0.20881223873229604 1.2683674258947759 0.87584036142107446 0.89275341920612294 0.14304107020621071 0.84699257829947638 7.5738771956599322 0.48086487346790796 0.77087309198304865 1.9425239857139776 0.82172300387173969 0.093484853576979499 0.43730676469385832 0.055903605791359945 1.1243084025495589 0.79235257844823181 0.89508451124856936 0.56740459886913175 0.20093026934773528 0.83573676282244946
leaf_count=32053 40325 620 218 314 34 36 1284 518 1309 1033 39 20 101 260 4 104 785 38 14 44 10 52 14 10 84 162 15 180 11 176
internal_value=0.00381538 -0.00278746 -0.0679757 0.00301847 0.0429684 -0.00353502 0.0682038 0.0114493 -0.00726962 -0.0659044 -0.00251812 -0.0221339 -0.0467071 -0.0324962 -0.0517771 0.0137773 0.0284827 -0.0349339 -0.10726 0.0300629 -0.032238 -0.0491007 -0.281787 -0.770674 -0.0454237 -0.0164747 -0.0403027 0.0181568 -0.0193148 -0.079307
internal_weight=58.9263 31.597 2.58402 29.013 4.08866 24.9244 3.38571 27.3292 23.898 1.79142 22.1065 10.0313 6.82037 6.61156 5.73572 12.0753 9.67261 2.09873 1.25174 3.21089 5.59268 4.77096 0.586695 0.149388 2.40266 4.18426 3.29151 2.39642 1.60407 1.03667
internal_count=79867 47296 40543 6753 1938 4815 1904 32571 4501 1069 3432 1098 1034 995 894 2334 941 156 52 64 890 880 76 62 1393 804 544 529 367 187
is_linear=0
shrinkage=0.1


Tree=88
num_leaves=31
num_cat=0
split_feature=7 7 9 14 14 12 3 8 7 11 12 8 7 7 8 6 7 7 12 15 7 6 3 1 8 8 14 7 12 14
split_gain=0.275634 0.625361 0.510577 0.628023 0.807401 0.361714 0.341429 0.314519 0.94839 2.58074 3.00141 85.2383 0.925179 1.42914 0.794699 0.770788 0.730662 1.0745 0.705813 1.60064 0.662621 1.35493 0.520409 0.518896 0.515996 0.518533 0.470466 0.857554 0.964604 0.76136
threshold=0.81534090909090928 0.8047619047619049 1.0000000180025095e-35 15.06563971653374 14.6734880732507 1.0000000180025095e-35 0.70064935064935074 0.70483682983682994 0.51666666666666672 1.0000000180025095e-35 9.5000000000000018 0.59317129629629639 0.53589743589743599 0.65686274509803932 0.28136574074074078 5.5000000000000009 0.43303571428571436 0.40588235294117653 1.0000000180025095e-35 1.0000000180025095e-35 0.26201372997711675 3.5000000000000004 0.96824596774193561 0.89932432432432441 0.44504830917874399 0.59317129629629639 15.501959961563546 0.18019480519480521 25.500000000000004 13.529702120382128
decision_type=2 2 2 2 2 2 2 2 2 2 2 2 2 2 2 2 2 2 2 2 2 2 2 2 2 2 2 2 2 2
left_child=1 2 7 4 6 -2 -4 8 9 16 22 -12 15 -14 -10 -9 17 20 -15 -20 24 -22 23 -11 26 -26 29 28 -28 -1
right_child=5 -3 3 -5 -6 -7 -8 12 14 10 11 -13 13 18 -16 -17 -18 -19 19 -21 21 -23 -24 -25 25 -27 27 -29 -30 -31
leaf_value=0.0036115955755350727 0.0021889003189847602 -0.10266962489631769 -0.054319053189770539 0.099854895799420834 -0.13838311669298578 0.09665119035825899 0.099989303053876141 0.083799557546516384 -0.015067574461683192 -0.10386611807162492 -0.10519654285776613 -8.8999960805858969 -0.11623964704911234 -0.043609833787369552 0.064284366478969887 -0.022445367892829644 0.057685657581609477 -0.076633288285706966 -0.053679533471983412 0.059847689612207426 0.083270432959651697 -0.067450864512217254 -0.10589029990656679 0.089743171047345763 -0.11865350286915306 0.011560850007829932 -0.11089815608545797 0.087886653288973327 0.015486309817317682 -0.05665356401571623
leaf_weight=8.9060396632511818 0.92051568665398376 0.56233832240104575 0.20456710353402152 1.1872835077678812 0.32106317020952702 0.72434872438680775 0.47948591452048239 1.6188813950387653 1.7634517369096316 0.2172795549150679 0.3682210101351987 0.011360013284443582 1.4951840651980948 3.74076844709918 4.439081198476079 1.1809677797942815 2.4836335643759169 1.6726777804448101 2.0991745473590853 3.0411138696159381 2.5369063054986505 0.7797661959503438 0.74062749407041539 0.38145518368630871 0.70884383068410162 0.5378651347506036 0.64597135093340341 1.521323075771545 9.2712287566856251 2.7416536562269185
leaf_count=47945 104 5 30 115 3 73 33 33 28 9388 10065 19 30 27 79 21 41 21 32 42 41 51 115 392 102 9 4548 48 339 6088
internal_value=0.0034434 0.00225112 0.003322 0.0506103 -0.00755948 0.0437872 0.0538432 0.0013623 0.00580278 -0.000843054 -0.12019 -0.368405 -0.0120262 -0.0257909 0.0417237 0.0389858 0.00560703 0.0011959 -0.0105633 0.0134858 0.00590422 0.0478351 -0.0498448 0.0194828 0.000188881 -0.0624754 0.0035729 0.0179782 0.00725407 -0.0105737
internal_weight=57.3031 55.6582 55.0959 2.1924 1.00512 1.64486 0.684053 52.9035 39.7274 33.5249 1.71894 0.379581 13.1761 10.3762 6.20253 2.79985 31.8059 29.3223 8.88106 5.14029 27.6496 3.31667 1.33936 0.598735 24.3329 1.24671 23.0862 11.4385 9.9172 11.6477
internal_count=79867 79690 79685 181 66 177 63 79504 79319 79212 19979 10084 185 131 107 54 59233 59192 101 74 59171 92 9895 9780 59079 111 58968 4935 4887 54033
is_linear=0
shrinkage=0.1


Tree=89
num_leaves=31
num_cat=0
split_feature=4 7 7 9 14 14 12 3 8 7 8 8 14 4 8 8 7 7 6 12 7 6 14 14 12 15 12 6 8 14
split_gain=0.256701 0.228504 0.532033 0.435345 0.57493 0.651199 0.340287 0.30813 0.276424 0.839713 1.38694 1.06256 1.10216 3.21903 1.04324 0.892511 0.762782 1.10074 0.681689 0.671096 0.628972 0.619636 0.571581 0.78974 1.22054 1.16353 0.503135 0.792415 0.773879 0.743404
threshold=5.5000000000000009 0.81534090909090928 0.8047619047619049 1.0000000180025095e-35 15.06563971653374 14.6734880732507 1.0000000180025095e-35 0.70064935064935074 0.70483682983682994 0.43303571428571436 0.21401308615049078 0.44504830917874399 22.026795727505853 3.5000000000000004 0.59317129629629639 0.36681957186544351 0.53589743589743599 0.65686274509803932 5.5000000000000009 8.5000000000000018 0.37171052631578955 3.5000000000000004 22.522374801770173 20.614721096663278 1.5000000000000002 1.0000000180025095e-35 31.500000000000004 1.5000000000000002 0.30242329489935516 16.759492328421114
decision_type=2 2 2 2 2 2 2 2 2 2 2 2 2 2 2 2 2 2 2 2 2 2 2 2 2 2 2 2 2 2
left_child=1 2 3 8 5 7 -3 -5 9 11 -11 15 14 -14 20 19 18 -18 -10 -1 -13 -17 23 24 -19 -26 27 28 -21 -29
right_child=-2 6 -4 4 -6 -7 -8 -9 16 10 -12 12 13 -15 -16 21 17 22 -20 26 -22 -23 -24 -25 25 -27 -28 29 -30 -31
leaf_value=-0.05378523266287686 0.098774623057857169 0.0018112721204733421 -0.095951288119903277 -0.049484711053889324 0.099800153403729899 -0.12039477985315156 0.095941282307434844 0.099973731366565469 0.081222657630471581 -0.057378311612200229 0.050493826820561777 -0.11435994560414911 -0.3017709353309892 0.0083902368659295786 0.065199132962631953 0.08793324520742743 -0.10085608276297589 -0.091227088885927995 -0.020155162850238939 0.076581031870577493 0.06345493501218008 -0.10346396347068987 -0.049902972513135829 0.059073112173604884 -0.042065814370736983 0.084661754064268263 -0.0046243167114878676 -0.10822825544282491 -0.069283096369254532 0.016330158196070421
leaf_weight=2.1404113672962728 0.28521312254451814 0.91849519323333939 0.54260280728340049 0.20222796645892471 1.0620654034294812 0.33152038604021072 0.66003135372537258 0.4339210669662632 1.5089785728014202 1.4204787013079752 7.4067751534124193 0.88505782365903285 0.58296637331256285 0.78547533048210061 1.0081374808687922 1.7790839104497511 1.5479637239857318 1.4748633242582929 1.1835054444677644 3.1598072442472516 0.25660223027392581 0.18691873225022049 2.5044142390079323 1.9709341090638188 1.4670904872479662 1.4313388314072331 15.957516043698798 0.61759217338504679 0.41104313317632168 2.1376560670990052
leaf_count=33772 9 103 5 30 112 3 73 33 33 23 150 1302 35 11 108 1520 30 22 21 5452 24 2732 18 16 22 23 10481 22212 564 928
internal_value=0.00414537 0.0036632 0.00257481 0.0035675 0.0489988 -0.00675831 0.04117 0.0524618 0.00178816 0.00603357 0.0331351 -0.00196529 -0.0535878 -0.123741 -0.00893237 0.00491687 -0.0107756 -0.0230606 0.0366611 -0.000300722 -0.0743938 0.0697361 -0.00945125 0.00651727 -0.0171683 0.0205164 0.00483663 0.0287018 0.0597905 -0.0115898
internal_weight=56.2607 55.9755 54.3969 53.8543 2.02973 0.967669 1.57853 0.636149 51.8246 38.7355 8.82725 29.9083 3.51824 1.36844 2.1498 26.39 13.0891 10.3966 2.69248 24.424 1.14166 1.966 8.84864 6.34423 4.37329 2.89843 22.2836 6.3261 3.57085 2.75525
internal_count=79867 79858 79682 79677 178 66 176 63 79499 79314 173 79141 1480 46 1434 77661 185 131 54 73409 1326 4252 101 83 67 45 39637 29156 6016 23140
is_linear=0
shrinkage=0.1


Tree=90
num_leaves=31
num_cat=0
split_feature=4 1 3 3 14 14 14 12 14 3 3 3 12 2 7 8 1 3 12 12 14 14 12 12 12 12 12 0 10 7
split_gain=0.232747 0.209411 0.355124 0.518855 0.388312 0.851935 0.62252 1.35282 0.842435 0.476774 0.521057 0.451694 0.473825 0.442614 0.650851 0.457966 0.328509 0.318852 0.306862 0.947679 3.31559 10.5036 1.49307 0.814911 0.733537 0.82082 0.994551 0.97392 0.985585 0.657037
threshold=5.5000000000000009 0.68243189102564117 0.41206791995148578 0.41421362489486974 10.400492762981939 8.1547312023503284 12.703772534747346 56.500000000000007 13.314060164286476 0.60922587486744451 0.66260162601626027 0.61311827956989251 7.5000000000000009 0.59417229729729737 0.67543859649122817 0.41318840579710148 0.54601494396014949 0.6066017316017317 54.500000000000007 35.500000000000007 18.143056102308858 15.264090408514166 41.500000000000007 34.500000000000007 33.500000000000007 25.500000000000004 16.500000000000004 0.73214285714285732 1.0000000180025095e-35 0.38675213675213682
decision_type=2 2 2 2 2 2 2 2 2 2 2 2 2 2 2 2 2 2 2 2 2 2 2 2 2 2 2 2 2 2
left_child=1 16 -3 -4 5 -5 7 11 13 -10 -11 12 -6 14 -8 -15 -1 -18 19 23 21 -21 -22 24 25 26 -12 -28 29 -29
right_child=-2 2 3 4 6 -7 8 -9 9 10 18 -13 -14 15 -16 -17 17 -19 -20 20 22 -23 -24 -25 -26 -27 27 28 -30 -31
leaf_value=0.050480379477235417 0.098463173218278868 -0.12494688557970429 0.097870803950668592 0.071799748664637994 0.089790140920391323 -0.093676935625007618 0.077812903542240464 -0.10429472389782819 0.091334047509058172 -0.110451281760864 0.0049570173532825787 0.068560019718863927 -0.10976465396636562 -0.10718623652911906 -0.11861789732385751 -0.015803120531124443 -0.11899666962068026 0.02748885915501639 0.028174084966933945 -0.096195189509812554 -0.081718163753307538 -1.2813081626489091 0.047039461625001645 0.083564272048096772 -0.094483363710656659 0.046216975639110786 0.063464685765609388 -0.11509560135877617 -0.3131347650325213 0.10004679556808799
leaf_weight=0.2790726879296751 0.25884814641903986 0.21187948412441571 0.59201236023284209 0.43666639116679218 0.19460038501826588 1.082156902458872 0.53593201381998712 0.5862899313666502 0.63270613414771659 0.39488688502709735 24.671905649843019 3.9679220210552337 0.30621647823787029 1.3894782723683081 0.24615428596735001 0.90597961042785602 0.51989685757385284 0.20805980324123663 5.016343867986861 0.6016902991675791 1.5026642188580428 0.085400323255904187 2.2478131690180447 1.3570093151814173 0.73246391583211234 4.5037763890158322 0.37879866288084585 0.82660920677024285 0.2173660546541214 0.17138157339195459
leaf_count=11131 9 6811 182 6308 1786 11434 1860 550 1435 1264 8792 6281 2457 2600 2 37 10133 4120 266 413 30 48 30 44 56 529 780 473 1 5
internal_value=0.00386197 0.00341515 0.0042609 0.00477181 0.00373173 -0.0461019 0.00520217 0.038527 0.00157304 0.0051629 0.0038863 0.057265 -0.0322245 -0.0489826 0.0159882 -0.0711188 -0.0417654 -0.0771291 0.00495335 0.00183022 -0.0415459 -0.243496 -0.0045485 0.00768806 0.00441958 0.00677392 1.07221e-05 -0.0765405 -0.120177 -0.0781499
internal_weight=55.062 54.8031 53.7961 53.5842 52.9922 1.51882 51.4734 5.05503 46.4184 43.3408 42.7081 4.46874 0.500817 3.07754 0.782086 2.29546 1.00703 0.727957 42.3132 37.2969 4.43757 0.687091 3.75048 32.8593 31.5023 30.7698 26.2661 1.59416 1.21536 0.997991
internal_count=79867 79858 54474 47663 47481 17742 29739 11074 18665 14166 12731 10524 4243 4499 1862 2637 25384 14253 11467 11201 521 461 60 10680 10636 10580 10051 1259 479 478
is_linear=0
shrinkage=0.1


Tree=91
num_leaves=31
num_cat=0
split_feature=4 12 12 2 12 4 14 12 14 12 12 14 14 2 14 14 8 8 7 14 14 14 12 8 14 6 14 12 11 12
split_gain=0.211304 0.19954 0.26775 0.685255 0.420695 0.418321 0.315782 0.558641 0.285139 0.275182 0.309879 0.893314 0.350693 0.646099 0.616917 3.92947 38.6016 1.02681 0.89243 1.08559 0.76796 0.763201 1.03299 0.718941 0.590886 0.524921 0.467306 0.428558 0.555679 0.407666
threshold=5.5000000000000009 75.500000000000014 70.500000000000014 0.5913729128014843 66.500000000000014 2.5000000000000004 13.48939424335123 71.500000000000014 13.414209121371345 65.500000000000014 58.500000000000007 16.169535320418149 12.703772534747346 0.61620294599018022 16.285264543936979 16.169535320418149 0.85023364485981323 0.21889880952380955 0.46410256410256417 13.48939424335123 13.529702120382128 15.06563971653374 26.500000000000004 0.85023364485981323 10.6259565040744 4.5000000000000009 9.2761555134225357 18.500000000000004 1.0000000180025095e-35 8.5000000000000018
decision_type=2 2 2 2 2 2 2 2 2 2 2 2 2 2 2 2 2 2 2 2 2 2 2 2 2 2 2 2 2 2
left_child=1 2 4 -4 9 -6 7 -5 -9 10 12 -12 13 29 15 17 -17 21 20 -20 25 -14 -23 -21 26 -19 -15 28 -22 -1
right_child=-2 -3 3 6 5 -7 -8 8 -10 -11 11 -13 14 24 -16 16 -18 18 19 23 27 22 -24 -25 -26 -27 -28 -29 -30 -31
leaf_value=0.033995811859367571 0.098090859221593191 -0.068105827575656058 -0.1198699279203805 0.098904543396945377 -0.12456550007764061 0.10007817890830689 0.090237921388515552 0.0064313451612383922 -0.11821069119692147 0.066668791386858939 -0.10449098089869849 0.098710681658741264 -0.10946790410686208 0.068437225809545796 0.0071802252621348348 -0.034334436405895424 -4.3810059992323884 0.059776403359491172 -0.038466576255521495 0.097878065432657535 -0.11565551009217277 0.07499109574262991 -0.12011689835412305 -0.00067792211287223919 0.073150367309697414 -0.11322868490973365 -0.079960197908616942 0.025273310581980304 0.034849721148027736 -0.036488509703957804
leaf_weight=1.3726896315090864 0.23506127381551678 0.39099207792932489 0.2628587789593263 0.54113763748796395 0.46059084710709086 0.10108648240566254 1.0935166146155095 0.62758795094441666 0.25940105534391478 0.66754858489980406 0.81120767971309848 0.29502978058906137 1.5775111388054583 0.35552324779216249 29.593189243323337 0.24188201886453631 0.022316078205347645 1.020597320132993 1.4355812568246618 2.24988249764897 1.4533233540693511 0.68794257496949263 0.4481198418644442 1.103039487087617 2.950802740421743 0.21176851747302605 0.52638737074200481 0.39335947743112276 0.29512922885853976 2.0401640652097295
leaf_count=24064 9 806 206 24 369 2 27 68 4 101 808 11 6608 2432 4946 247 3 1271 26 59 2111 1136 71 27 3201 1336 1016 614 932 27332
internal_value=0.00348659 0.00307085 0.00359496 0.0337802 0.00192445 -0.0841358 0.0497969 0.0188311 -0.0300204 0.00289602 0.00202872 -0.0502978 0.00323519 0.0235063 -0.000370563 -0.0204283 -0.401486 -0.0111719 0.00654389 0.0342998 -0.0328462 -0.0644626 -0.00196926 0.0654553 0.0516849 0.0300474 -0.020137 -0.0690342 -0.0902511 -0.00813889
internal_weight=53.7252 53.4902 53.0992 2.7845 50.3147 0.561677 2.52164 1.42813 0.886989 49.753 49.0854 1.10624 47.9792 7.24557 40.7336 11.1405 0.264198 10.8763 8.16268 4.7885 3.37418 2.71357 1.13606 3.35292 3.83271 1.23237 0.881911 2.14181 1.74845 3.41285
internal_count=79867 79858 79052 329 78723 371 123 96 72 78352 78251 819 77432 58045 19387 14441 250 14191 6376 112 6264 7815 1207 86 6649 2607 3448 3657 3043 51396
is_linear=0
shrinkage=0.1


Tree=92
num_leaves=31
num_cat=0
split_feature=15 8 1 8 6 0 8 9 12 3 3 6 9 14 12 12 12 14 3 7 8 12 14 7 11 7 3 12 7 7
split_gain=0.367721 1.02708 0.986081 0.821426 0.775646 0.63375 1.0777 0.591138 0.574323 0.573013 0.591305 0.748803 0.558322 0.550396 0.52311 2.39117 1.08008 0.96397 0.863638 1.20866 1.56609 0.768365 1.32477 0.675104 0.649632 1.06907 0.48298 0.464512 0.57661 0.569007
threshold=1.0000000180025095e-35 0.85023364485981323 0.86184843624699281 0.55753467843631788 8.5000000000000018 0.64583333333333337 0.85023364485981323 1.0000000180025095e-35 73.500000000000014 0.74133811230585434 0.8402898550724639 4.5000000000000009 1.0000000180025095e-35 10.281000107368325 42.500000000000007 35.500000000000007 34.500000000000007 15.501959961563546 0.86319073083778985 0.65686274509803932 0.77871939736346529 74.500000000000014 10.995331816076487 0.54195804195804198 1.0000000180025095e-35 0.21240601503759401 0.68457101658255248 1.5000000000000002 0.24068965517241384 0.53589743589743599
decision_type=2 2 2 2 2 2 2 2 2 2 2 2 2 2 2 2 2 2 2 2 2 2 2 2 2 2 2 2 2 2
left_child=1 4 3 -2 8 6 13 -6 27 -7 11 -11 14 -4 15 16 18 21 -12 20 23 22 -16 24 25 -20 -5 28 -1 -29
right_child=2 -3 5 26 7 9 -8 -9 -10 10 12 -13 -14 -15 17 -17 -18 -19 19 -21 -22 -23 -24 -25 -26 -27 -28 29 -30 -31
leaf_value=-0.11192308709879527 -0.11039977847150775 0.078998777430987252 -0.10553205044716392 -0.056178289424777386 -0.069892462543690609 0.078045971403430225 -0.072588819895154796 0.099997556006816049 -0.084506593687648901 0.071559072721374295 0.088604063053971185 -0.098283914141152659 0.099994433756090462 0.081856952966523774 0.060798382868092742 -0.1997256829934082 0.099886899612348631 0.072206919654230733 -0.116899827171763 0.0061585809204858667 -0.27315662279391595 0.048012775380322163 -0.11225168459792101 0.035940873875967824 -0.12330475486833836 0.027557841367382603 0.099668661407953899 0.02094275196646217 0.1000974993899634 -0.023172370840761951
leaf_weight=0.14497857046705909 1.4459196502175413 2.2640395988485222 0.16671229407975063 0.43000164614235603 1.8010103890134024 0.85072821268825904 0.64719896193360904 0.23109049219795652 0.57558211979315288 0.32536867753420873 0.79097525592048334 1.2838142874443979 0.53348131218238748 2.6210619973553255 0.6778170104518052 0.66023919162323075 0.91829314667200002 2.2786492909378184 0.8612231320766951 7.14199199672598 0.32032656453247899 1.2608971624385956 1.273600851519842 0.84771298469377088 1.1876508995950201 1.2644872822676965 0.36992288777709015 16.230611635797654 1.1130072957103216 3.5661747370577315
leaf_count=1561 40325 57 620 179 11060 314 34 12 360 36 289 1033 68 1284 5 104 18 21 2406 95 6 24 158 14 205 19 39 19372 29 120
internal_value=0.00606009 0.0146532 -0.00185203 -0.0654169 0.00849661 0.00365722 0.0436624 -0.0505726 0.014046 -0.00245637 -0.00562312 -0.0639425 -0.000934853 0.0706509 -0.00369836 -0.0139627 -0.0047636 0.0224587 -0.0125046 -0.0193851 -0.0600939 -0.0128302 -0.0521435 -0.043692 -0.0640658 -0.0309686 0.0158927 0.0167401 0.0756629 0.0129959
internal_weight=54.0846 25.9265 28.1581 2.24584 23.6625 25.9122 3.43497 2.0321 21.6304 22.4773 21.6265 1.60918 20.0173 2.78777 19.4839 13.9929 13.3327 5.49096 12.4144 11.6234 4.4814 3.21232 1.95142 4.16107 3.31336 2.12571 0.799925 21.0548 1.25799 19.7968
internal_count=79867 32571 47296 40543 32514 6753 1938 11072 21442 4815 4501 1069 3432 1904 3364 3156 3052 208 3034 2745 2650 187 163 2644 2630 2425 218 21082 1590 19492
is_linear=0
shrinkage=0.1


Tree=93
num_leaves=31
num_cat=0
split_feature=7 7 14 7 4 8 11 14 2 14 7 3 4 7 8 4 8 14 14 15 14 14 10 7 12 8 14 14 8 14
split_gain=0.342553 0.969607 1.20768 4.13913 0.917105 0.60067 0.492306 0.457098 0.497802 0.37677 0.874237 0.656775 0.539045 0.408069 1.04324 0.384465 6.36679 2.42747 3.42562 15.8 1.67055 3.17957 1.36279 1.09594 0.893725 0.799256 0.755784 1.09613 2.46549 0.843396
threshold=0.70294117647058829 0.74456521739130443 22.867300583811076 0.76696832579185525 2.5000000000000004 0.96076923076923093 1.0000000180025095e-35 19.77728587547897 0.69631093544137035 24.643985043267573 0.68990384615384626 0.82972848596410509 4.5000000000000009 0.42261904761904767 0.45084230875448772 2.5000000000000004 0.77871939736346529 22.026795727505853 22.522374801770173 1.0000000180025095e-35 18.143056102308858 17.731989448711584 1.0000000180025095e-35 0.42261904761904767 43.500000000000007 0.70483682983682994 16.759492328421114 16.169535320418149 0.85023364485981323 15.406569870506706
decision_type=2 2 2 2 2 2 2 2 2 2 2 2 2 2 2 2 2 2 2 2 2 2 2 2 2 2 2 2 2 2
left_child=5 6 4 -4 7 9 -2 8 -3 15 11 12 -11 14 -13 20 17 24 19 -19 21 22 26 -20 -17 -22 27 29 -29 -1
right_child=1 2 3 -5 -6 -7 -8 -9 -10 10 -12 13 -14 -15 -16 16 -18 18 23 -21 25 -23 -24 -25 -26 -27 -28 28 -30 -31
leaf_value=-0.0051420777366657268 0.027328619648867597 -0.012807412838796562 -0.39215289836101536 0.05886692214567734 0.10039499143552136 -0.10986475953194452 0.092305123142523204 -0.072799836993220554 0.10001904541267448 -0.11689543192542143 -0.1537766531890544 0.062405217110433377 0.071085644956966773 0.065259868104723229 -0.061311824053430275 0.027668341737332677 -0.75065138421347199 -1.9794358716149429 -0.12463925908608667 -0.11249084912876849 0.072655444173840719 -0.24120663942108345 -0.23199258053859506 0.056935420159491469 -0.12387763067230291 -0.014184523190981652 0.098954637387034972 -0.01977920286894598 -0.45519812959291478 0.068065411461206288
leaf_weight=16.81648414076912 2.7673596249369443 1.7851765673625912 0.33280487358570154 0.52362531894835773 0.94830268438157972 0.47644462255136133 2.0151894048126029 0.88315310475317366 0.50074202339392337 0.5001799181652079 0.26642797025851894 1.7304768513080095 0.21948223232218567 3.3134361713891876 1.1245071874654966 6.1476498175882437 0.11755725477594303 0.053297507572644121 0.73809127228331406 0.30327090100795023 4.4436771797639389 0.57149130620489685 0.25446829452930586 0.60478408357478541 0.41544591920442808 1.3918150159782081 0.75624508562379489 0.53872811330644677 0.17142325695103 1.7361669773270545
leaf_count=72961 36 47 3 50 28 10 24 37 93 175 3 388 17 55 18 2672 14 124 644 102 401 55 70 12 30 33 384 421 2 958
internal_value=0.00565276 0.0225582 -0.00835467 -0.116397 0.0141186 0.00178934 0.0547073 -0.0116984 0.0119078 0.00304948 0.0239629 0.0308377 -0.059565 0.0413849 0.0136762 -0.00121813 -0.019903 -0.00950614 -0.116024 -0.39155 0.00465062 -0.00858883 -0.00203155 -0.0428644 0.0180754 0.0519434 0.000891553 -0.00295834 -0.124885 0.00170872
internal_weight=52.4479 9.75635 4.9738 0.85643 4.11737 42.6916 4.78255 3.16907 2.28592 42.2151 7.15451 6.88808 0.719662 6.16842 2.85498 35.0606 8.3801 8.26254 1.69944 0.356568 26.6805 20.845 20.2735 1.34288 6.5631 5.83549 20.019 19.2628 0.710151 18.5527
internal_count=79867 318 258 53 205 79549 60 177 140 79539 656 653 192 461 406 78883 3598 3584 882 226 75285 74851 74796 656 2702 434 74726 74342 423 73919
is_linear=0
shrinkage=0.1


Tree=94
num_leaves=31
num_cat=0
split_feature=7 7 14 7 4 12 8 0 1 8 7 14 14 7 3 4 0 8 0 7 8 4 12 12 1 14 14 12 14 12
split_gain=0.293278 0.823118 0.992607 3.25712 0.82892 0.553053 0.434196 0.405775 0.621806 0.423552 0.652592 0.570267 0.319052 0.746751 0.564029 0.478836 0.361598 0.560919 0.764374 0.387439 0.648617 0.326211 3.60269 30.1826 310.537 1.4066 2.07126 1.31826 1.22569 1.35195
threshold=0.70294117647058829 0.74456521739130443 22.867300583811076 0.76696832579185525 2.5000000000000004 2.5000000000000004 0.96076923076923093 0.64583333333333337 0.85593137254901963 0.85023364485981323 0.81534090909090928 13.48939424335123 24.643985043267573 0.68990384615384626 0.82972848596410509 4.5000000000000009 0.61250000000000016 0.70483682983682994 0.84523809523809534 0.42261904761904767 0.45084230875448772 2.5000000000000004 4.5000000000000009 3.5000000000000004 0.99180327868852469 18.143056102308858 17.731989448711584 31.500000000000004 18.706703179282737 35.500000000000007
decision_type=2 2 2 2 2 2 2 2 2 2 2 2 2 2 2 2 2 2 2 2 2 2 2 2 2 2 2 2 2 2
left_child=6 5 4 -4 7 -2 12 8 -3 11 -11 -9 21 14 15 -14 -16 18 -18 20 -20 25 23 -23 -25 26 -1 -24 -29 -30
right_child=1 2 3 -5 -6 -7 -8 9 -10 10 -12 -13 13 -15 16 -17 17 -19 19 -21 -22 22 27 24 -26 -27 -28 28 29 -31
leaf_value=-0.0017490657659057374 0.02096435832297398 -0.038370946413893346 -0.34554762637915837 0.055140345023362937 0.10035728720916733 0.091033245235934548 -0.088136847958007747 -0.076734769501106623 0.096928269315038465 -0.1476891857158262 0.015710631851347905 0.097804556747020488 -0.11523958724867395 -0.14587131338585163 0.097033508178886396 0.067449258320165517 -0.071405477753892763 0.079106229222714264 0.053074769609056785 0.077810312446939534 -0.085156469771938678 0.080969221055772145 0.037329819183950765 -0.11710517645207219 -17.100645181549854 0.048869065584312796 -0.17806510352625662 0.065917018181565409 -0.0050929635763149609 -0.15587333772753409
leaf_weight=20.190491453129567 2.5742830040402223 0.66652151877662802 0.33947147428989388 0.50416497945615035 0.85836569556151676 2.0028892262599798 0.53116143035777597 0.35588543105404769 0.69268355685484262 0.62476168220746486 0.40149466877918361 0.39491960531773684 0.4587514409451926 0.25345033407211293 0.90518596177480493 0.20875790737398248 0.92877034826011629 1.5200721165856546 0.88011989915046507 1.1437537916935978 0.55256840409128927 0.59082092840289435 4.410498363811759 0.12683565032558686 0.011764683866566039 5.6008884719370249 0.68900927799356182 0.72720786573552798 1.159527899662635 1.2207038579878728
leaf_count=74796 20 24 3 50 28 40 10 10 50 13 43 37 175 3 40 17 179 26 184 23 9 930 2323 185 50 434 55 47 19 44
internal_value=0.00527125 0.0212264 -0.00753195 -0.106093 0.0132834 0.0516253 0.00170384 -0.0105479 0.0305808 -0.0420057 -0.0837635 0.015072 0.00285153 0.022573 0.0290435 -0.0581052 0.0388526 0.0283727 0.00637164 0.0344092 -0.00023914 -0.00103933 -0.018406 -0.230592 -1.5587 0.00436954 -0.00756737 0.00218116 -0.0477066 -0.0824208
internal_weight=51.5258 9.41544 4.83827 0.843636 3.99463 4.57717 42.1103 3.13627 1.35921 1.77706 1.02626 0.750805 41.5792 6.85143 6.59798 0.667509 5.93047 5.02528 3.50521 2.57644 1.43269 34.7277 8.24736 0.729421 0.1386 26.4804 20.8795 7.51794 3.10744 2.38023
internal_count=79867 318 258 53 205 60 79549 177 74 103 56 47 79539 656 653 192 461 421 395 216 193 78883 3598 1165 235 75285 74851 2433 110 63
is_linear=0
shrinkage=0.1


Tree=95
num_leaves=31
num_cat=0
split_feature=8 12 7 7 14 2 8 3 7 14 6 12 7 6 7 12 7 11 2 2 0 7 8 14 14 7 7 12 8 7
split_gain=0.399826 0.998879 1.05866 1.5938 1.74535 1.0395 0.841772 0.423419 0.349318 0.372671 0.284497 0.487707 0.26319 0.404606 0.375319 0.50278 0.611071 0.377541 0.321728 0.666534 0.458692 0.564145 0.413707 1.25151 1.27424 0.879231 0.884843 0.620686 0.785475 0.638654
threshold=0.77871939736346529 1.0000000180025095e-35 0.70294117647058829 0.73030303030303034 22.867300583811076 0.69631093544137035 0.96076923076923093 0.75716625716625729 0.69615384615384623 16.504247203347013 11.500000000000002 74.500000000000014 0.71714285714285719 6.5000000000000009 0.69615384615384623 2.5000000000000004 0.24068965517241384 1.0000000180025095e-35 0.84105263157894739 0.7593103448275863 0.64583333333333337 0.54772727272727284 0.55753467843631788 23.487196041850797 17.731989448711584 0.26969696969696971 0.22902097902097904 31.500000000000004 0.17673086933888607 0.19677419354838713
decision_type=2 2 2 2 2 2 2 2 2 2 2 2 2 2 2 2 2 2 2 2 2 2 2 2 2 2 2 2 2 2
left_child=10 2 -2 -4 6 7 -5 -3 9 -7 12 -12 14 -14 15 16 -1 -18 19 -17 21 -20 25 24 -24 26 27 28 -22 -30
right_child=1 5 3 4 -6 8 -8 -9 -10 -11 11 -13 13 -15 -16 18 17 -19 20 -21 22 -23 23 -25 -26 -27 -28 -29 29 -31
leaf_value=-0.10607660680095624 -0.12225097908925382 0.021381942486764338 0.087842503309800479 -0.10282141133676551 -0.20457515350271091 -0.0096912784905564577 0.062014393936753398 -0.072767575296998482 0.10056404812675157 0.069031470872626774 -0.10985335810655231 0.096524744369385296 0.10003894959756165 -0.037788985873688757 -0.050380002891256971 -0.0028167167128755697 0.078253996625576278 -0.017822472960704577 0.087045182060087503 -0.069159719768731157 0.086244220899581697 -0.068153880269654341 0.0042459871086360694 0.059309653322351996 -0.11291173448313836 0.059229088780115659 -0.10360058131649848 -0.0069831763320404201 -0.11096649011845967 0.035924467837063288
leaf_weight=0.24640396607522319 0.7648539857347586 1.2222025429380066 1.4371383667461177 0.4625504663546649 0.53619603095296398 0.82493677110064867 0.93818413445674342 0.78414629906048494 2.1203214898191391 2.2186734016625844 0.50968219290297212 0.14768683173098496 0.64447588411245993 0.31812442768012383 1.34281714921235 8.5945877179459256 2.0268219397696647 0.51240832213030607 1.2865280355770403 1.8382761980460092 1.8497161771807409 0.28634260012504675 1.9266399330614419 1.3798464151917382 1.7916338658142756 3.0289936370437109 0.78301981519956854 9.3289015684530359 0.45326704888551717 0.85302546412695557
leaf_count=9347 14 31 7 7 24 23 59 27 86 47 15435 145 62 12 23 47463 54 247 296 2139 823 8 27 21 30 44 13 743 2593 17
internal_value=0.00652804 0.0230901 -0.0160268 0.00805267 -0.0511487 0.0456697 0.00758233 -0.0154147 0.0694029 0.0476945 0.00174369 -0.0634877 0.00285772 0.054489 0.00153341 0.00345983 0.044276 0.0588661 5.5746e-05 -0.0145064 0.0066704 0.058791 0.00283872 -0.0220234 -0.0522059 0.0106163 -0.000481787 0.00598555 0.04432 -0.0150448
internal_weight=50.4584 11.3092 4.13892 3.37407 1.93693 7.17028 1.40073 2.00635 5.16393 3.04361 39.1492 0.657369 38.4918 0.9626 37.5292 36.1864 2.78563 2.53923 33.4008 10.4329 22.9679 1.57287 21.395 5.09812 3.71827 16.2969 13.2679 12.4849 3.15601 1.30629
internal_count=79867 325 111 97 90 214 66 58 156 70 79542 15580 63962 74 63888 63865 9648 301 54217 49602 4615 304 4311 78 57 4233 4189 4176 3433 2610
is_linear=0
shrinkage=0.1


Tree=96
num_leaves=31
num_cat=0
split_feature=7 8 12 14 4 6 3 7 3 2 2 2 14 3 3 14 14 12 0 12 12 15 12 6 8 8 8 12 7 12
split_gain=0.365899 0.708931 0.792023 0.776178 0.736593 0.652986 0.563479 0.506683 1.0437 0.589608 0.483326 0.703532 0.584054 0.563365 0.723801 0.512789 0.484967 1.11191 0.977821 0.822646 0.712615 0.757033 0.724264 0.652782 0.594415 0.797927 15.8757 1.01666 0.589367 0.552938
threshold=0.43303571428571436 0.20675406098603591 1.0000000180025095e-35 22.867300583811076 2.5000000000000004 6.5000000000000009 0.76631205673758884 0.69615384615384623 0.66260162601626027 0.95505050505050526 0.61620294599018022 0.63733075435203113 10.782741243775057 0.41421362489486974 0.41206791995148578 11.395053019537224 15.06563971653374 70.500000000000014 0.58571428571428574 54.500000000000007 35.500000000000007 1.0000000180025095e-35 34.500000000000007 8.5000000000000018 0.17673086933888607 0.59317129629629639 0.55753467843631788 6.5000000000000009 0.21807065217391305 2.5000000000000004
decision_type=2 2 2 2 2 2 2 2 2 2 2 2 2 2 2 2 2 2 2 2 2 2 2 2 2 2 2 2 2 2
left_child=10 -2 3 4 -3 7 -7 9 -9 -4 13 -12 -13 14 -1 -14 17 18 -17 20 21 23 -23 24 -18 26 27 28 -26 -25
right_child=1 2 5 -5 -6 6 -8 8 -10 -11 11 12 15 -15 -16 16 19 -19 -20 -21 -22 22 -24 29 25 -27 -28 -29 -30 -31
leaf_value=-0.11970505189936938 -0.065054649735268019 -0.014307685340579954 0.072670181239421774 -0.074072131827337198 0.10033077095652675 0.027029272446602855 -0.05432161346897843 -0.051132421921929141 0.10037532904547303 0.014644109562881048 0.088723373281108533 -0.10641647320254147 0.071707815316092868 -0.060927761014474696 0.097701518725519798 0.041821798981437008 0.074980255383874872 0.033328786011536542 -0.074358031733550753 0.090303910126808606 -0.039291989920775372 -0.049648965776685955 0.099604851377200154 0.099891083789953455 -0.11754242306655963 0.063411540091373217 -1.509695210153472 -0.057779957541262 0.10040290376486104 -0.11508890849176162
leaf_weight=0.21203345941583374 1.033917533676745 2.4191594479076044 2.3319962708271289 1.5564481703168658 0.7295062847784467 1.9734837614028682 1.4975316674692238 0.5465211922055907 2.705636607941071 7.0301679261775609 0.92673042009169648 0.50569419346895017 1.0152572083696636 2.4815702441589216 0.55128024008933652 0.90193731034348923 2.8514033873989346 2.331739427366017 3.6809815769107508 1.1524747251069118 3.1651400014214053 2.4362865893992436 0.37519104668444914 0.15674185417259501 0.13829901912969478 1.9482114761886435 0.069709607484549685 0.93495660018577509 1.2065524008940016 0.50545490163107409
leaf_count=12379 29 87 91 32 15 56 40 10 150 117 1796 2979 721 48581 320 3384 615 218 4601 27 84 2283 4 37 265 32 8 682 12 212
internal_value=0.00609368 0.0157656 0.0197848 -0.0163036 0.0122526 0.030341 -0.00806868 0.04091 0.0749146 0.0290977 -0.00156878 0.00327127 -0.000116438 -0.0378186 0.0373103 0.002234 -0.000993341 -0.0228899 -0.0514934 0.00914073 0.00235665 0.0147662 -0.0297311 0.0307817 0.0395798 0.0160928 -0.0231438 0.0223105 0.0779903 -0.0642032
internal_weight=49.372 21.8244 20.7905 4.70511 3.14867 16.0853 3.47102 12.6143 3.25216 9.36216 27.5476 24.3028 23.376 3.24488 0.763314 22.8703 21.8551 6.91466 4.58292 14.9404 13.7879 10.6228 2.81148 7.81133 7.14913 4.29773 2.34952 2.27981 1.34485 0.662197
internal_count=79867 627 598 134 102 464 96 368 160 208 79240 17960 16164 61280 12699 13185 12464 8203 7985 4261 4234 4150 2287 1863 1614 999 967 959 277 249
is_linear=0
shrinkage=0.1


Tree=97
num_leaves=31
num_cat=0
split_feature=7 7 12 12 6 12 8 11 7 9 3 1 2 14 14 12 12 15 12 14 4 12 7 7 0 12 14 14 12 14
split_gain=0.319099 1.10872 0.704312 0.799133 0.392695 0.635544 0.572525 0.491628 0.853277 0.592468 0.363037 0.448254 0.360717 0.603476 0.816778 1.21207 2.91741 3.04773 2.16328 1.21302 0.784379 3.71596 20.1644 0.580395 0.526134 0.523033 1.80331 0.43834 0.562816 0.997786
threshold=0.54195804195804198 0.53589743589743599 11.500000000000002 15.500000000000002 8.5000000000000018 30.500000000000004 0.77871939736346529 1.0000000180025095e-35 0.46410256410256417 1.0000000180025095e-35 0.96824596774193561 0.89932432432432441 0.85880398671096358 18.143056102308858 13.529702120382128 29.500000000000004 43.500000000000007 1.0000000180025095e-35 25.500000000000004 15.501959961563546 2.5000000000000004 4.5000000000000009 0.42261904761904767 0.42261904761904767 0.34848484848484856 42.500000000000007 20.614721096663278 13.48939424335123 54.500000000000007 13.008636723798896
decision_type=2 2 2 2 2 2 2 2 2 2 2 2 2 2 2 2 2 2 2 2 2 2 2 2 2 2 2 2 2 2
left_child=1 4 -2 -4 6 -6 7 8 12 10 11 -9 24 14 27 18 17 -17 -16 -18 -15 22 -22 25 -1 26 -23 28 29 -14
right_child=2 -3 3 -5 5 -7 -8 9 -10 -11 -12 -13 13 20 15 16 19 -19 -20 -21 21 23 -24 -25 -26 -27 -28 -29 -30 -31
leaf_value=0.022709509765808079 0.0072504794602557907 -0.14597717886659128 0.1004047322986264 -0.0056944190527295933 -0.077504704250476272 0.044573652504604176 0.082034458324305767 -0.10257389140721299 0.078222396397836638 0.091167276824551141 -0.11632157187101932 0.085011408076333284 0.087496186946923071 0.07750645568012858 -0.087654284616646608 -0.59901871024822817 -0.11094385864185302 -0.11565585277588111 0.099565013524013826 0.099536462666285616 -0.021813920742760035 -0.20388931976876032 -2.4449216429496774 0.10012436911963203 -0.035888309861015613 0.090902866941575497 0.024181205764490912 0.06408706589498929 -0.033726159673228485 -0.088917351184510218
leaf_weight=2.2274910322803727 14.122974425811433 0.51439962283812946 1.8842878259026443 1.1390163420741584 1.4076244671446121 0.61179902801069919 0.93588278886288989 0.25763941717096128 1.5322833823413322 0.24829852252560147 0.86070123081888161 0.25197294925934954 1.2778454603603295 2.4021591346566042 1.2681286610112348 0.20548724241825123 0.58366622236258059 0.35720154568837803 1.2023465170267758 0.51576007021247339 0.27410697997729094 0.39703998497920778 0.039262456120923162 0.94779362268216605 4.9093367174065952 0.69944286734971672 2.7333613824623013 1.4999278100339379 2.1452108397302254 0.42798849533480354
leaf_count=23977 463 5 36 19 22314 3314 24 12342 31 15 182 302 1345 69 1353 35 46 20 49 10 292 105 3 13 11942 12 487 59 189 814
internal_value=0.005698 -0.000399593 0.0166277 0.0604324 0.00207842 -0.0405202 0.0051289 0.00248904 0.00586255 -0.0509621 -0.0767157 -0.00982414 0.00126449 0.00919458 -0.0075645 -0.0409587 -0.106984 -0.292174 0.00346279 -0.0122039 0.0304053 0.00818097 -0.325408 0.0300614 -0.0175992 0.0127225 -0.00474579 0.0182261 0.00036387 0.0432346
internal_weight=47.8804 30.7342 17.1463 3.0233 30.2198 2.01942 28.2003 27.2645 25.6458 1.61861 1.37031 0.509612 24.1136 16.9767 9.48356 4.13259 1.66212 0.562689 2.47048 1.09943 7.49317 5.09101 0.313369 4.77764 7.13683 3.82984 3.1304 5.35097 3.85104 1.70583
internal_count=79867 79349 518 55 79344 25628 53716 53692 40851 12841 12826 12644 40820 4901 3920 1513 111 55 1402 56 981 912 295 617 35919 604 592 2407 2348 2159
is_linear=0
shrinkage=0.1


Tree=98
num_leaves=31
num_cat=0
split_feature=7 8 12 12 6 6 14 12 15 12 14 14 12 12 12 14 3 14 12 7 14 12 14 12 14 12 3 12 8 8
split_gain=0.274237 0.594402 0.521304 0.42261 0.91695 0.439678 0.542933 0.705977 1.9188 2.65546 3.56542 6.42622 1.64212 0.671321 0.932879 0.62176 0.474352 0.447437 0.400788 0.35882 0.340564 0.333406 0.714997 0.301736 0.562793 0.296897 0.293503 0.239473 0.670182 0.538845
threshold=0.12310606060606062 1.0000000180025095e-35 34.500000000000007 29.500000000000004 7.5000000000000009 6.5000000000000009 24.643985043267573 53.500000000000007 1.0000000180025095e-35 42.500000000000007 18.143056102308858 13.48939424335123 42.500000000000007 35.500000000000007 34.500000000000007 11.491671682886551 0.41206791995148578 10.782741243775057 25.500000000000004 0.18019480519480521 22.026795727505853 58.500000000000007 13.314060164286476 43.500000000000007 22.026795727505853 20.500000000000004 0.86319073083778985 1.0000000180025095e-35 0.85023364485981323 0.087167581257914753
decision_type=2 2 2 2 2 2 2 2 2 2 2 2 2 2 2 2 2 2 2 2 2 2 2 2 2 2 2 2 2 2
left_child=1 3 19 4 18 6 7 8 9 15 11 -11 13 14 -10 -5 -7 -9 25 -2 -18 -19 -23 -14 -25 -1 -4 -21 29 -29
right_child=2 -3 26 5 -6 16 -8 17 12 10 -12 -13 23 -15 -16 -17 20 21 -20 27 -22 22 -24 24 -26 -27 -28 28 -30 -31
leaf_value=0.093837630132275349 -0.11265940729552773 -0.1001230273475906 -0.097294649734732133 0.092606818680675176 -0.10874297438325312 -0.12213907203167039 0.064377293753859866 -0.10766956217956021 -0.11426776403192487 -0.10196026652235356 -0.14193235174073324 -1.3788982402758372 0.097282318167621951 -0.17220494451643331 0.099582978081994039 -0.11033212519688629 0.073608107855198557 0.049330332024242481 0.077772031531543745 -0.010261381423416795 -0.10675650055674457 -0.10422276925418504 0.011981965313324301 -0.11896242403700166 0.10019732004440014 -0.10871549180681955 0.081982543512668579 -0.14893585181414737 0.05256135850914994 0.0080997798462048628
leaf_weight=0.10786578750473255 0.24337387253571208 0.63375724286855728 0.097973511126675406 0.22231999563450194 0.37690728227857029 0.16138345649312702 0.76225097104907114 0.36071446876587732 0.52977562839125292 0.078872232925277785 0.27105182781815529 0.078771313363176887 0.94228551389232318 0.56481318039544703 0.3317116406731202 0.47041268738905279 1.2855192911597006 1.3906788143209814 1.8827682360940496 5.198277880638396 0.11396901067513554 0.64005170932819089 3.0652144172740776 0.21713145044088833 0.25452494621276855 0.2198736963379275 1.3445342742225339 0.22081807559107147 3.7065030444536182 20.888551268584926
leaf_count=44 3292 69694 677 95 301 99 8 209 103 47 2 5 12 69 21 102 471 31 268 291 7 151 54 58 1 224 36 4 109 3382
internal_value=0.00580756 -0.0053509 0.0110744 -0.00115919 0.0354249 -0.00922107 -0.0167982 -0.0233679 -0.0554995 -0.166256 -0.361866 -0.740021 -0.0117691 -0.087476 -0.0319255 -0.0452026 0.0401996 -3.95828e-05 0.0600065 0.00827443 0.0589199 0.00757896 -0.00809137 0.0645995 -0.000694926 -0.0420511 0.0698062 0.00925504 0.0133432 0.00645708
internal_weight=46.6627 14.9626 31.7 14.3289 2.58742 11.7415 10.1806 9.41833 3.96167 1.12143 0.428695 0.157644 2.84024 1.4263 0.861487 0.692733 1.56087 5.45666 2.21051 30.2575 1.39949 5.09594 3.70527 1.41394 0.471656 0.327739 1.44251 30.0142 24.8159 21.1094
internal_count=79867 72076 7791 2382 837 1545 968 960 515 251 54 52 264 193 124 197 577 445 536 7078 478 236 205 71 59 268 713 3786 3495 3386
is_linear=0
shrinkage=0.1


Tree=99
num_leaves=31
num_cat=0
split_feature=7 8 12 12 6 12 14 14 14 12 12 7 12 14 14 14 14 3 3 14 12 12 12 3 6 15 12 12 6 14
split_gain=0.235358 0.535477 0.465081 0.375035 0.80996 0.411749 2.17225 47.5432 0.442673 0.359188 0.34693 0.316914 0.299702 0.279546 0.482374 0.309152 0.744665 0.303396 0.307939 0.529339 0.371218 0.841551 0.265961 0.257865 0.212229 0.621358 0.81439 0.650573 0.48228 0.651062
threshold=0.12310606060606062 1.0000000180025095e-35 34.500000000000007 29.500000000000004 7.5000000000000009 53.500000000000007 18.143056102308858 15.501959961563546 11.395053019537224 75.500000000000014 25.500000000000004 0.18019480519480521 42.500000000000007 15.501959961563546 13.529702120382128 13.48939424335123 13.340766722023588 0.41206791995148578 0.41897974493623408 10.782741243775057 56.500000000000007 70.500000000000014 20.500000000000004 0.79772727272727284 5.5000000000000009 1.0000000180025095e-35 16.500000000000004 19.500000000000004 1.0000000180025095e-35 16.169535320418149
decision_type=2 2 2 2 2 2 2 2 2 2 2 2 2 2 2 2 2 2 2 2 2 2 2 2 2 2 2 2 2 2
left_child=1 3 11 4 10 6 7 8 -5 13 22 -2 -8 14 15 16 17 -7 -19 -20 -21 -22 -1 -4 25 26 -13 -28 29 -27
right_child=2 -3 23 5 -6 9 12 -9 -10 -11 -12 24 -14 -15 -16 -17 -18 18 19 20 21 -23 -24 -25 -26 28 27 -29 -30 -31
leaf_value=0.092592862518954197 -0.1113479421657686 -0.10011148476964829 -0.10236568343416289 0.052055331752051785 -0.10788376932398912 -0.11859361187905748 -0.022080510208558991 -4.8892234406477302 -0.10779469744517922 -0.10543282371740077 0.074760677675140427 0.04155689871140579 0.03419106234305571 0.063515870348413148 -0.11208066152467913 0.061310705545296655 -0.11122628750346111 0.1002900603707829 -0.10681932453591501 0.074185499990097062 -0.10306857065511942 0.061337079573406943 -0.1078349146869948 0.078880297926362808 -0.0069886047279571727 0.048527756862052226 -0.11172601073087447 0.026283018733895238 -0.049434149221451257 -0.0084938485813782546
leaf_weight=0.09884884072413247 0.22267450506074737 0.57351002410967389 0.083705128328958822 0.25638865473885619 0.34361717090729449 0.15737830532032226 2.5407400848477826 0.020889723451489317 0.53422090470070049 0.2683327172818365 1.768762507570742 9.1886414905825973 1.5083903541451489 0.92072893682336587 0.33643142865447995 0.99711409676820029 0.5294858461638795 0.44870061646406645 0.33459792632334062 0.98203655966833059 0.5359604055878433 0.74292824108488276 0.2004914871448964 1.2617141617711791 6.8943506931419156 2.6889300253518584 0.66812991214052309 0.69884400074682351 1.8391817572970275 7.8422757634833111
leaf_count=44 3292 69694 651 490 301 57 46 37 281 280 268 313 9 12 17 3 16 7 159 22 84 25 224 62 1769 229 17 37 1231 190
internal_value=0.00526266 -0.00546978 0.0100836 -0.00145693 0.0342892 -0.00921355 -0.0310457 -0.180375 -0.0559566 0.0077553 0.0579113 0.00750769 -0.00111811 0.0128297 0.00361516 0.0118474 -0.00137142 0.0167966 0.0237959 0.0105719 0.0279449 -0.00756252 -0.0416492 0.0676041 0.00839521 0.0130215 0.0308435 -0.0411711 -0.00218601 0.00606546
internal_weight=45.488 14.0996 31.3884 13.526 2.41172 11.1143 4.86063 0.811499 0.79061 6.2537 2.0681 30.043 4.04913 5.98536 5.06463 4.7282 3.73109 3.2016 3.04422 2.59552 2.26093 1.27889 0.29934 1.34542 29.8204 22.926 10.5556 1.36697 12.3704 10.5312
internal_count=79867 72076 7791 2382 837 1545 863 808 771 682 536 7078 55 402 390 373 370 354 297 290 131 109 268 713 3786 2017 367 54 1650 419
is_linear=0
shrinkage=0.1


end of trees

feature_importances:
block_score=558
addr_jaccard=543
addr_len_diff=515
addr_lev_ratio=328
name_token_sort_ratio=218
name_len_diff=162
name_lev_ratio=158
name_jaro_winkler=125
name_common_tokens=103
name_jaccard=92
is_source2=74
addr_house_match=62
addr_locality_match=47
addr_pin_match=15

parameters:
[boosting: gbdt]
[objective: binary]
[metric: binary_logloss]
[tree_learner: serial]
[device_type: cpu]
[data_sample_strategy: bagging]
[data: ]
[valid: ]
[num_iterations: 100]
[learning_rate: 0.1]
[num_leaves: 31]
[num_threads: 0]
[seed: 0]
[deterministic: 0]
[force_col_wise: 0]
[force_row_wise: 0]
[histogram_pool_size: -1]
[max_depth: -1]
[min_data_in_leaf: 20]
[min_sum_hessian_in_leaf: 0.001]
[bagging_fraction: 1]
[pos_bagging_fraction: 1]
[neg_bagging_fraction: 1]
[bagging_freq: 0]
[bagging_seed: 3]
[bagging_by_query: 0]
[feature_fraction: 1]
[feature_fraction_bynode: 1]
[feature_fraction_seed: 2]
[extra_trees: 0]
[extra_seed: 6]
[early_stopping_round: 0]
[early_stopping_min_delta: 0]
[first_metric_only: 0]
[max_delta_step: 0]
[lambda_l1: 0]
[lambda_l2: 0]
[linear_lambda: 0]
[min_gain_to_split: 0]
[drop_rate: 0.1]
[max_drop: 50]
[skip_drop: 0.5]
[xgboost_dart_mode: 0]
[uniform_drop: 0]
[drop_seed: 4]
[top_rate: 0.2]
[other_rate: 0.1]
[min_data_per_group: 100]
[max_cat_threshold: 32]
[cat_l2: 10]
[cat_smooth: 10]
[max_cat_to_onehot: 4]
[top_k: 20]
[monotone_constraints: ]
[monotone_constraints_method: basic]
[monotone_penalty: 0]
[feature_contri: ]
[forcedsplits_filename: ]
[refit_decay_rate: 0.9]
[cegb_tradeoff: 1]
[cegb_penalty_split: 0]
[cegb_penalty_feature_lazy: ]
[cegb_penalty_feature_coupled: ]
[path_smooth: 0]
[interaction_constraints: ]
[verbosity: -1]
[saved_feature_importance_type: 0]
[use_quantized_grad: 0]
[num_grad_quant_bins: 4]
[quant_train_renew_leaf: 0]
[stochastic_rounding: 1]
[linear_tree: 0]
[max_bin: 255]
[max_bin_by_feature: ]
[min_data_in_bin: 3]
[bin_construct_sample_cnt: 200000]
[data_random_seed: 1]
[is_enable_sparse: 1]
[enable_bundle: 1]
[use_missing: 1]
[zero_as_missing: 0]
[feature_pre_filter: 1]
[pre_partition: 0]
[two_round: 0]
[header: 0]
[label_column: ]
[weight_column: ]
[group_column: ]
[ignore_column: ]
[categorical_feature: ]
[forcedbins_filename: ]
[precise_float_parser: 0]
[parser_config_file: ]
[objective_seed: 5]
[num_class: 1]
[is_unbalance: 0]
[scale_pos_weight: 129.502]
[sigmoid: 1]
[boost_from_average: 1]
[reg_sqrt: 0]
[alpha: 0.9]
[fair_c: 1]
[poisson_max_delta_step: 0.7]
[tweedie_variance_power: 1.5]
[lambdarank_truncation_level: 30]
[lambdarank_norm: 1]
[label_gain: ]
[lambdarank_position_bias_regularization: 0]
[eval_at: ]
[multi_error_top_k: 1]
[auc_mu_weights: ]
[num_machines: 1]
[local_listen_port: 12400]
[time_out: 120]
[machine_list_filename: ]
[machines: ]
[gpu_platform_id: -1]
[gpu_device_id: -1]
[gpu_device_id_list: ]
[gpu_use_dp: 0]
[num_gpu: 1]

end of parameters

pandas_categorical:[]
